Ch_1,Ch_2,Ch_3,Ch_4,Ch_5,Ch_6,Ch_7,Ch_8,Ch_9,Ch_10,Ch_11,Ch_12,Ch_13,Ch_14,Ch_15,Ch_16,Ch_17,Ch_18,Ch_19,Ch_20,Ch_21,Ch_22,Ch_23,Ch_24,Ch_25,Ch_26,Ch_27,Ch_28,Ch_29,Ch_30,Ch_31,Ch_32
0.22733268255371947,11.902392299209112,17.83656295610013,27.120548413780877,20.090064878905302,24.71553076004509,4.411903413820759,21.950270834156626,15.998240668704636,24.17792622428101,21.878224065997813,19.991390772678667,21.219725222170542,16.69259326464236,8.3940238495565,10.962745627307598,13.824473001648151,13.349845947920214,16.58493441499362,10.8539838017616,14.305340025682272,9.211619280589213,17.699103985016777,31.82462720932261,19.28030657058268,9.857111650636869,13.504612043329912,13.047411182819502,19.368114894408954,20.603902597054685,11.11986514752969,11.217769287513326
24.09936210682152,43.049552170650266,21.016620993571273,17.628701065185343,30.967695737143597,29.637515711614583,30.81550204331817,31.522671953963762,30.61560656851686,31.647044566621066,34.338265969002784,28.091131395020717,33.471855608447356,25.67458408500578,28.222103931260868,30.677109270940882,29.4939422897351,23.112419691073995,28.698219780109714,27.649756107064395,29.82869745768868,34.42768878218983,26.6329030010839,27.680661264174066,37.69284188976617,20.029871947619775,28.076849050326707,35.07652151456635,29.50914040198468,27.321250748591137,30.715309494827608,26.106773322328937
27.07387948955894,28.633382912248145,3.5655941033747496,5.49539382760488,13.234459293438265,15.79734633819363,30.464809629386195,17.280200341384035,14.972590467289873,19.90810671215465,14.027565059132073,11.529769142759315,26.578300654061316,11.752988633104955,32.64277675519015,21.158437117780934,23.836815705967066,17.466893694487414,20.281922763525255,16.484308076417147,15.561319961803893,23.457308217072054,18.854734341749506,8.866028943091285,23.646161412306174,22.862433868645347,24.57704752027704,18.88290464957635,14.440638072650167,16.67937781201386,12.313100919785505,17.72248238991125
6.344874406647585,1.0122197796195782,-8.087499014088715,-13.82713661921898,-8.93949188265728,-0.6320314855355303,9.209697664605631,-1.5326181269655546,-6.440531899279626,-6.330577145747958,-3.6860718698208235,4.71221807026521,-0.4475069883215365,2.305493818393217,6.279244498324203,0.1824349974444323,11.40152192256777,3.3975471734558176,0.1502046443728007,1.2354637869554517,-10.218030234440466,1.661824565330994,3.929952872539383,0.6488384606522701,-0.8140996789840328,1.8388499505103513,0.3087039664332508,4.579045478947805,-2.187641955435575,-2.5277279987497856,0.7256761057091845,5.3172047273725855
-5.364358865812773,-7.808883800410474,-4.407353382105969,-9.946119222427745,-7.330325599129882,-10.72559096657534,-5.412815165403644,-13.113066924371834,-3.4618211888533015,-15.321605292634922,-8.200695419836745,-7.77028285323521,-7.897357616391396,-15.483592619080282,-5.767718879177856,-10.567261668293723,-12.721508578718089,-15.03876101599015,-4.927763706377536,-7.610626842739402,-14.149486485683376,-15.830999268494018,-6.742761576114483,-5.066024648023832,-10.72420202157871,-18.235920780735043,-12.637525611635317,-13.172525657064057,-11.473913113274964,2.5514796606010286,-13.13270024747951,-6.539682769854574
-5.841988546578442,-1.3491804475085176,4.8582224940071725,11.025189769536786,6.242137425075631,-2.4273786370174855,-5.695463042357733,-0.9952339417532867,1.2362970415513572,-5.923267024295739,-6.250765047237746,12.302769407741813,-5.1248007449794315,1.125024879039348,-7.682903024973804,-6.347252358232288,-9.427669375509014,3.1261501621295418,-6.171897499751491,-4.231364013061434,-6.66206895295552,-6.67024820588207,-1.723406393388808,11.277466566624195,3.80040127213567,-2.6146931852877326,-12.896851272186936,4.536268595274254,1.1648327457918484,7.549367767856796,5.9915646893,4.2968909816466825
13.905033252316375,25.00279211957838,25.889145417092692,31.626364223522963,20.296741807119197,25.51620090137795,3.4159087796930905,24.44496824554184,26.82856290080571,15.484697126085118,19.019687617312837,26.116112465365543,12.992457671289165,16.67804933398503,3.8680731194914437,18.956613427360356,16.747113221621532,25.020432774320348,21.132568896485008,20.679762991009614,18.336263432057887,19.76532689493646,10.262898257112354,17.39652829629691,17.652029337762887,13.14422093099552,18.625271389545613,13.267952720373419,25.131498038123556,24.983569282439642,20.669349898417032,16.550034043854602
15.951886047664045,27.28501811716282,20.474099396284828,25.16151462953286,24.983366881631518,14.173398884282586,22.66604294282917,18.49512960972711,11.40668614080149,18.129890948570797,28.111179907496116,18.171636349308084,21.976065968804658,12.10559215113344,18.044456525713727,23.346761331870518,20.14389005597406,32.346659744639496,27.51147666117494,29.183071554326105,21.931578093108616,27.709158191134417,20.321375621321078,18.17036645665916,23.957095415507595,11.80338900231976,17.93684372811715,22.764766212312907,22.29466093089862,8.833096540533868,18.95943479278702,26.47778659800188
22.327453918972143,2.3208705777722107,1.9714743091040905,-9.612916893166075,3.2245108326298606,-0.21566166948073645,10.665519823257787,-7.899053920061102,8.144048564837616,0.07845002978398005,-2.045347426110984,-1.058463389796195,12.369154390507672,9.909292207068551,14.135134387768437,-1.3571611988383452,-3.972750374429014,14.646377137741029,16.051855832166122,2.1654434884287705,-4.294435565795012,11.000223071644635,10.564180297180854,0.46034903070440114,7.993125222980684,7.5078220717655215,6.8125010962434915,-0.5827524002102232,5.636183041596437,-5.6810916829503855,-4.4038843438279995,2.5839003480130853
-16.43308755887642,-28.106233506670442,-21.734594459417636,-34.9045650347805,-21.10278580354755,-30.31861853099604,-12.362031362532331,-18.014731530842102,-18.904945131862693,-17.553063016403044,-22.441786974977457,-24.978011031111397,-15.751180272800585,-22.624453079850106,-11.29232561152432,-16.95810542582505,-23.15339922653773,-8.26495400835254,-30.364920899933928,-13.05794052734966,-22.707881389537544,-17.245170575895088,-16.036249686644712,-22.517862075485898,-25.10685015933225,-20.92530056156028,-23.906699362301897,-25.434625265607433,-22.562212644609694,-24.53040237096988,-17.961896025307446,-15.25837161980075
-30.29234114668987,-25.570578729080346,-16.29808345489441,-21.563184069657943,-19.12760353762699,-30.31471209040265,-28.448837556895,-26.048205578219335,-22.168372121918427,-24.28511188429234,-33.851465367175614,-26.06615595012165,-21.644272797836567,-18.867869534170662,-23.583082897054652,-30.05769664004289,-31.9033059346983,-25.203075715580972,-26.906407612640404,-25.5925073278392,-26.058225667851225,-22.85771496869949,-18.41235636696044,-13.666758261448145,-23.473467781087674,-27.949534459897716,-22.899020807822215,-20.112473468223257,-22.22867275796279,-15.324434194869456,-19.45505990962873,-27.105708348131976
-18.483129595114963,-8.118031770632221,-4.423038435488798,5.369810611773219,1.5414629210411992,-1.4005649385597767,-16.309683579765466,-12.416967992643073,-5.604373457263256,-17.459630923559125,-13.473888063720146,-5.978151481354032,-10.571505163650949,-6.286502867381807,-22.52955011819912,-10.24381947870497,-13.365962636090643,-10.562707579669008,-2.6176770770904616,-10.894776682675548,-8.04934695819821,-14.203859608953893,-16.157833761302044,2.504166819790074,-13.023469061934138,-16.10999341861781,-16.948532513820986,-15.581098659811879,0.6352693922496635,0.15138496950774954,-11.248536757123732,-7.254826903030805
5.849140570626961,2.288089059235299,12.971340794162467,22.457533091115117,11.571151647588824,14.01580106190281,5.586025336076708,13.054838106075186,10.934426787241128,11.927027874628834,13.916441720125823,3.3763142478353463,14.086707408548326,9.533195744711197,2.8271826501391093,6.547204387735079,6.535691206647469,7.163352365580392,17.04576473304709,5.8418491748105295,11.205970923315892,5.801153658523116,4.479502510667254,20.015652276926538,15.09297274047035,11.674729258253475,4.384125721212213,7.340269851352944,21.246283773410017,13.76097799761661,11.000885981838463,20.550235371647915
12.758023444898562,18.754072886289514,11.092823195921303,9.147889436111067,12.606247015449208,15.834556799016408,21.79006156845891,11.819731499006284,17.780055319750478,14.174062180242963,2.7431538736178385,6.557586551800958,14.139582765020752,14.040340635001987,12.388804250942803,9.720828994411953,18.83433421049442,16.40280520947296,9.67784625171724,15.465438688555883,12.95976596598475,15.691282479629724,18.29417180661064,12.053287740735287,12.868290850780616,19.46762979726705,19.91299368013721,7.605115042520025,7.932357761014609,8.953604245118312,17.836474707799308,8.267640021848583
1.9026577200828094,2.737321897113101,-4.002663965048979,-20.53228547691659,-10.944049168809844,-0.06743855208955263,7.409946563770685,-10.827083320908262,-2.4021080797293775,6.281533178389362,-2.6847932821789344,-6.191176481559922,-7.39972427911108,1.5715664104686229,8.94922271061376,0.0057927866071516565,5.672573595093391,-3.4829886061072464,-0.23235940009252443,3.9616487793362176,-8.195058769518633,-1.478078516512169,0.8728553378475699,-15.018742915256485,-10.109796253873874,-1.5403456126752362,5.500664539768806,-1.811100576275737,-10.996916554585926,-12.482122493435126,-1.1944291192692988,5.091721966837559
-20.052543784315887,-26.233216915348812,-19.538175471582537,-27.190183748033878,-28.27641408594027,-20.76840717395062,-17.746058217960744,-20.008714264397838,-23.95986270681221,-16.843476487847315,-33.244626407269486,-22.21746424769096,-14.581832205115093,-17.52191007768782,-8.35514872301858,-16.592560633404997,-16.972783569430927,-20.93771069489043,-24.90814233093508,-10.141509936009097,-17.22298250405604,-17.25798253274462,-21.475779412959263,-31.91077805431822,-21.180465264738842,-19.73830755237368,-12.778426895462825,-19.890503376321153,-22.9382320706546,-19.479013438308648,-18.371396036271136,-15.397638709264305
-24.062810934309557,-39.97510042882271,-17.76420483415593,-13.835803851488809,-19.677401406816944,-22.48250619981089,-32.44267941799952,-26.280236334396044,-20.186173510587004,-22.51353184703107,-17.781527233192126,-23.195854554907363,-18.85298834759615,-28.199489233757664,-14.153071128503274,-26.466076972971326,-22.11433736258017,-20.85862237554253,-21.081028841445715,-31.366745359716106,-9.658778484484282,-22.590683837645273,-14.818510250098601,-3.6566526131822137,-18.289365623947937,-20.11095602852731,-24.137650573216376,-20.925173853441503,-18.321866769538953,-20.211639226754496,-25.796735445868098,-21.94636148941663
-12.382407445227875,-4.970800790178153,-0.5228205747842778,12.499082204373952,12.81809444184032,-3.377189563727212,-15.779101049835006,15.346377482661111,4.619032161465651,-2.358440698908163,5.64301965181498,5.438034481808509,-0.08128085133937465,-2.170289734590416,-17.798874998561047,4.653907897424376,-4.892914526888447,-2.022352670611988,-5.832133062610851,-5.013331336057297,7.134648075790351,-11.215108673555479,-2.8845663393501084,5.4438878640412005,3.1543445199852025,-5.301994397804412,-3.696220618679737,3.3655133565541497,1.5629290710331807,5.55436371869181,-5.8015783886144945,0.2778489151129211
14.033471101172939,22.566610039307243,13.334739260061635,19.707670026702367,15.609585818662422,13.826447287435206,10.052226237998259,17.85127898856736,20.821626702619696,10.277964057578817,26.132576297218197,11.474262309842938,17.524173418174488,24.64791989348866,22.588152313073,17.836017847302006,6.92169537438199,18.192443775808194,21.223515984485257,16.46593123156689,17.55092314217514,10.793773578741439,12.182422971095123,16.18019426736398,14.864110195573911,15.739801498053298,9.77935814265313,23.221299409088832,27.307642566938284,17.515208678635894,24.93512450148624,10.053405490588098
22.530384425996292,18.411310702886887,8.138498742694953,7.794322018106604,9.411410899722512,20.64073120443401,21.224022972349164,16.948427861328483,17.566686116632233,19.24989783364068,22.629933955992968,7.364841324792122,12.491627200669521,8.307430402573306,20.923518533500612,15.642158135107739,25.249782001311026,13.0773697396716,14.039522974942878,16.974886855606155,11.787903030708677,22.228416292258835,16.08189157057899,7.4827209699396615,16.612027706728167,19.14075916792605,13.093600560241823,14.549002862687518,13.148771846319335,4.5402245112289075,20.11246614542796,7.764382798610173
2.698740864732584,-1.8842101766531614,-18.96464545388588,-14.560320126936125,-8.792266292930234,-13.56718982697407,4.521335501325255,-6.8080590902169185,-7.96929528649226,1.9780801262896628,-1.1016752784302843,-13.940893311610761,3.6395844489619886,-6.460153832170314,-0.05228830608797669,-4.118126169520241,7.293589460915259,-2.557035551669801,-14.86515134630059,0.07763855766807465,-10.696134908027952,0.5415203474912057,-3.387014798098957,-10.897468079819905,-12.585614714082778,9.107379957628849,2.370669292446033,-1.590713569174069,-18.389352189815643,-13.847209982262271,-7.603034878926894,-15.22359364970467
-16.586123738440214,-23.58574765295685,-20.470726329054504,-19.251744922676867,-25.018580006272135,-20.95340888569899,-7.630543644621949,-20.227570123764334,-27.262866463040794,-17.795802919027135,-15.09097386178524,-25.082377493171908,-10.696224045744481,-20.186864390640864,-14.74463547228819,-23.5695285007151,-17.295719001401213,-20.22027111989712,-24.194822794872287,-22.99779706239225,-28.66018250284689,-23.807161274292056,-26.652486025085427,-21.103551056909815,-23.593652499776105,-13.191467179448823,-25.089295685229647,-23.56936859076837,-18.15560946060194,-30.186594778952156,-26.10846191110731,-22.150826946456682
-19.363563946307504,-19.333642335611515,-11.507142527368906,-1.7435118417662887,-9.378829314851572,-9.512404715618196,-15.512430464804702,-15.194806992286647,-8.94030034302016,-9.968047678185924,-9.035050597813523,-6.749377063603732,-14.219176274983257,-19.150231886299085,-24.60746190953322,-21.84406397582068,-17.823949536433204,-18.410496581644043,-4.745050310309264,-16.378502804520874,-11.99871111659151,-17.18342183005959,-20.167320640270223,-11.088539656236453,-10.800444295830568,-20.473948407369058,-16.238796390524953,-15.437934887614615,-5.573517189759411,-5.366230948625133,-15.613866962902401,-17.843599345258248
3.5383004956084347,7.622618919095595,10.389216772882792,8.015871475772844,23.49002522249029,14.419515650728222,1.71953779670916,6.500547662773062,3.2676637746046904,14.091404952860405,17.08572052251331,4.653765613398541,17.45565305199272,14.015227510638637,-2.153237419352159,1.8824966726246872,-1.1852176770256415,4.471582792652956,10.449606522753848,-1.789861428440008,19.59469348904647,1.8540563265379295,7.233806409617118,13.393207215848115,18.607900747623958,2.271083635830271,-0.8167607565688423,15.7615506426634,4.299694389179177,16.564189225050946,-1.862242952597982,9.81028416584988
20.177791151278647,29.854259950984353,20.893560393332294,26.67274679470697,19.558273764678887,27.04120713952647,17.57382926690952,25.873267996932643,25.339869507184197,25.919493043455226,27.956064251520903,28.20600225405049,19.622562816783656,26.989477947363746,24.66401291231028,29.351278816524864,34.253648228660275,19.64433364390389,21.702825858781253,22.33383910656047,30.935264123121165,22.90582651344038,24.03699880815057,18.041452480377977,23.094134515082814,17.073171244028348,29.48227176438524,23.847665056991538,28.618648230972937,33.2283964178121,29.744811135327147,23.12449409018925
34.48535478714865,31.17603937349756,11.458082567259313,17.442758631077208,20.689900418931416,25.312438969587024,26.645548900050642,20.92454761736975,14.504069039952453,22.034763604492742,14.226492371197036,24.57677461973524,23.605125413865682,15.201137390302993,33.356411675183466,17.11115636533082,26.366429034541504,20.5319689184186,16.48408210213285,26.519246101008385,25.15662191985361,37.245694289726586,19.508189541880526,6.251275695477359,19.61370698942234,27.934608801892168,25.098926992788847,22.9529336404942,18.73829959480985,10.252463654425256,21.392423307455577,17.27683111162034
11.619971711759009,-4.3777741009855085,10.514563050421975,-17.415852067460804,-0.530546014092859,-0.24152859944483052,10.039389431390825,2.7829356988892457,3.4257189735091558,6.8671310106435834,-5.121474164183276,-6.329572532342296,-1.542984866016385,4.941744580366412,16.0196728856396,13.433888033742592,13.49570365500775,6.255457026848742,-0.9384109177665777,1.8176332147909504,-10.436998370039397,14.7658547745875,2.2296173834321458,-0.40423261124904797,2.227662835856242,8.469381771557563,0.390604153768391,-1.4381818794949777,-9.514833381175164,-1.2950622393153606,-0.6269384279428645,-1.6225335028561343
-9.624848550813404,-16.98580349571575,-8.518146794011846,-16.962043161183725,-3.345814434343147,-9.060200363073054,-14.475990058486298,-12.218964449972308,-10.404593273520991,-7.797047689414926,-9.019604345820238,-1.7904598686710842,-13.541581865921943,-11.76871981653765,-5.958774727345841,-7.611293256819476,-11.840275367785129,-11.601971065925563,-8.331634837324351,-4.552101228398976,-20.439733784863442,-8.577401250079701,-15.136911991885922,-13.423222400548722,-16.40275182960252,-11.160848569381942,-15.370512567168483,-16.81136689474773,-9.517442049080895,-13.97301195879914,-16.610010251984892,-4.582225976789676
1.621974055992015,-13.207551443828745,8.339210746201282,5.272712429736192,7.5181343499472,1.643973673211677,-9.008107883764177,-2.0632778858378,-0.3394395206136587,-0.5794465448276152,-6.674698438357608,1.0876592111977363,-2.61410839846042,-3.695580773600296,-11.23649318375453,-4.667379876633335,-14.525702882008268,-0.8894282261081925,-5.129607348052315,-5.2211959294357575,0.7215285663026207,-5.145157053497506,-6.694272078390911,4.429026556205282,-5.647798730048337,-10.76594972425029,-6.046678879484153,0.5246618162592992,-4.544669857004797,2.825367152564502,-0.7658779972511468,-6.535289971770623
10.429393332211859,9.918299860717413,34.09018741112761,31.86920580196223,31.431884066822224,10.12322349389125,8.575885952231845,17.819410259341204,16.560346041780896,11.82954833266755,12.621561769744039,17.455763226128898,7.405668769887141,16.076983523953356,6.228820228356357,11.340040659475001,5.259048914227008,13.085212311277337,17.527988062928213,13.450833540926265,18.63319609465334,15.626282013383753,11.528579273667185,18.239945835577824,18.540601137861213,9.686512673529677,4.03357259818816,12.385530260261682,24.421304795040736,25.430414269912887,18.64598947130641,21.926742357708005
37.24314520639127,23.047651185906684,26.50811215147593,24.68472472374392,15.964708734389204,21.71328998001915,23.49048769518176,24.13730606000485,25.85488350980553,21.04871804656607,24.75641855054643,20.30808694937551,30.933652041900736,26.898125870658244,21.61929092095592,22.26391523260898,15.428843723714214,21.689402646754477,22.002392176495952,23.127650467712073,12.993897716883222,27.528685893929108,12.27831140110768,24.1168522901811,12.026253627587664,19.07594443190475,22.968293715065073,25.289777791139443,15.781247500079342,23.464623942274407,22.403429007382627,28.83496182735188
14.729146938969143,15.286555452018685,16.10487445653711,-5.229411448504753,10.844172183449643,10.314934137624286,16.142715168743322,5.536415163103542,6.245490056170851,9.53066046625349,0.26558591845710344,7.781889098311999,1.9515146046700107,-0.2276731387588049,16.50658501080698,16.115734408321952,7.677213548506296,15.270840250240159,-1.2215116257452585,11.860806643765663,1.973429268163366,9.230450375046656,-0.07600966207195414,2.656793562864081,6.6263599201669034,12.19152157810338,10.232504211649182,14.724798196896593,0.2730395091203669,4.369456660804603,14.257342006618089,6.389758566698634
-15.499640601622383,-13.855136805370549,-16.666861798931226,-31.79522970400137,-19.69966596574667,-25.01585278060581,-2.5208437633813787,-16.77209051391087,-11.806494734852627,-17.051475790792104,-28.28439831873928,-20.524398562591067,-24.92959776375177,-19.712440260304284,-5.265999372255281,-15.074711705073863,-7.668802901412335,-5.782789360533663,-30.07448519799831,-12.725726747260698,-17.441916731445378,-12.552180610087976,-12.807995904360139,-28.803504301132122,-14.154324775305827,-13.56042336667839,-14.569895504260145,-11.845613104146054,-27.783584124700102,-23.020246452395583,-8.112781530796589,-12.057001514518529
-25.35523988653177,-37.611907855927306,-23.516922143099823,-34.25533287271722,-25.57999123572013,-30.255740067794072,-35.700678322133285,-32.95927575526291,-27.86772971319243,-29.300423025632256,-40.901054835879584,-27.202586935322433,-29.805785928491048,-25.047025954466655,-32.39904065975119,-29.15281317508019,-26.457730180646855,-25.63266714952282,-31.897365386408406,-27.89191664207673,-25.581834531672865,-37.67267092957626,-27.198068164529403,-32.90409246923785,-31.871747625710235,-29.71190185774646,-24.45174250576906,-48.28881349213571,-28.063139061632445,-27.612932983014517,-32.66433914912354,-21.213492429474588
-23.80894317391548,-23.17629805452687,-14.958906801714079,-5.904222586049573,-20.320638640833288,-22.020257957205693,-29.160020173738445,-18.38903026113717,-14.992562950012807,-17.122118671537354,-12.685763166517802,-20.68257660650235,-23.830569342945488,-16.771366351393826,-32.47672264321,-25.11199746239594,-27.113724308967637,-20.055468789653915,-12.970739679267691,-21.456560255009403,-14.068620561773349,-27.7219560011912,-23.56040397035813,-0.3920770927387013,-21.899414676533418,-27.11701182956906,-25.884518482460738,-21.51767200896152,-16.49634831235396,-14.665123871264415,-22.694032400563486,-23.314301615675134
-3.8491466335100224,7.2951561378775915,11.81451354346693,14.469742336314388,10.854401560635107,-0.01240943057546684,-14.75527311524253,-5.298765798629701,-3.4453308204444015,3.051555299406245,6.205214339296333,10.358889468061227,0.20584149643035057,3.3202862705797047,-14.022038440021557,3.8938181863838124,-3.607603378605881,4.96373838267268,2.8180997062534248,-8.854917877886045,7.516394802894632,-8.390970703070584,3.7892141498021377,11.027679118871477,11.500890465411123,-4.317256644361452,-4.168064090913534,-2.6080404310694876,10.609409245984898,7.487347381686176,4.226134344280553,5.07361963823478
11.881792138766755,18.357510777491683,6.379489956090018,11.032666153138408,15.519539065102263,11.341934053055024,9.775071876372381,6.008619991727596,4.341805404536314,9.713994323515013,13.416890507228075,9.604509207753877,13.522832968107384,15.239755946871707,15.546583896383837,10.773738655661626,7.859302877263893,12.957512504066058,13.956340774545183,10.476986798052863,10.099904511041029,15.050234507648184,17.21863163957686,13.33945698051273,16.447295330571595,2.436903132270051,12.261569132295866,16.761965485931082,11.101953356049222,6.659195687051059,8.87517213339447,17.29524051059223
3.780646208102227,11.35472399074129,-12.42222145097045,-10.17816584393766,-7.478921135095709,3.588700829619982,9.403393749410004,-0.3101023389047172,-2.243159902328306,1.4334080772528028,-5.219961549250091,-6.1285061449949625,-2.247962772346419,-2.320763375237037,7.217605674781532,-0.6758318851569866,-3.9541600540988444,0.20281126413705836,-3.602438952887134,6.229993289213014,-1.8221035124348497,3.5233520727978425,-1.50738422762793,-6.04105735981029,-8.412562495387219,1.1485808558954087,-2.9670677701143875,1.3676525282514025,-11.504944589140031,-15.328403455018265,-6.212615401527209,-7.675493529759552
-16.948631449381228,-14.389184985493099,-19.023176591257428,-35.1309322264162,-24.252962741809874,-18.22682373948033,-7.203028113735665,-19.602322172210684,-27.970136687577426,-20.62241444992499,-17.4745157159196,-22.367481727647554,-25.21674501472424,-14.453381604223559,-5.304156607688448,-17.642041389892704,-13.6012883312785,-20.359395488444097,-25.231538049035482,-8.35829870134246,-20.073361329774755,-21.94608420020661,-13.496937092507705,-20.1776022247887,-18.83640258394102,-12.012059511178295,-10.81601106537693,-24.139100504865368,-22.773645138312123,-19.95917523216157,-12.704872408632681,-19.368430461798003
-36.02910117050198,-24.70304838778374,-21.82583944218861,-15.683102395534046,-24.313173700283073,-19.492038628101167,-21.679796285938735,-11.047631385970599,-27.925736805437975,-19.539451505970263,-12.923279141446804,-23.129729487268367,-19.22242521363842,-18.058724501430646,-23.929430809127183,-19.557914451854256,-8.108605877612161,-16.200058410260148,-16.88863577166043,-16.449575250745585,-15.458401173860224,-20.418824529684336,-20.595770921440096,-17.974501010589528,-21.995631843003835,-19.551521887633548,-19.659279074834906,-21.379582930152154,-16.875894746773202,-20.03168725501435,-11.734208933449635,-31.370194889194806
-11.632734540053535,-9.116485942587131,-1.4832570979187032,4.052666699732784,-2.7613350495940745,-1.885649002246146,-15.153828915186011,8.851284347188825,0.1850775752023144,-4.886222518509893,6.691284742260797,-2.493483833100508,-5.2155373271383985,0.2684739624939056,-10.958935800319496,-0.37277227375565497,-0.22232427710375063,-9.054139806478721,-0.02292037573324704,-7.4113985330248715,5.848297940436307,-9.856347056072705,-6.103378911330809,3.6088029243749316,9.700019015234467,1.9146051477794748,-1.1365768163457581,1.165589469765973,1.3692021311350533,11.357602615352524,-6.614784555471958,-3.849098071011536
17.207576003129216,31.24753625722107,18.194464958323163,32.021186017179275,21.467579360748864,24.90421200213451,8.248734426672522,24.34072999914891,24.37841143409304,15.278377023829186,30.26460118273344,23.20158588920352,22.903293414826248,20.13516712752559,10.829643174379488,11.795803018024205,20.609096696743585,15.076154240762474,23.443403216835808,10.191430738318102,26.818496591295446,23.03496421510049,13.419754843837223,20.67980229751973,20.222254329020437,26.74361447511008,21.612620701876196,27.727734376419622,22.14853508997895,23.981001366707694,14.408556657360208,11.204249846358433
31.896001429773683,26.904029557555344,11.005927808534153,28.672115304396332,19.48322007759638,27.64237167167919,33.126804136532904,28.010238015867156,29.039502853440528,28.65739659491156,27.505084781119884,23.626761513905777,29.023299020857607,24.918486640339626,28.880975941387476,28.291484983374925,25.540959958825734,27.573844611644056,29.104354483973673,23.71679383808162,27.51077525190113,29.247382174671333,26.190812393964205,15.714054244983783,26.204977332431245,23.980870175960447,25.800429405525016,21.563292658989365,20.515888815915766,17.924682341830643,28.295768671377612,20.855283792258927
4.949044157897101,11.184349726548133,-6.539268404501634,4.587146569701217,-2.4656138109963255,7.887378627353582,13.424745140710904,8.230142883899651,7.690739680179214,7.369647333368298,8.983954359047639,13.092910660846792,10.745255765433619,3.138013619939197,16.86027639116191,12.037840468283637,10.56890763992364,4.5524159587155655,8.500095299801952,12.013024511194839,0.07440387403816515,17.841577554351986,9.922981035879733,-8.97160503267569,5.315671648920303,17.26265878181252,19.077488667550096,9.524371720153116,3.568921676122912,12.947941441158621,7.793773125664754,2.718507124401429
-6.618610642283992,-21.756685135541495,-17.164655859029445,-13.875697591109939,-12.271830680393188,-10.373545203332586,-2.85435618744951,-21.22214382573279,-16.578662630509996,-17.982010205222053,-13.781079082535951,-1.6976289660871706,-10.894369708476429,-10.826820419875677,-6.484001255148547,-12.210751972507268,-3.8368776114678957,-15.737910109891363,-5.051310875912118,-4.481469012510827,-18.895822836552085,1.8801732969447946,-5.304830621869866,-19.776984348636656,-14.760023261187937,-2.9158963969480944,-13.649370935775359,-6.095195551660117,-18.169563188455168,-8.247397933777117,-8.812852048690976,-14.654688603872378
-18.202043816666833,-11.766305091594148,-13.913676864133702,-3.7561714694884234,-12.39916507966276,-18.136148338029223,-11.41046216856939,-10.868071102225676,-14.405580466170044,-14.160809203577628,-15.888667907383805,-15.410375950318162,-8.892511252891012,-21.792204179359057,-13.124950153366253,-11.221391392927377,-13.08020011898715,-14.792735008262774,-6.6949785938335475,-9.672039023910374,-6.450900519678018,-14.924703085700813,-15.713233376881945,-4.277300154643383,-18.71966827322161,-8.513867953153895,-21.83941976179395,-21.23976741297148,-6.8122269743121215,-4.328884237044061,-9.785555871587945,-10.134774672095915
1.0275193059074743,5.584426800069264,5.303912474011002,27.96543554336208,4.338076856077406,9.493450554667985,-6.189967756233322,2.986294110389111,11.045993466272746,8.54909845597533,4.233859914370805,8.423942160450665,8.244335833857143,6.324058740174925,-0.6479581437598131,-5.192861979756749,-3.350770893021213,-0.15228114951964605,3.757621529095538,-4.127862787479627,5.524091014822167,0.18268900541080546,-0.9204539254769405,9.03602894145679,10.690542884451517,1.9196161307846118,1.9261906871845749,3.7099085755274683,5.918697236862304,20.497393393031082,3.0274690970630584,9.61425851563811
17.31492303939535,22.70623174193724,28.31019973119954,32.02545150660915,15.112221442087995,21.404097451217602,23.95781344293104,15.918668983487931,25.722338309992846,19.587927440080602,17.536184320748248,28.68730071893872,13.803719784475577,20.273512371715945,13.395432876330403,20.99919478146417,23.442395921776715,19.869714129299965,29.145131111528606,22.070808691421906,23.334266707903723,24.643388928200874,21.195171859677266,16.73521308774449,20.364249164280196,10.073369748625577,25.08988215438387,22.440526717159692,15.672829365830701,21.319878750151997,27.139539409188544,14.346668076895847
31.672391800256108,21.06984221208276,26.49867494871848,16.444579821175267,9.904036712855367,19.064388006022707,27.169072473625484,13.219813851246524,23.020351166648112,26.94952615840562,19.585284989040588,16.700832728415815,12.033299753392155,10.47280394779812,25.610821710670326,22.768564022563396,23.905766052863527,25.573911392759424,17.144003841041133,15.395804741709366,13.224269579443721,22.034974168356072,31.602045018123107,12.665494930075122,9.297459182335528,16.863237910811684,20.625418279777644,17.65268893058188,18.056952898517828,15.91569082150868,13.948363093450855,15.518622611299453
8.094791277541484,10.290503973301657,4.5873513481917545,-13.732051950871513,-4.4861888165008725,-2.333900653974928,10.896945717531505,-6.541514438871456,-7.222469979892412,1.5329974647301685,-0.6584861889559757,-0.8412145306958202,3.825429261840312,-8.334920527566641,12.161551688106062,1.7934886180685554,5.877794296023641,8.352407737046839,0.539444136288033,6.996725731768536,-4.577498104768167,4.006111210125805,6.5091139120496075,-9.88223724264494,-3.6995316343056923,-5.911411905420249,6.120091879600414,2.4292659720311542,2.596388285995607,-11.62542136517127,-0.09636091731754741,1.2708137090683
-15.922613326297594,-18.97024831160088,-4.954285683645411,-22.524105387145866,-17.64854325542251,-21.119608509675892,-13.454072144757438,-25.32235037897507,-18.684782580055433,-12.266220455896374,-22.295321288185917,-21.693831497937495,-11.456674743453856,-16.56972328808612,-8.830673621025307,-20.00120070720551,-13.770064150826647,-19.67726647228223,-21.127192542285513,-16.52818772776781,-21.729962927374117,-18.765600464889957,-14.776817127865367,-13.275702267995772,-15.147125397715588,-15.849021549752562,-14.318269754942506,-30.94657671559512,-24.204921045353682,-23.897846578692675,-10.570891176589836,-15.166276311909359
-11.21068119397305,-25.453510668956984,-6.274523340583563,-9.924817760765707,-15.77336408532625,-13.972179338136147,-21.47932074067701,-8.829102359156446,-12.469993759084856,-15.303467023438772,-9.936712611652416,-10.822559599879039,-13.614403038658967,-5.705994200481676,-26.482572119150095,-12.843476004650567,-19.03129355093496,-17.003017334573567,-17.664421611575154,-13.133597878146004,-14.084160682146514,-14.624772746244648,-7.378475441302761,-0.3566686318013963,-14.652973641974656,-17.55098355068274,-12.045356530591912,-8.222445093693068,-4.986078942080214,-9.07789238495426,-9.48414385819184,-4.649641709321099
-1.4770043108211512,2.6855115537353784,18.37225474427661,15.605773028809045,17.09453754349097,9.15462167757346,-3.4065688069891467,7.594450968637524,6.3436840930386875,1.5047933733431462,1.2456069986781486,7.13253928541674,-0.10495817776269262,0.6346941193486655,-2.554636961057231,-7.8684141070101985,-1.920923195080325,-0.9632933909805358,14.769126019033843,-1.275184942914457,12.129222992362612,-5.1336517197759,7.098732542993043,20.808619194309728,13.04373150600793,-10.187443213498359,0.7524302557068667,-4.4313929483740715,9.573668422114848,14.652143955801579,12.832490826570886,17.567065760525306
26.592546810700355,21.243366480026637,30.67425536647723,31.08366453110535,30.968768730710416,19.558972715176154,19.360490313991892,21.835309975191425,15.066020250022692,19.931182226066028,14.434425007566452,23.984012009826433,21.337282801464692,28.82215772405557,15.735986525182192,23.028503802016996,14.999568967478783,15.66908428285456,21.93416139370876,25.106080235756497,12.73331330275131,19.27697850020973,14.853093859679518,22.175902126717745,26.779666171856377,18.121226675842294,20.184804393953307,24.352476926741616,25.422039033841045,15.679232334831465,21.468551059359125,30.040399702261233
22.344274096798852,10.74836223002968,13.48632034984305,5.81743445107638,-1.5429911887558256,6.128673610515449,18.945992270105393,3.5436102784927397,16.053591832572124,6.282045578534938,4.627919585555899,9.432715808146138,15.80546472867422,15.382963701944247,18.888884474818997,23.630669745697478,14.724924837303305,15.59700908390303,13.933144179710132,23.48702121364311,15.436840845004646,18.886419410016636,19.02630605519225,17.5973203553154,12.439725387221582,24.195292113589318,17.035510815045164,17.13414289321549,12.163076603848292,7.949093520276672,18.913883196095163,11.382393111126406
-1.0627271227288864,-16.27994526265874,-12.434372153152303,-28.516158120950948,-11.99382336581578,-17.048119569800743,-3.0878753720058483,-14.467201124697805,-6.3100940580310665,-10.216583629855457,-22.81335541731242,-24.56337375938283,-10.332055853725375,-13.35244786290594,1.3740817802106917,-10.407249751411289,-12.754357409831945,0.17777327950642963,-16.265990232778126,-4.884016693452092,-13.738762262444851,-0.08995220701452963,-5.123413586363997,-19.382340936690678,-13.594508967854551,-4.0216720402167265,-5.117587610375561,-13.8805284501568,-17.33251703997124,-21.896468267945124,-8.824306974792798,-12.902246510216974
-28.918487948381493,-28.32485254259408,-36.50761598739965,-37.09364255830002,-29.568037599113822,-32.80299066274123,-24.944619066621524,-36.003858222617886,-25.814376107410045,-32.74834901393641,-25.47377991447903,-24.90925668159403,-25.821380666469448,-30.86328942517308,-24.775323836299858,-27.02681561780233,-23.839520621591422,-26.046376284351425,-29.763914838303343,-14.859436411456993,-29.47704717129295,-20.557575181674252,-24.930847733479776,-19.869925933655157,-22.72510257246059,-27.441100156581623,-34.1707105743492,-24.405747850446318,-18.005978382665212,-26.36675077826857,-19.353143295714627,-21.88129164203091
-22.175360850773195,-27.668069493829183,-17.97451405763381,-11.608000409075082,-8.389828327700004,-22.479343540133623,-23.52293911993116,-22.6799983885778,-26.540820116668584,-30.640250101588062,-24.83682717858373,-13.835228005846812,-14.798878896742623,-16.241543268340838,-30.540276401869114,-21.31428714605005,-26.819627912148665,-21.732041489906916,-18.638899613426595,-20.566584899774302,-21.085533918948947,-36.46989421542169,-15.325704287698912,-14.357285723751165,-19.232535198289362,-24.78247788195735,-26.731075072477196,-18.571463667887027,-10.38074147051537,-14.465338587098131,-13.247098795923296,-19.209543436784386
-6.321077646172556,1.4874807518346957,6.775690570137388,12.22068571118474,5.160632395805708,0.11001779305026682,-13.342739533749386,6.7702047633764835,6.357844873269302,-8.237103088791857,-5.9024276304687495,4.252739669512524,-6.4397565685750795,1.0262236138358278,-13.148666970261239,-6.382724959065828,-2.4723781781863154,2.2522829502411916,7.680662591822143,-12.692076626257528,8.171789718813955,2.926910154515585,-4.592330530885321,5.888593153380657,-1.5448279079032854,2.4513909653569037,-8.277071097208985,4.345202362746059,3.272957503059103,5.415162745053448,-1.4986571270698155,0.8072992456062665
9.799164770873936,16.264054302961657,6.217544005570039,11.80470274431275,10.387642373068944,10.82204693704282,11.39590025589259,9.663678482856653,13.027856184027023,12.624176768331115,17.57928890235749,8.133197193120724,18.453804403961566,8.158780638477506,16.341719723441784,6.635253671905765,13.227924716869119,7.231209165134496,13.30843864684791,0.5715383706711957,0.17715866303065264,10.503061240918296,8.700053835291165,5.6054342165320525,13.113238946627153,16.036005727619678,19.503003233787982,15.474332158330748,16.772574328489117,7.916649120192998,18.07764837685134,4.824565988144387
5.0834977761491,7.9590461824359915,-2.368624914821373,-4.555465756240599,-2.9736230495207026,-4.9209155219614935,18.227210767623525,-2.0210790482249283,5.778569182478476,5.5883860735885165,3.6499644644412963,-1.3312072471685399,9.828902756130104,-3.0296593635207443,16.5386645681129,2.8299468631443383,6.730150651345114,3.8558691095487574,-1.6682679647912244,11.855886761236706,5.502507741040694,7.169097940865117,5.823773870729663,-15.391426656121649,3.5883472082653993,7.969314731487054,9.168425788925829,9.413825028805933,2.027137941652693,0.3058295283513249,2.990713865112988,-0.45382030803568385
-14.322062752045316,-9.40634504859328,-28.38761468329126,-30.842954343858786,-14.049069364850016,-12.442727634839697,-8.07063305777496,-13.293668588287247,-25.251403667439053,-6.145211934894259,-20.288292069305744,-15.711009706009257,-13.310514281707981,-17.366129398964873,-8.097479543404623,-7.806490854705545,-12.968298647627538,-7.052308967173745,-15.93436027980924,-6.751310641395236,-15.791696704260513,-9.233905041323592,-9.810856688801618,-20.452380605155202,-18.380361770811284,-12.768378076363385,-8.195517490628813,-20.916745500600875,-18.6499342772031,-22.449338909349954,-20.685038693044394,-15.706191497462196
-30.016831703290837,-28.016229624877642,-26.283785935465346,-27.668403953170987,-19.371455515928293,-28.100557065182674,-24.145714876499024,-13.981486525836784,-22.02878201370051,-19.091563492938796,-11.609536279775275,-23.27651144351271,-24.58954486877726,-21.52679387992383,-18.587851341549886,-23.127663332854084,-21.684434528067268,-28.083860051749607,-27.801320896903164,-26.45861493728769,-22.54147311297364,-28.269151764070703,-21.065542507819142,-19.024213702087515,-12.753997021569232,-24.00900134971169,-16.67207591000795,-21.36085117821807,-35.32301225086701,-15.243256008809364,-30.574268017380838,-21.676517216402225
-19.2977232744356,-9.631281048116866,-5.66798662532353,-1.1294976630208244,2.3868932584274063,-10.582163504498428,-15.066535299450265,-3.704566158207339,-7.957162675092587,-0.31325322840563413,-8.188686747366562,-1.2319460089052976,-16.66335105677467,-3.6015823573020236,-7.327695192632309,-6.239596415581679,-8.097089727489003,-8.516271250997773,-1.4716380407309304,-11.13673620440047,-8.214375673794796,-14.523143348151839,-4.9441252362791435,2.180693004549143,-4.2815271732137745,-7.376527885758123,-10.6638000721827,-13.269674886727687,0.08903206861282625,0.9828883545431957,-11.474416633351998,-17.46782266594683
12.373480066364452,26.550538663454727,20.151788671833472,21.88025021242232,18.790569785432567,24.067600103558682,10.261139715092005,22.026408784845145,10.189939397746825,19.43254571239162,19.709868928980203,23.94462930343039,14.534326149240439,19.235676912647584,10.571303641989815,18.97202967528246,19.985014171074358,18.54271072460562,27.841279012263737,15.089582040018062,23.66696182568226,13.486575275356198,12.29761682505705,26.956473457589844,27.028738426954177,16.3723121924097,18.316357264591325,20.126842011024184,17.400565813934584,21.400134290353343,17.01368989838691,14.824760514580497
28.076465055484288,35.45147463758897,32.07737813995077,29.691208427513313,31.139234497373607,35.518712875858526,21.107341907157082,32.87135176969271,28.367639480500735,33.15962509039338,29.26345139399867,35.61670686577102,29.102261772574348,37.14900374403935,34.04047906873215,37.15018958909893,30.02162888698937,36.77743309054493,22.74754431109746,33.31278751072082,31.81641984369966,39.31825673943395,28.42605423785354,31.264568294228624,27.661189836569786,38.27396776497239,33.21444926924872,31.601699903631093,23.7040378947425,31.53919482706813,20.95380800554548,26.856217892581295
22.141940262449225,24.282026802338965,10.740640041863267,-2.0673066173317367,17.91558298276278,16.848752348732962,21.013685184237833,22.19016046152553,8.49454295239311,28.1576996067108,19.60145907500166,4.269082811053965,24.899176730918644,15.03164899914636,21.75756700297241,17.535289336990665,20.895904635000868,20.534222516575753,20.026007853704787,28.22981570125323,13.976916661743939,26.28895139095342,24.382826712135834,9.453069590957641,9.503742351591594,22.694392127164317,12.943702118540774,21.07183856482548,19.514128363845767,4.889683201656355,9.771507927496359,16.24689690570742
6.136422115811918,-3.5937079480608904,-0.799901096734039,-11.553326012199559,-11.61299690541667,-5.633917095702169,10.182759192577537,-6.088777851994313,-7.839004016708853,-0.8355510204289105,-4.456629568551712,-3.7821845998595722,-7.913260874850238,-0.8921273337585094,3.516817403198206,-2.2205816423631317,-2.6337767700879304,-0.30315738498822487,-13.195346651798124,3.9808386707150083,-3.792794922230785,-1.5347281709255212,-1.0705439790733666,-10.569089942349414,0.16791663741109714,-3.304818804885623,-2.04400620812082,-3.6606915476454462,-7.195064748716069,-3.0266781251691834,-5.891776777766708,-7.010169279218171
-12.276419933044538,-17.090683289428615,-9.019240628589584,-4.597916367540551,-12.991291500135404,-2.9206886146770747,-6.346945288237339,-12.013547664469193,-13.49160479124137,-13.870039544165166,2.7294657028545055,-9.808777888398549,-7.665846091842143,-4.547284940877115,-15.850886832185427,-8.666499506691652,-10.006416215193743,-3.6793448340184636,-7.7022970239683035,-9.88155344195705,-5.894704776405787,-11.981307439622306,-12.512954426921848,-7.329795415193372,-6.27702543478268,-18.596762025101718,-4.959520043687253,-20.46142964143919,-10.607945950198763,-3.8478250198016717,-6.779767794239014,-3.13805837099694
-2.6587840684997737,5.052261386627337,9.080425540505269,13.673456871081994,3.48613819620974,4.248989244503858,-4.195473094415076,7.591754821922408,8.49981634351501,-11.39582510973976,4.840403661954139,2.0078376545263295,8.544517318317629,1.410065602705395,-9.653763608835538,5.425693984350709,-4.0677297769242635,6.356444762034515,4.037102157509334,-5.417275140269141,-2.604308761023768,1.8241798223384262,2.367502330409868,16.05762610412755,2.5130096071261554,-6.63107187817299,-5.574616009939409,4.2008867175013815,10.31953245892068,18.424633355373743,6.763731219482686,2.252783960622256
16.9215803783367,19.389662817975175,21.941958917715898,33.07599551668105,30.809682026198228,14.133430292343066,16.60549987936889,20.96516806990215,20.35857789833666,16.63397667926406,17.816188697313052,24.491145514405577,18.778264436392806,16.357441434092937,2.231711361235492,18.33328914132508,6.690153105499668,18.213983196309087,24.13245687405434,14.008145347867133,15.73102731849518,15.682488379335211,20.15194474336526,20.173394762042413,17.401300655877318,8.515369771075198,13.722608433213106,19.549215015354246,26.856253801294976,24.923485872881123,26.909963837296694,22.830113760631853
29.674881011961048,26.85025081323146,18.765079468902773,14.588185272798865,27.15097230312626,15.500333149856104,25.193196598812083,13.194315325391402,16.110449214232617,15.507904063096689,19.53958749261442,16.907578694535434,17.837339809356067,15.083445891355096,29.05371326356835,26.337607724842442,19.231039392327112,25.840893835935436,16.511976592590603,18.42141924879305,13.257997970459773,24.40187303164212,22.21102826567924,17.941964983788605,21.633010333698326,16.910525926957806,21.357880219010294,29.35269133560797,22.13204176905597,17.506122458727756,27.61396584031613,17.330171316026806
15.637311632967432,4.864749788591674,-6.549015493249743,-16.963200844280205,-6.773371947360523,-4.038663837536928,13.662596540274293,-0.4526598262402609,-0.4232431342142132,-3.418438873074131,-12.666121081524647,-6.731569247071635,-6.955656134295769,-0.718259439188874,1.6937355045619302,1.2862286221036976,-0.5787174183500884,4.750647295843163,-5.309702293941669,-0.2211229273799109,-15.356904069251595,11.167820129280843,7.126384359380555,-15.073887732331796,0.5339137007828278,1.7505892995983154,1.324297116157485,0.35216362880568475,-4.6433612869339616,-8.979302996294882,9.131269584236966,3.275254481272125
-16.211642123068316,-18.130316091201454,-9.638746039910902,-27.576487108457492,-29.89146200565987,-24.56314662934975,-14.447386180673236,-24.055277154285893,-24.13611216385581,-18.797443888086637,-27.798038700067284,-18.393546380660332,-17.41150833097186,-28.547834056230094,-23.365754852106598,-19.51389007264551,-16.919149100640457,-17.429410930198053,-23.77160603905465,-11.618512260999106,-29.7218386018321,-25.300556851111725,-10.214444400838577,-23.087101961805033,-15.463369181733952,-18.947831672835125,-20.954743497071963,-21.850553804793574,-20.512062416769744,-31.705628436777204,-23.52901527464874,-17.106268170065192
-24.38570631495105,-41.86391857567839,-18.100018228406228,-23.748255927599764,-19.569711075041727,-27.884073768382144,-26.492872076345748,-33.05834124744038,-23.82980294350604,-33.4290471757465,-23.802941181454138,-23.94654056121389,-25.561986725900958,-24.315542302009312,-32.90756660602356,-27.47014771023666,-26.112035261067945,-18.22153476027436,-25.424303193448768,-30.70666015351591,-28.005080088017458,-23.035704917460254,-19.103295491783364,-24.90717951735239,-24.0439444774888,-23.579271783893905,-29.324384863145152,-25.916703877335266,-29.72331251588135,-22.30215107801479,-19.35620233753365,-16.142531660244934
-13.222487810050035,-12.64681478145027,-0.11660522929267315,-2.5904628827853236,4.414463718469996,-2.0668120904904663,-17.27775912796256,-7.84976923095916,0.8034894338874508,-6.950906657737737,-8.107118220758366,-8.457058480073119,-16.939931617775734,-5.353609508378207,-17.627603413893755,-16.300164857406042,-12.846237271784958,-7.946734506600251,-4.898101601995909,-19.18655855649182,-5.523131202334502,-7.541033505615905,-10.437266160986255,10.579726436857136,-7.225796494179557,-14.505530684220608,-6.770392368067181,-11.804433988070622,-4.161711220440869,8.264910095608498,-8.442042516820571,-1.0962696442197524
6.0035335184421,16.56232493370276,9.993266779489073,15.938940920674298,11.036239610322367,13.313698992577395,7.68392381569274,11.784232784728806,8.147245071851385,12.050770003088076,10.850993408877908,14.048645045129538,12.772790586000992,12.855535451171537,5.360812438669557,11.81130849587364,6.737992186595772,8.540212134796597,6.754624098080837,6.076113227884474,12.14614957957258,9.363631222113343,2.319123233862026,22.143405522500498,12.350614041271015,10.424981805676797,10.443909998418272,11.50446212560468,6.930092636881373,19.85483173927411,5.511337351577312,5.032845193162453
9.561822964524936,18.332821688037857,16.382341031835434,8.309731447724465,9.475774097351291,18.944200671077272,17.888815671384116,15.137873785797629,12.339239775527727,2.5815934211268434,13.614257557924946,12.447415620094176,14.733408275696231,12.215978393186607,16.469191556946715,16.85192739675699,11.586004161665178,18.13382424277863,14.608851483919553,11.856292072751481,5.8633857933183995,17.06283898322315,22.23887327461286,7.196361161632613,10.324055436049484,13.631749348131317,19.255179016727876,15.257710879386615,4.973484011916447,15.183698927285441,12.562654666808765,12.229565593993506
0.9368556915130252,-4.5665375034869395,-11.686193136550159,-20.615665765696882,-7.973299936373173,-4.767049364634945,14.978283302879293,-7.650315625997706,-4.300933148879812,-1.4711519361408938,-10.649886168348301,-5.892367487765637,-8.814031628377512,-6.64385090183166,-2.582475078202101,-0.8089974468213499,3.2106833220411777,3.848869249072519,-16.96522041962905,-3.118905877933194,1.580913095855137,-1.743197436044831,12.820901633170106,-13.105884331021201,-5.985481129585849,-15.988912891119856,-1.0829880837450516,-1.162252430503171,-11.595722261910359,-16.47896097777443,-8.911932288871018,-9.715714328211979
-19.535418413750765,-26.411852277531747,-22.55892534740364,-34.09471625016998,-27.789364442085944,-25.614933382822038,-20.18418986565343,-31.10609007594592,-26.112698331751226,-16.286388569171095,-24.242979458736816,-28.58103801867062,-22.48475363137226,-22.03775186274716,-19.055731067203478,-25.08021259942492,-21.033088246606162,-23.10513124547579,-23.84935289880207,-18.253039920928323,-17.94900295584854,-14.525344414439727,-16.22113069145588,-20.635297439162517,-16.86011646957933,-15.441079875518891,-21.260248970670613,-11.699648456286816,-20.758271606346668,-29.207956804121338,-21.450333220935104,-22.18387933548538
-25.069463407677233,-26.666139308783627,-21.623620310901735,-2.554982169622777,-2.749548521320868,-17.00997754035869,-22.49295475760604,-6.58680359608418,-14.866890050035948,-23.302157060370405,-18.561348528842615,-10.257993216446671,-18.29212158683435,-17.107047928900023,-20.61496193897588,-24.402340208463073,-21.19287045488199,-19.880160309433098,-12.968598446287272,-16.930623383700624,-12.345336530243905,-23.220086799323052,-17.43946689944972,-6.4862917603217,-14.606073542425474,-24.096495968646163,-34.602810197435126,-6.68162415015529,-16.214935355625904,-5.607885510047764,-24.424214134632514,-23.884898078934583
-8.806122476330287,-4.41199514742898,4.0146231117057924,15.546425630876527,16.905607854470375,-3.74276568559939,-7.724622326163731,-3.603373089118139,-0.20528101994377476,-4.041983548049774,7.729845257802268,7.614958133518246,0.41101065893201066,0.8858911467991553,-13.969016621097701,11.365335319476088,4.649462465704754,2.653340760716615,0.00011606512629949717,-6.263974265418616,11.351561368333881,-16.789853320945166,5.246662124443362,12.7108933218991,7.139788715155336,-1.1435240589147142,-8.83349957829457,-0.7682145187139473,6.90525155190956,5.910185523823633,3.157915936067495,3.2673310094791206
6.058211525732672,25.064803428949887,14.628760449273592,27.205568448120488,14.860391586485225,21.671529325349944,17.73925798450357,18.26644674142567,23.281255385058365,7.201929217505885,24.716170955716276,20.813181006762456,15.178821644866618,18.17141544196463,4.684665907695704,28.869280106770056,15.228173567856226,14.063262637943584,20.149547767159234,17.724170330997126,22.459871110322148,13.113509727891081,17.967665534071905,17.7341915672974,17.06782488782068,25.633515070499683,15.414141270975385,19.969768429757732,11.511395193487084,23.757011444080927,12.952465268328533,15.4613146716986
18.880993761250853,19.151411674703034,6.524936289690933,10.455297497860531,0.6672920942878744,4.551438157675954,21.743027555889547,16.51530895707257,11.100250096230969,10.533485505275475,13.191988912396162,6.813379485192498,17.148565542368733,15.92127600409118,25.18639890373504,7.917253679170847,18.812334667667233,13.012141690774474,6.045992499735614,10.503266578849555,22.248010066320663,23.515649160857052,17.549006074611867,10.595256030076616,18.21036411793824,24.78597703288235,12.668723459253698,20.27869982495142,12.30569085551711,8.456168280219226,15.306560961062694,7.258158055892236
-4.041347426550863,-5.855113107530195,-18.05606892134818,-21.078459927561394,-9.550609100906728,-7.66725098728045,1.8936405150037214,-8.870719093906,-5.694696134349414,-7.0397900839468806,-13.649972203388987,-18.558285687450525,-4.030681439101304,-10.22313935225331,7.215171605725854,-6.265959175577059,-1.5861290196799593,-10.661375882804668,-20.91487850608046,-6.988365382446127,-6.893057689515541,0.23023061788196242,-0.4349674792893435,-13.831774999518645,-5.525402455897288,9.803915729395834,-4.11059086753666,-8.823592544326909,-10.837818795252987,-18.216999037865875,-13.70487066498384,-11.954868727709275
-19.49425860275488,-32.62224859881533,-26.588943571458465,-22.92784204524444,-28.86044850220372,-18.975650163514025,-16.202981001397635,-16.328752869917114,-21.55172437804531,-19.567176190409388,-24.931938853362773,-22.72848600776686,-16.053578111421874,-24.067865963727005,-17.489830923966995,-19.349670768031334,-9.99763093511765,-19.8452761885415,-27.845744507953466,-19.185242676358477,-19.264289293366172,-16.280452799668723,-22.402743589327706,-23.110138818498644,-18.03229744586214,-15.736092394465011,-21.48844385912287,-25.585794714257638,-23.240255388276392,-25.663355583320488,-29.679353553386655,-24.362799522509523
-17.169094240270205,-17.74165728540583,-14.256765192379437,-5.046033285211423,-15.788734125704206,-12.126048581089655,-14.92529970001601,-11.8223160648369,-6.466153945541202,-11.61382946413575,-9.615680370475182,-15.677988962903415,-15.035149406588618,-2.509439516395645,-19.554354445058117,-17.634210017334823,-7.052406087325491,-8.39191169823602,-2.164023416425303,-17.500364516124172,-7.837760257918488,-20.300313959714277,-13.0197440411141,4.143269241962429,-13.660640980787448,-10.591763066348111,-20.463717718640446,-13.507252928223492,-15.33071507093244,1.8961736441363999,-19.09896968317999,-15.106952430019767
-3.887323066093339,14.102853230885541,8.941165589797428,20.09117714440615,8.44062031355372,28.94133423871818,12.470406390003344,19.570590172626048,12.200957690081369,13.207975740530893,14.365390918414075,18.044961148421617,17.469124369023675,15.190307887430839,-0.2981491741620066,10.878756277073387,2.1973973175732198,6.124819194879188,8.432275306239083,4.340828492213447,17.35365348718749,5.453489416357163,16.15875768813837,25.98326717345528,14.269713571492387,2.7548295752620304,10.841831846391614,5.979384286346446,20.49245031967936,11.56447906291065,14.414534465584005,12.057997799785847
21.171532309969372,38.48663560789668,34.73339361675048,28.194175167522573,26.303574187082088,24.073837895990152,27.960826417742506,23.323331502514556,34.918749110298705,20.739041320483175,28.49566964999872,26.864895136526147,26.20739065247785,26.59644212044665,19.7136694384884,28.498245423387186,31.973041352848114,19.46767013800163,25.777508167472124,19.329702220808105,27.74908856982089,26.736346626888203,25.276955509561542,35.465655826969666,24.513714997953823,22.75414820046885,35.64069155917265,32.62475951761474,26.11059114826182,24.066732195177853,18.493386541796674,22.261017123309788
17.09952916998572,28.536591975841,14.942493681333236,13.521946295708695,14.267034420097392,16.95742815999602,22.435301627165305,6.564881835679433,16.876583160964707,14.577877547390205,14.273294907200276,17.201613719393364,27.74483212119673,20.465132875884283,24.209396730543517,23.657954345389523,26.350167877764445,24.40034333424049,20.59440694320133,27.260957265208305,18.350826521462732,26.370897400981566,13.002480451628301,10.434180033363996,18.412840675047917,22.295367194679585,20.065014793353917,25.157480791481575,13.430499991515664,18.54964903404329,19.68318578650986,15.269910836197276
7.892739988738329,10.923031191543727,-7.77848452338839,-5.945712959061081,-0.2928968779420803,0.5704180281058969,-2.190298559521539,-1.966779781713059,-0.36296458162810047,6.231400571324886,-11.538135370119353,1.882417604651063,-6.705363597019844,3.1077747211221145,10.596908211353334,-1.2475172343237986,0.21342960089106994,8.393184942142248,7.5112954405352514,12.538999039247305,-4.973240811752696,21.655662170099603,3.129461772928136,-10.443377220139544,-9.359311873804193,-3.409768752368922,10.40283319887709,-15.120061271838614,-1.541804747130683,-10.730066112727489,-0.07177701405811442,4.854746958299405
-7.370976002203714,-9.077350796811427,-0.16790722316505524,-8.357526823332668,-9.146124566943143,-14.74187227658754,-10.288564282055123,-12.36781293730386,-7.001413938248852,-5.956246932083414,-8.024486749429897,-22.16294132848831,-14.701173353152132,-11.879134492063406,-7.1760503947065,-9.95597297322334,-7.492204183758386,-13.02879021649507,-5.038139894680992,-10.891086816680122,-13.596072737285652,-5.021709808909853,-10.930591119571517,-6.926026620440626,-11.823391259281395,-14.815536437227497,-15.421168506131702,-15.328878573996368,-9.33387629200206,-8.228912832771762,-9.468116299125708,-12.50331844052493
0.9409726964061088,4.474608731021055,9.920670437231138,3.1589536087826966,4.7099783139661735,-5.224411266302899,-11.190122343906708,-5.529590359185622,0.8428047493688876,-0.3585013705416232,-6.859891629264961,-0.022695573943796246,-4.456704719502304,7.382709771058845,-10.988422881160991,0.1917904426465314,-12.258231970439702,-7.466034220092964,8.695579612607268,-5.748357378933726,0.7479051580759982,2.923575552211239,-8.600590340725832,3.925601455804923,-4.677586656219727,-4.799589619409398,-1.7326335634109535,-1.9583979658232302,-1.0589302332018404,8.278719097041982,5.988102271436172,1.2497704979076971
12.040280423469373,11.25786429628052,22.62519988208048,25.321755982561356,26.061386486219718,28.1470552116309,1.3648525616318619,22.245788687694958,23.779587639843076,12.808123880152461,22.047090279826623,15.973868627071141,15.937011671799054,18.04356787295486,2.06603888128582,16.02553797736604,16.527350986229425,18.801220089486566,12.426806536194368,10.691593033857119,15.7036490469977,14.307579478275676,15.364787983664066,28.759292670053902,13.098959087623022,4.843012489143821,11.373217528753132,7.21824000779825,25.28941874774692,14.345132264130944,16.788049947783865,12.78095833918654
25.914151323894327,31.351837985855305,33.4464156649827,19.7120269018632,24.44901564523642,23.949672325619705,17.05015543672028,25.92495228394575,23.24350391268878,15.263113479827728,24.47772605866094,23.131580179054215,19.503556011803653,16.845141722656535,14.836820497411733,18.180186263264332,18.12355586038682,25.19137050261962,17.230183174431325,24.591018234471157,24.570818799511137,21.378410030798598,18.44669119431198,17.417637043162255,30.55603466921362,16.417215483298047,14.906321471190315,17.675963757188818,28.541363347604097,27.357528078187805,30.992856425959022,20.6677603541798
17.152310733515698,1.928240469408379,5.197460162894175,2.8078547188674525,-3.533041624848974,3.0153955506086243,11.686497455349734,-0.9378996633729076,3.9290299372964763,1.4835764381461278,-3.359126571898452,-0.851243893751302,9.216053226894173,-2.3558500808585365,18.070545358880363,4.349904582687525,5.08018782941949,16.206082722523593,-2.3207591866000428,17.304528521249118,-3.9228521905252705,16.396729877437966,8.430769935804953,-6.699655450598593,5.330461814867828,12.207490167386661,9.80217527291031,13.035582528180738,7.030964797457144,0.25335834560881965,11.29809205098199,7.60931244254619
-4.421428499792685,-19.677829362716956,-20.588601225503844,-27.8158552406427,-24.508369937275692,-24.978406216415927,-9.784919190372502,-18.810207412343466,-19.778320629330032,-20.521459168148482,-23.70608432205333,-16.501588184228904,-8.532908246395946,-22.900291629098838,-4.981300790558028,-11.16240657159187,-16.616705379793107,-16.475843171981506,-22.048975447401858,-6.445405707619968,-24.67658918932002,-13.904491683853843,-14.997756714442948,-32.47463638840904,-24.739448896393498,-17.781305654382344,-18.808005760376535,-19.981505936825375,-26.06373666649614,-17.584462480700424,-7.397667839979083,-23.939962343549922
-36.037376388125665,-35.76938243346804,-27.91105657385337,-35.2897902933796,-30.629381391299514,-28.980486605041335,-32.668772902400015,-31.505588654617252,-30.055158395259642,-30.225336359385633,-28.366945045308203,-24.094386739646218,-38.354888241587794,-31.93760843080022,-30.978128218542963,-33.10185068993868,-21.65672253298579,-27.32890951233179,-31.260225192842576,-28.177039780604286,-21.103318565103404,-31.456218842955895,-24.855106905051144,-25.73751565488454,-31.98491284130913,-34.2213650303306,-39.563086214385606,-27.124135459516026,-19.149400367301848,-19.81822861384051,-24.187905625454842,-26.75682106394535
-23.652440855305688,-20.42537788782076,-14.330114907892316,-14.970849120106886,-1.6113928721617055,-20.02977780040307,-26.873809124523135,-17.747970688834684,-13.000001773039848,-24.578013446069363,-8.549871842969964,-8.502380968079674,-15.702849429088854,-21.48462560220636,-23.627390979552658,-19.813698810426416,-14.775740166327154,-30.15663599994022,-16.597237480398835,-27.03406449876368,-7.412090092532453,-22.019610454056266,-16.358736906460834,-4.332386217629225,-11.487866370476759,-26.458123925690604,-18.463056832577546,-21.804658503989465,-10.504269964884367,-7.650811045745334,-9.978273130572406,-17.106712013044717
-0.5548120458310639,5.883186190976691,0.9826040385845625,6.171701904928859,9.504304840218506,-5.316233241107713,-10.681790473872967,4.652755937037487,2.9670400890475306,-0.12804603931405034,9.693708570240437,3.9001079458603196,-2.94153741762981,5.709090870011436,-12.328496197527178,11.428731936885491,7.408591767894589,5.681336824842404,12.000831744287414,-8.450382633430978,11.046181985268207,-0.3567923132512493,-1.843003585734321,16.905449730599496,-7.346082387570469,0.7946158195227955,-10.726074775632286,5.7949729817903615,-2.828687798134723,4.158180190226434,-1.8623064459813663,10.701775091118797
15.109970412681482,17.613437973724697,11.699059097835944,8.83318040559304,3.0152929140750553,11.193611817227197,3.893108866199178,5.592575133955872,12.529463760008827,17.900903799178426,15.247659704450115,12.698601036642183,13.894569158632542,17.89981714884872,9.993914119590617,9.667716186463629,9.790059970687917,10.421801526502154,8.433124408026414,9.564741867200151,5.001496656564725,4.327881975247353,4.876907686602659,5.619470766913805,8.0681254708253,12.277756242519132,10.026985633756539,12.630087370656222,7.105267623102557,7.477267212103115,12.843913306946531,3.409884511824149
8.519995834637538,3.5836909364798877,-10.30275782217073,-20.90912480073141,-17.44458915168807,-5.593937509864413,7.224868352927509,-2.8037865582393353,-0.8013138781349807,-2.753765202378529,-7.166981886798519,-12.263476403002421,-10.291858222359801,-9.444017740004037,10.251562816258321,-1.6349808971644246,5.161522486691545,-10.724816716652585,-10.879124988280797,0.4915694248786811,2.140203102372231,2.663667797480952,-2.9124509250928283,-15.679924005401448,-5.89712732090858,15.647039698607497,0.46895718214754345,-8.343033653957965,-4.151542651403208,-6.1687246257589585,-4.004198489709728,-7.386641051016676
-14.961385780368438,-14.929634663454502,-25.12219606059886,-26.26134016614133,-28.540309636665356,-23.161894711439057,-22.442826279525335,-22.66259126725943,-24.10582123027693,-10.87180099200956,-23.405851747024737,-23.56993017024151,-8.788010529593468,-16.81602501853172,-6.940045467617912,-23.941123126211302,-19.470082326514,-26.02351229351705,-17.581101408669404,-13.649534035535158,-16.718719214464354,-19.37154285345813,-14.71985513915018,-29.487390998302093,-15.507744720441671,-21.212136675713797,-18.041649693313715,-16.61593912555532,-23.28964204184429,-29.79074537531262,-19.209866247216638,-16.180181915361924
-23.844984238144093,-24.02067991956209,-14.394420403826668,-28.919958770738393,-23.952152686191045,-13.89198775318215,-23.503067376253043,-19.502490178180537,-19.437214320759335,-18.383934606827196,-20.188476944031258,-11.736361025865438,-10.694818034417644,-15.075944336772455,-20.462770249214543,-19.34195759691923,-15.063925537811684,-23.66147667185455,-17.363975951688076,-21.400571241165945,-12.387632391741828,-37.61426736016547,-17.702217141474794,-14.226442262487389,-18.92090281833189,-16.96677447342705,-20.114308922279502,-21.07631597354899,-21.817954645299313,-17.36548425304452,-22.97672821821748,-25.187957686898468
-13.812988089636903,-0.20315808910176958,1.130395874125215,10.851566189431077,8.846961709398158,-8.993599841686434,-15.138491014436305,11.805763129021722,4.984502262163883,-7.69175900797019,0.5165517360588325,0.5220894180637675,4.031583922658676,1.2787601940389637,-13.040426161889204,-0.30114528611078384,2.6895487358688728,-11.306067428608802,10.064440782881082,-12.739445460439525,10.569280814806543,-1.4169466246240963,-0.5937242505036827,9.08921152261746,1.1953471580864214,-1.940013258801561,-5.106689021775836,6.923417270677724,8.306637909028547,7.717867628442196,-0.3124793820195507,8.610885770260657
8.630975735927521,21.174270112702214,11.906451607580205,30.75550136922405,28.26979450787874,30.71122282011588,18.024034786962144,26.935135050239023,25.384375538961677,25.60944534520989,25.822659734683292,27.546715227418353,21.666118255263072,27.281068669092257,9.152054816043016,32.859516510124735,24.123098244240904,26.48356986200967,23.625087207887336,22.792998766288324,26.8748449386965,16.367998950222027,21.66869360912407,32.816764230950945,11.171772292323773,26.68254613096222,19.732194009273513,18.936616536175144,28.375057879796664,30.19201290085551,31.61077696384932,16.23273403715533
21.49209228653715,32.14087915072549,8.29987753343844,21.006010784397805,17.036985068358028,28.004233740262997,29.739214383062368,25.04006480867612,16.602883033832956,26.504530436018868,32.41715253138576,21.487734874062447,22.323891558632354,20.56068839391503,30.5235011607782,26.1841254796544,34.631002420020344,22.123375629335097,24.101353531617317,25.315017077646864,25.559848388786847,34.47582800557743,17.298290900461026,19.143844387042115,23.797114448029696,34.63917755863865,23.869949480720024,23.774987554392723,20.24563309178751,16.103053961685426,19.5281601084169,25.53247249236901
7.698743429176316,6.743517411664264,-10.247414867196868,-10.611582189533573,0.611552350301335,4.735341862689983,6.132824904277551,0.3484509733574509,5.088592175720219,6.324896372750928,3.559130942350239,6.46879438615667,13.960346967799712,1.925654368390354,25.073714254621258,8.220542233825306,3.7508567441595266,6.240859145416554,0.6119466188223933,9.462939524098392,-1.2371674744157481,19.664633518390644,11.955314212277417,-1.8946407829984826,8.059736463584498,18.161248717883662,12.617349858751625,7.83377435425837,-0.440744814759783,-8.244068223034354,6.030098071331012,3.633573557248815
-18.740887010621435,-8.890902846722462,-15.300915963252006,-16.605457376060357,-19.711678933538145,-14.960848636028032,0.18314647537482492,-18.921109002956985,-12.465579588931453,-12.465293785434136,-8.705528879094533,-14.896422973607951,-14.185775328204869,-21.351815528201406,0.06433637044362589,-8.246618934915112,-8.108031722678357,-16.828700703587952,-19.574067086360046,-2.536307435857508,-13.079794358450846,-9.735754264733176,-14.768636542231457,-22.977425794414742,-12.420451476730106,-5.893241470382422,-10.578449103420601,-10.421130761119665,-15.642789142991719,-17.12902729466929,-15.803164549801023,-17.91818815228021
-16.568594370137543,-27.46637034089683,-8.925871590556461,-1.6510138691377971,-13.198425633696814,-17.2844038923025,-20.84501144934924,-6.435389273844028,-1.3508829186941425,-11.387050440520007,-5.242799802922449,-2.805523291283281,-8.829150851896122,-11.16881449903865,-17.695051216546222,-21.282457095337303,-9.096218161096322,-18.028121718928155,-8.414547888576465,-15.532984129986508,-15.165677381971076,-16.588001718485813,-12.865567212520151,-10.707344378000798,-15.870306489294718,-8.311526885291276,-15.979965579638645,-15.873644942521569,-6.058498116787616,-5.874227017665432,-19.480338447626714,-22.979488092163848
2.409833903800226,1.3292314868615667,3.5840204553655703,14.873831914174568,7.691390165501228,3.4587667642005573,-3.629010723966275,7.528314028899654,10.094540855121044,3.6234468436622014,10.65848662552418,8.518325007126371,7.844305451055512,5.766788106020687,2.685924390958108,2.879842295103707,7.637939591922205,10.801008896136254,6.81170516835051,1.2090366844498912,9.579794055518866,-3.6990771520555423,6.059739621263781,20.665257819662358,4.352969450053479,7.2987462808273,3.716296421498061,6.3003573186895,15.956942044074612,13.713843028203762,13.08711795447173,7.557807910641111
18.83977640579219,19.439924549533163,20.73779542067617,28.226870853897093,26.534626227515925,27.543591261889453,20.330719364509516,23.066236878025414,24.88166109564381,14.423102619789665,15.764168583139247,22.150941441274586,18.57036902829076,29.844848335686454,23.15892898344446,25.215896304335033,18.834131144624486,12.077994960472425,30.69676725269417,16.231635376096413,16.929045010789974,16.04580890887042,23.614099625365203,25.437008909679847,26.915356219298864,20.47849069095308,26.50143013648211,28.17617982599635,29.28767525652199,24.744731420325742,30.382270653955274,18.952743565190083
19.797201100910392,29.15106316903359,13.48270216663105,12.93597247519571,22.87047411696625,18.459332871042026,28.304285138446435,9.373081804988017,9.422231829240632,21.845794522650074,15.364971040069097,15.12776496933935,16.528325229932715,21.317519026308002,23.103713399435676,25.006029244980045,13.150021193616631,22.741109319258268,18.56293479124859,13.216339226374377,14.934272702399236,18.79271933681703,17.74495441194124,10.26227030415181,12.478902539953781,7.810764747982211,21.759086581682144,22.861399185493127,14.61492867025728,7.548195771628935,22.68176088087124,17.025837574869378
4.159879460694491,6.208650815619978,-3.299792447854069,-9.980791518461492,-4.691820534073451,-10.9053008304691,10.833389459870782,-12.567018246930472,-1.9054750510758338,-0.3214390959828588,-7.859724951113502,0.5880936381780216,-0.8417192567794065,-3.0976149678663614,8.9762857728333,2.8193341213418206,-4.973049680201867,2.0492845500619357,-1.3846241472696748,16.63499051640209,-13.831216371754099,-2.688712597441012,-3.1237556629107917,-9.362897018493756,-2.8167449053939544,-8.22603510347525,7.746758871262273,6.811397513507993,-7.580109647722984,-10.359673049644787,-2.453368863633364,2.600140338404934
-13.867031243042712,-20.93300521867703,-23.167444382337386,-20.578920975672883,-17.348367970578273,-26.323137010338606,-11.43520839591698,-21.256124436391907,-16.49277680643,-11.280076826849376,-19.290767297853517,-17.017657083490462,-22.358541224279016,-17.092277801472594,-9.150471434891644,-22.038716697127413,-18.484150635600077,-15.412563875580187,-28.3443273314173,-14.962240458879025,-29.220850977319376,-18.996040392897456,-13.654578168889072,-15.021468164948292,-19.801079265748804,-18.28484779739716,-20.471450758455934,-28.321729135248543,-21.101382210739065,-16.38568757597039,-14.369645783320962,-12.849050462734041
-14.669607002023051,-21.333315604541003,-5.063380428655868,-9.927823774256723,-8.642079065859726,-16.802665579616836,-18.789938326478158,-7.099039798125327,-10.377002482679387,-7.681443739712145,-14.989059995207397,-19.038135481033805,-16.973332637893122,-15.020141338416074,-25.01949510091702,-15.033608883074397,-17.063247461975706,-9.662812211481045,-3.7556978872017193,-17.20737051495191,-6.232828240622878,-17.45194695365864,-7.54657193931902,-1.2683581152717724,-13.24261806326061,-19.18158066565368,-17.10741927773936,-15.339016735171558,-15.142612043535058,-8.516262066400477,-11.330956474971337,-5.75360604262601
3.3225009557241956,6.848169206837529,14.136433518038729,31.779611026610766,17.801103636757926,13.784201834202525,-3.185438124756832,8.945397358854956,17.586859749558922,8.932116702489777,8.045339129657386,5.524545377647026,6.006622564073538,15.669332904096725,-7.0427182204671706,7.720396098262302,5.441711486002888,8.39131141041637,14.016754317831088,10.59039142097373,9.498896854423384,3.2590124079569165,2.1901168296585984,17.470842042634285,6.5317085678446825,-0.7185696181045705,7.337900698091722,8.524775727338648,11.704901958500288,10.940534866810186,10.16279528186693,19.58050188603692
16.60841754395568,31.915906201524788,24.039881634592327,23.127499501129698,18.24879201973557,21.020648134941293,16.68249820183429,17.303548959036092,23.471004947666877,27.798671166507077,19.74381759648267,18.028110128924233,23.409990791310943,18.06406528973736,21.064855645829237,17.575097696920874,29.530669281778096,18.194879043863267,17.81602820131917,21.250979467767785,25.410336688152235,16.755209358001554,25.12352127165579,15.761376840152899,23.97427473138243,16.015166334940297,23.95840914930104,17.328409677302254,18.60717784153382,19.858556344094453,13.882336068476759,27.132194802495384
17.724170997142174,15.219933597204324,13.74804635632267,10.02221908556204,8.719152817329203,1.100034444904604,24.180704496408918,4.990178262630735,8.287361271230404,21.575787259216604,0.23073550992533276,12.826064185108708,16.689913531883697,3.4829849402271673,20.331097820150294,7.437217962956456,5.329901392769961,19.779643712899368,7.719131744061721,15.761828766117892,3.4043774252601473,18.091732826047227,10.749353662311618,4.119636216537955,3.1112170040392932,10.390303138838918,20.55273991921851,14.16681063897116,4.810516851420309,-1.2908511009210344,10.11102742246053,11.704560909799305
-3.488437446655979,-16.448736950716626,-9.656597714422862,-20.67202192638745,-9.625344664632754,-22.807617911204538,-7.42064561759577,-19.390786024323077,-14.49999463572002,-10.15892952300926,-9.505192026557337,-17.663286181808548,-13.246337976857111,-17.738817106670314,-3.786735667207778,-14.84142466941915,-11.614946081907902,-9.79581397095902,-19.139891198307584,-6.278469275490181,-17.520140766698052,-5.977059683338496,-13.143080518869027,-17.104237044583822,-16.125475365889756,-11.75691381124626,-8.412121052619622,-10.607091540611275,-13.460930284254694,-15.957861410769173,-7.279256714373696,-22.7792582006316
-28.83827760559599,-30.984223871583104,-27.41861499297364,-31.074021220799892,-22.188976750494113,-29.89573538653263,-17.357663284130762,-27.45333885203144,-31.609259656902807,-34.62989407123983,-31.211839598952682,-23.66308475019804,-24.884378696789927,-34.82652446139507,-25.16885261423535,-31.487920688147078,-22.060582232630388,-16.108643516518907,-25.106064413700093,-22.55986469674896,-24.024312151237545,-25.161193758746148,-37.00996522121034,-22.858374587369717,-23.884012238509413,-27.9962727147308,-23.434474587000647,-19.87472032917818,-25.610764943146776,-24.08793079258279,-19.66239218339457,-24.811508034308492
-18.573145385758924,-21.85846375947619,-14.033090645854614,-11.310093857317082,-21.6406320067708,-17.2564549727053,-31.130775013260884,-19.08119911305957,-16.964923064876192,-30.22169030636224,-11.027180255937454,-12.208912038113779,-14.80679427815883,-18.707012462672274,-27.043023799140954,-16.133243404130553,-17.992447156245465,-21.05715133838649,-15.241344641208359,-19.711931306957073,-17.40238119247662,-19.187358018816205,-20.850474498847998,-20.598333402424775,-19.333227525406404,-21.76728499057192,-31.466277806714864,-14.400457788041226,-13.496632687255136,-14.270293878692664,-14.478835116858647,-21.67237438532064
-10.752401292799318,5.062169588352437,8.63764457314976,12.49727475299957,3.902288741462846,3.896588856641843,-6.609370855142855,-5.135064605009804,12.314813468409548,5.666944983478706,4.502185821660581,8.453643730458932,-1.794999725315753,3.2393606648637983,-12.12900824574309,1.394657314063315,-3.1094314958974802,-3.990045167101461,7.411343478543588,-8.261473922131463,13.349964981835274,-3.2694026619307808,-9.985475057620715,10.067099674189778,9.68405388951785,-4.519320652129323,-4.135899184390381,-11.446287863424915,7.741999214218299,9.159726240466895,6.176847332626945,4.443365021603894
5.842462244030168,21.276082056578854,7.285777890682377,11.738493977044977,10.54492747722727,11.949821127037465,17.73169592493989,12.14244399658795,4.256131597662493,15.308108238138175,10.211496663133829,13.847183679751613,6.699396770203496,14.904431430622271,21.33694436243505,13.587459927012242,12.311002965149523,14.890688594279386,6.097213995780069,11.957873657385198,14.365595849886095,10.246858073762015,11.812593825952069,11.956704115130957,7.734400650620167,10.488352293315668,10.80467019485845,12.857805302392856,7.589755282434981,8.484884098879029,14.759614234744596,11.699057019654898
5.422067158037368,14.608291460568953,0.4152740396127272,-11.667869936407996,-3.3339876188424387,-1.0603193407621057,11.477209060104071,-4.875779381431406,-3.599600224569716,1.2370922446905572,-3.865721089048602,-8.289428785809895,6.0370978064458605,3.123586582690504,5.132144346064299,5.850117631487399,-0.03337456226644692,2.994813970677065,-4.8778821311663325,1.8289344993834895,-5.022822504804128,8.410583599897295,2.8212438538054414,-2.2132219616630016,-9.162974835040428,12.153453993386808,5.588995245681857,2.073423251993497,-1.034437713255019,-8.480332527131957,-3.531830103495432,-4.345041493077408
-9.901179179450756,-8.3272043162273,-22.735148977466608,-24.50632496585729,-27.73791959882769,-16.808024826354668,-17.933284100324535,-15.966806159439324,-24.912392816941622,-17.22893349495152,-30.9850307440547,-17.082200044463328,-18.384825887054188,-24.099868382266784,-5.036722022654392,-11.858437293391718,-5.4620316166960645,-27.853398484056623,-18.02693573805944,-14.904994787102945,-31.675428947960526,-9.822603285898913,-13.21527706343938,-26.3552545016455,-18.2315495249011,-13.433356217920918,-16.186226420765916,-19.57698786563811,-31.12625347669656,-22.84803350793745,-23.476341802324292,-27.984240481533075
-25.031135157351645,-28.318866915589116,-26.87940040920325,-24.63600124342137,-18.76378917581743,-22.18657909744698,-26.863152047928924,-19.362425574862524,-25.488959259382177,-13.194680631302981,-23.58135910864309,-16.503709484232132,-18.18845215947617,-18.548983301299348,-20.798998073699085,-16.683906388228287,-20.909356622133576,-23.54892982173402,-18.09662332629363,-23.43434182007725,-14.999486215282456,-26.283039097186247,-21.04482223350222,-23.210553233689254,-17.812244486819147,-22.866461299634402,-29.222760435645352,-28.588357328128012,-27.47090604811055,-21.855087265021332,-25.725472645323336,-31.051924338450753
-11.254437679119606,-3.433483505774684,-4.697332681248663,-1.7225760150162768,2.2190426330766337,-1.2837636495961042,-12.663862643247981,5.566524903922969,-2.964373172413063,-8.977661789444205,-4.144730937220345,1.2662047107572236,-11.487349427951338,2.854918370423531,-20.530235445286557,-7.863898951934662,-4.820158363813832,-4.231783188459294,-0.6815566286224515,-14.430884031954074,4.526978695403853,-9.490198106083668,-4.883990471383733,6.493708153081237,-2.4612587151364935,-5.092723171663295,-0.7638064035233869,-1.2229166212036038,4.139805580700871,-5.013848572617434,-9.919668918022065,-6.661513228655109
9.902285891132092,21.163051023890542,24.174832422757124,23.763930125974117,22.932498736065263,20.645931820733985,15.583420532270159,29.763943100128056,19.439040086820068,24.53292182035749,22.4435958082716,26.657723676660833,20.004821132619757,23.12178333243208,12.909934110646816,23.75422841651157,12.426515889908334,19.33407067281903,23.457361349515416,16.46509478134334,20.43137027467388,12.389299902240625,12.137779804453016,35.104627632178044,26.392817059004138,15.810078396646698,16.976031159641938,18.24695138018467,27.955488137630013,24.778980508404,16.85909386769659,21.250818495136944
33.517358105752564,34.91745883862313,23.97461207696596,29.812915817175426,27.891110775895573,22.072949230412654,28.776399783502143,30.22256799055615,33.370698709814114,30.89392632411123,29.96177862284726,27.10002840837959,27.861040057667136,32.663914831512514,24.44737816061106,31.383848622311035,25.718105200798362,25.28484531559265,21.63044382221735,24.514816917748767,34.34813042201179,40.84282339371179,32.496020238608175,27.562332170856134,26.554514452044007,30.378845730463674,33.74311530898173,34.91517185558357,28.408673391497324,26.978240232013942,36.74964174892145,34.11993513946194
17.45402030036464,29.24614980755637,5.431201231844528,1.5710825352071347,5.607644012390158,23.161267770528898,24.86727073717135,15.27064688079847,0.3650184678403501,15.921355149606386,11.29720873016252,18.401682190462523,23.096920006624178,17.26457299524581,24.46140520689869,13.699483036769868,25.336251282118717,16.76800932960205,14.517641676884805,20.416751231579138,6.5502223964282225,16.7074816953548,13.319948253194609,6.750684891003391,17.104240769543154,19.61417479582435,16.69885393622008,20.41085235625761,13.774647044657886,15.56658105473987,15.043416700690065,22.161162997575527
6.527548439315837,-3.861070172116462,-16.674365635637788,-6.813976769561001,-12.381493149968861,1.2169704340527663,4.129338332960398,-7.563458443508269,-6.4447614675743266,-2.932784151886119,-3.30746065730266,-13.104675064989895,-1.9531842528587708,-5.40014592676315,7.598632597188435,-3.6839092476139537,-7.350803323872458,-2.0873925903228465,1.2747749123374532,2.571085386419859,-9.220083685315858,1.069902303962697,-6.8664612250294805,-11.77952223443878,-6.081040884681087,-0.8784787886662383,-1.7360597684057586,-9.307695206705247,-4.632261168097457,-14.295008350127887,-4.509845251077607,-9.55954398936463
-7.680046918030361,-18.7808812444031,-5.618510398307053,-2.418187112976042,-8.993990476546973,-12.302309875078707,-15.319097668995623,-8.084753722057636,-8.981083154901063,-12.07498702470789,-8.775029923850449,-3.4642663343579194,-11.125949851447196,-5.945218160678439,-9.497320557903993,-18.77127773317523,-5.804456553350636,-15.002301401139007,-5.9171510304992205,-8.87003847090687,-9.660017099959143,-9.995708953878006,-14.275588253843386,-6.4826342254203535,-17.729785899500815,-8.775281913366886,-7.493354485883275,-3.8016594945555453,-4.790671312053052,-5.781107189571453,-11.494109314136706,-7.839599128615841
-4.926078618890022,3.6154796078658085,5.57006206515268,22.82566652678186,9.310938044357068,8.047958325616662,-5.003406537474918,3.6959997672360205,9.51529457328841,-3.205085387692733,11.167109556007883,8.643254465048999,0.5309350647302926,4.285293079071321,-8.642315355313608,1.2433364129304116,7.801410189450629,11.256046465510213,8.420549566897634,3.3241388744344724,5.055733550853597,-4.651003605092926,4.810498343659138,14.22997255935644,5.14597526137057,4.896739840653336,-2.1110658694636744,5.616795653989961,20.62490454670521,9.098838308628558,1.4236801371712917,12.115351526791308
13.686885525461836,27.26890522258513,23.075116635092474,30.1586465101049,19.384577909215412,24.186762572075626,11.16537110037918,24.814604396635133,28.620920931495057,17.30844974450869,19.748335029306258,24.450061026773056,20.51817219196601,16.545487841220876,10.833474510826143,17.431241787791,19.614876307320493,26.504212232707765,17.00157177744399,22.05566716177875,21.421334434214195,20.97486827481523,16.61617105172516,18.96905271678544,18.046194279592857,15.919135463463824,28.7998805992322,25.758996233274534,25.50514225351662,23.094568466173982,23.797291114960945,20.69081069470524
23.323697652501657,21.978148418913758,22.18564123079053,8.782460599063501,14.145523163132452,20.781429813111792,11.373556885784918,9.745740935876878,33.93242700053124,12.814530155333001,22.866599286774353,12.240164088968207,15.611492362167116,15.980336481145661,19.207756273306607,12.164391644413044,21.9682308126762,24.200149666683238,13.40279659257773,26.447189135020437,13.640114539443069,22.614403986893915,20.0504493090057,16.77188432599754,20.174992745467158,20.44446549200085,22.6549151641603,11.204491964368655,17.145427160829417,11.591416868666139,20.2305870744696,23.453850070332823
8.077776237316705,-4.808553899394977,-13.776967749266488,-13.436019527883845,3.89751194169464,-5.622100703128808,10.661466626643584,-2.045686077517559,-3.750740588948717,-6.279373856483821,-12.19831229173308,-2.359696732267009,7.13854106290834,-13.894853592021747,2.7957611923782135,1.014276512988574,-2.7147737586093874,4.290805476817943,-5.672495289717993,4.841238627432406,-14.664750958906536,4.839297684432929,-0.09569730007112656,-13.475997937821713,2.8742943481425467,0.6012597604667306,-3.004101574983097,-5.439846997157999,0.5146545959760664,-12.873999759407255,5.020114835567022,-7.253560005352827
-13.49509905599611,-24.292377221143695,-21.153420534351994,-27.363984618383224,-20.163246354939652,-26.483633909839284,-15.393876729955625,-33.656371532519906,-24.370814028873376,-34.04983855421034,-23.982262280346422,-27.02571020686428,-26.949077595796147,-28.436316295707698,-21.92065505814397,-22.960824852653975,-22.01824925097723,-27.85642728256979,-24.7368357722323,-17.090638631680733,-23.01989444373905,-16.271613375139864,-22.674832653752844,-26.533721950669992,-26.961693584652153,-16.823366242154243,-20.49814314492115,-22.507810601773755,-28.333430093802548,-19.190993983721103,-25.435774177869295,-21.648055860427863
-27.63295989486632,-32.335888224843835,-22.951239702299276,-20.09468562769137,-15.450153669546165,-26.714039913456848,-20.966922453552982,-24.845097643996155,-23.26428853158057,-19.99016117130649,-28.244537692764748,-28.467246091937078,-30.242850997071116,-17.62627371199021,-34.92427711145972,-33.281089682939765,-33.55579767527662,-23.832765849130833,-19.854297132952,-23.20002789474854,-27.62158215839272,-26.91545359277245,-34.47350540228369,-11.298620518441128,-17.679461715639235,-27.054175534390215,-24.800573680858136,-27.280003209583814,-17.57291804063926,-28.16559288014273,-18.51650428000126,-16.630318166420082
-15.252458748251069,-13.521537221572894,-1.6987708977473086,2.885142919498904,6.736286756107727,-7.165078237542755,-13.574743477588445,-8.56087754005791,-1.0264984356922413,-2.437941330693097,0.5870733837801162,-6.048400684471804,-5.119558819418858,2.454646309270897,-15.480078140160256,-5.893438535463665,-14.694766972940846,-1.4633825272566958,-2.757644656032132,-18.112162226842617,-2.5766198400981817,-12.230533140371431,-1.7481312132760785,9.72722897600595,-2.16985790381239,-10.891318746672026,-22.632006230716872,-10.837912075796368,4.959929079915756,0.03767742388225734,-6.34722461817128,-3.445097549751552
16.008318258635953,17.214144599566115,16.667926062944964,19.06976426369773,18.92213112919458,9.19900050119619,9.85397419330532,8.880723703275436,19.935273033554054,12.987146901253695,15.298699877678672,8.48935479715518,15.721486885795041,17.57017994226945,7.5341491796877875,14.624692779508692,18.4069528137989,15.295293011502721,10.182416542514583,4.254617783072936,19.64225043320763,3.4277664197959017,14.995573983563915,13.540437154787156,11.689664548934273,11.39611414643391,8.474297886823205,13.26867845667078,12.199696776986162,4.380252155147376,20.566069489814033,23.24123592379458
12.873267148818359,24.634324159966297,17.924895600346094,1.5636415276324136,14.785268458377448,6.336819975484877,15.553408898276022,12.223531164095357,10.54017234350024,13.527544671124303,5.990087860776489,11.810276043115486,15.186232951576764,14.547270715201446,14.785373237152733,8.576918470801896,13.427587325940477,6.489011430174114,12.628813507673359,16.476772861876302,11.571192829838523,18.38678949827309,12.921329297726924,7.439234685276294,9.509980506762956,17.126110331224943,8.745341037592754,8.868595141369028,4.348412557468302,2.300886781388045,15.098062146714405,5.76002785142362
3.071576039603632,-4.420420011359422,-9.906892772063381,-19.743199386525582,-9.944203264831973,-10.650623358284749,8.131721317825143,-6.6050400804658365,-9.596192388608529,-1.2212220770745728,-14.462584336141633,-12.166825930061755,-4.661938416422798,-3.666273022068313,-0.6566887411003947,-7.42578212262769,-0.9523402104440839,-11.833966842019422,-5.723368775537455,-1.8811455505329875,-14.980739272464005,-8.322177159803799,-0.159380351608122,-19.299089712366097,-4.048055581934462,-2.0630453556758885,-4.97704724579821,3.3812626302138646,-14.979985556543781,-12.416935070661575,-6.957417014036703,-6.982812039874181
-21.16772529520237,-30.508683329883862,-24.63839613020725,-25.102573914870536,-28.31864038265129,-25.498732411953544,-16.437399295244774,-19.59964660377102,-20.74206743446223,-28.11930478816067,-20.552065072574695,-23.205410004556004,-24.735408767624218,-21.850462018827816,-18.477460681045144,-24.633725877044586,-18.38610752798576,-24.325322693478757,-25.115337392300734,-24.78869581609365,-17.446620712221666,-15.154204727926889,-27.716932662393614,-20.595599403197397,-22.42613254503159,-27.235944966320936,-19.554999843494237,-33.96535574775383,-18.243212272241113,-30.46363257304111,-16.567116247354736,-16.301892154633105
-19.31461940094188,-19.91398247696907,-13.551473065336602,-5.636295268643882,-3.2659531810788636,-22.842945258567276,-14.355723084194365,-12.924228139897187,-18.955534121069228,-24.71215113776552,-11.069048650716379,-20.389048825548848,-11.327758516307057,-18.959561367079953,-25.433084579950535,-14.645007595032776,-16.03571076123388,-14.970736060100593,-10.838743966247932,-15.68535805785007,-9.26455411327569,-22.57332023264551,-24.38775138333677,-6.349733411965389,-9.800316090936322,-10.98232804627572,-18.05546636757093,-17.790954366478314,-14.98276266325573,-4.145841107257219,-11.672460499449139,-15.224700888948474
3.4165503095637018,-0.491907813872291,-1.0104162851129985,18.34903997182365,4.922208339155417,4.166191069385903,-2.2716612853312452,5.816238117978657,4.000730669492828,4.070974762392157,9.581241568165614,8.388097024704528,5.152398391082789,10.858241461201244,-8.438041619091166,6.843742745243914,-2.483450091144736,1.529608066363004,-0.7764530318356933,-1.569897226063646,10.079049851297814,-0.804968164097639,3.2104042333866714,7.901648934248452,4.200240187959856,-1.169950438283366,-6.855679735178292,5.572093310545779,5.2278228577229555,17.208336928566055,0.3982524966455735,-7.119236977150029
11.571304656699294,23.20561501389919,15.00462749817583,29.48831682686207,24.072041309586027,14.582692102595614,18.277507453684457,30.662669654999434,16.061488599366072,15.515955627433268,17.163105920338033,23.263765943284294,14.53312077147814,11.958554745202203,7.1963322011384685,27.78174362182283,14.654431450129717,23.17672776876642,12.673246237635462,18.381350278030556,24.388866098046407,11.61350720686144,13.558692939135588,20.028119606311034,16.42590857971779,15.178215024614595,14.820233567068158,32.98384292441509,20.12285656333728,24.30013369907875,13.605243887291213,21.460067184748656
17.77536337430139,24.127559910272495,10.681345218156718,3.922139544042439,-4.9059862103162795,8.489587564121088,14.249253335080953,-0.41400885438880153,10.978706388747566,15.729927143297948,5.0396174633875646,7.013692345414218,8.101362592245945,-3.240803836032711,30.039439756148912,15.23753065761478,20.51672814792337,7.770645105456514,3.2762479334374186,11.503808451012388,4.788203072259399,15.30537378015662,10.014067194446794,-0.8162211076983016,7.326078873130026,22.601180234012688,13.889922817464965,12.391856596151154,8.02358124192272,4.485591073371962,15.497912129983176,7.334551045725291
-3.766286652761101,0.3300896227223338,-19.886910310815573,-13.905838182713001,-17.554759605724392,-16.177531985106334,0.07865003219526608,-10.15977164341139,-11.04444307525545,-3.6179854042848723,-10.962387140042226,-11.917093752493624,-7.635884956290554,-19.183781989378563,-2.926197601988589,-9.462826766649027,-10.36374266184901,-13.255512607757606,-13.315407044683461,-4.561131853486335,-15.743405203832689,-0.009936103624062775,-10.840672495205258,-14.818234114247641,-14.399450875202842,3.7458600052571716,-6.269094564007452,-7.067875556830834,-15.604341293983401,-12.495056571571546,-16.39665427103094,-23.15648987596109
-11.275669722442284,-20.508505601015273,-26.078824395090308,-25.805623489332152,-24.59136399143903,-27.55038226748647,-17.64433697342925,-20.43793217247521,-22.3933012429199,-25.705386010264007,-13.819580095519633,-24.439852650279867,-8.8621872329742,-24.284064329951065,-22.032142137850002,-15.263182828010521,-18.93122963908959,-26.554206605846982,-22.867256824631063,-17.350674074391332,-24.447917982044785,-21.79422307299472,-22.058720558725515,-26.235233795971485,-21.02516901418472,-24.247927856691273,-22.436266036657845,-25.47463647314411,-21.755909896813854,-24.131228368859997,-20.990523401798974,-19.760087933353425
-18.55783173821922,-9.388720687945952,-8.525286753088494,-2.900074224250667,-4.145174817976823,-10.977256783119794,-7.330312367066773,-6.456701897142914,-10.397480319502876,-9.310600418811555,-14.191521863867775,-5.408159963419455,-9.283736382747856,-10.368545602072658,-20.272123170216485,-16.146556311387258,-20.237117639593944,-10.407751630761267,-9.447492345259816,-12.609950608416625,0.34837700524187665,-18.444162430703848,-10.670931867758839,-1.712956682162902,-9.53874486137937,-10.919529843285208,-12.603110874434856,-9.817302017652732,-6.209002508098031,6.8816983006496,-7.912527954727485,-12.1103824904948
6.360683851833055,18.89044773274868,21.216692654382793,18.062796428755796,25.417601089253697,20.88152019937162,4.573215987030519,15.414064647256716,1.7403235028409636,14.963180430930699,16.148079839418205,16.041572219802738,10.655397411392583,24.565874774496937,7.059090537625077,12.147805825911137,6.620351935566864,11.237517282894434,13.157640867520103,0.2549205156388473,11.374853649548777,4.784285185778645,6.4524176355405585,21.82873962974283,19.098472789717192,5.576071778488885,12.96931349527543,21.819116896964562,10.647035924540901,13.651459162667734,16.416180116691915,18.024570766787434
20.274023751885636,28.736927066050853,20.743282628000784,22.10364680328237,26.47407642413347,20.669184239189605,30.189767136198444,31.97315626240521,22.116946757897118,34.56777325552267,25.885955240265464,26.173384537371472,22.600118522639534,25.46497138137628,23.74687399398632,24.964155893272014,25.42172029433212,23.343488146967267,32.035664509485684,30.829694997063434,24.765596814940206,17.15789599918398,25.978354336876972,35.73748324842072,36.715061730545614,31.27998582340777,30.379174734572494,27.96977825739999,31.39526373486839,30.744823804847204,26.985369215094263,12.83824974611051
22.89320222409427,24.222250399901466,12.763970937441144,6.50226988508213,13.388870387597349,12.897962483678583,31.201167011785323,10.208447828810868,10.922736616294518,20.7091340642084,10.704214056941028,7.874015427551022,17.92980187139406,26.182180313653834,26.446759013044293,21.7816647752243,21.76908600922162,23.12944545798663,18.320337611355374,20.068710855238503,5.057553867904517,22.60444706527874,22.855626997190065,5.969338125325133,10.895565090625542,21.234329902945362,24.99633626661944,11.996595557494572,15.681439581111173,9.898065040295938,24.76428713995329,11.191499075394
3.9502152708299567,-0.11810342662897821,-10.970084378970158,-16.40156295409138,-1.6623166279444193,-0.8219507888441198,10.668072463502149,-13.158455841266152,-0.7651757327578455,-2.1250895372789738,-5.553420533907072,-2.981516453298505,-0.5033748867053272,-0.1834483925904007,2.984632348715209,-2.912784789647444,9.062908560678833,-6.468668695184429,-6.236466333882909,2.5268032404259717,-1.9832117501886872,7.187606575555538,-1.2182370868847987,-9.167260765317689,-5.482285031233138,7.671006429793276,11.533834419440218,-8.30290296003666,-6.428642728213245,-20.22313750256321,-0.031194923446301315,0.7394315598010649
-16.349333628576602,-11.650731601186642,-8.469099607889884,-16.04960066465495,-8.56152411117543,-8.149992079370485,-4.0649370118677215,-17.647408740291343,-19.569166180037417,-6.278793049346822,-15.393986528335192,-9.509793556728098,-9.95948137000528,-12.426366892325886,-9.488211186216446,-9.16744966872841,-11.20677222731924,-12.840222353203993,-6.2907043729963945,-8.253822760307706,-13.294341239292933,-18.18469477343352,-15.48383852475693,-2.6900237932555386,-9.420200763208516,-17.140433941234754,-12.851503291921183,-11.759608402370795,-9.34810584516631,-8.872405505658755,-14.693671829765917,-10.57245799769832
-7.139695520563162,-10.2109392435711,7.761979832765707,10.605955796497167,8.773053369910976,4.32109521210703,-6.216075206847973,4.15424911075505,-2.3949526380292934,-7.429725767646151,5.436185232878364,-1.7305148629276954,-4.700358687432546,3.637748669117041,-8.282515598166249,-11.30937544490157,-11.115395032410678,3.185008246817483,-0.7838486753762719,-2.0180904475074444,1.883188497723061,-2.4116512284088296,-7.463717473419133,10.488675979242785,3.2217153257968536,-8.803556881639588,-3.832161009746464,4.143362891552503,3.85210490631102,8.006302502715352,5.255441360728826,1.2026874962844287
14.370745744822635,20.6891693271552,38.47000204660438,30.234443040232037,21.044397089113442,22.993447582826963,5.83169863809087,15.596818340279516,21.28956362537504,19.12052743516406,17.775375828246485,20.690707224101292,11.538516111532935,21.57058501793541,4.795062769478316,12.772505027549455,8.631200897430896,17.8109910284985,26.9513165773895,18.40905048409147,25.221137442496772,12.545866425400726,13.756925570746224,22.86718520204879,21.161566612913948,14.57248724475755,16.000594832804566,15.891876074356295,31.644907850054413,28.62889166247917,18.45279634012954,23.236245481110355
24.526912649178982,24.732653894936394,17.336356380925473,24.644688598159686,19.58108954889292,28.30472108429151,28.903395712110807,19.780679127989252,28.110716617494063,14.571408853325057,22.35756525347755,21.532686509528855,16.03411143316241,24.54051669700305,14.735495354040879,27.780600608749115,16.63138206991014,16.612810169270475,18.329371927715137,23.771245977167204,11.974210759800027,29.842974480061425,22.31924574983362,16.214334706517114,19.366949592115013,24.271216754320125,16.126024941508387,18.583935106746747,16.915703037624926,12.439471643697386,30.26627776427982,20.601285836416093
6.964614003400273,7.292955974635091,1.357887543609927,-10.145799588274041,0.7462002901338953,12.319754625727635,13.673138250288378,-6.132886012946586,7.175654733939797,2.8287597835381844,-11.642865400429251,6.78997659059893,-0.7955761036775231,0.5075809462906794,5.9018296829539345,1.810595272653949,8.236386812513933,8.30139684041454,-2.3131882073202212,15.841065627160217,-2.477467445480299,9.642360340380002,8.724719491787353,-7.2896812816904495,0.43375043351980935,14.420198286826535,6.170047875153666,3.6581861210076747,2.1928733768874613,7.279767526928584,3.33196772910837,5.386470206604272
-14.2915468389687,-27.53056460957231,-22.376987231181335,-25.129870118337813,-22.84235346567077,-28.97026271669129,-14.727021691967568,-21.78848679333865,-16.76496073886235,-21.926860431794772,-23.527850531875266,-22.18281034028663,-17.517480677163956,-21.053860225942152,-12.122625756065304,-11.734730721658368,-25.44320189562947,-10.458581096288256,-22.51123375711186,-15.276699763662352,-30.219744903705514,-16.066796212055635,-23.323838975601852,-29.897741341961055,-18.618723778734072,-17.718822622957276,-16.889958874270828,-24.442375624459004,-21.37829644855846,-20.596649826162217,-14.838241444691546,-15.894066432937237
-27.27126613260896,-37.30522591679396,-26.02158705084223,-26.89750133346566,-35.89823601932118,-35.479637540128344,-34.54430925539619,-28.021641365601294,-25.975387772731793,-36.24868478208998,-31.20986568071122,-26.585690677739333,-32.24114480060367,-27.164277031103538,-33.91381673106348,-31.902772610445457,-24.26432730748788,-24.961179138193927,-32.09413740870345,-31.760946771521333,-28.893005732793064,-22.24245779544399,-31.544213636102704,-17.696128537607347,-34.67609572183573,-28.038351197599187,-29.095045708147065,-22.695992780366005,-37.937311248675755,-17.738364161735085,-26.34209799298323,-25.3648014447735
-22.796268990131043,-24.14811383277169,-12.175576067412447,-3.0288653294113312,-7.374619887977296,-8.79390289355513,-27.850433353920145,-16.482235697714383,-6.288388522909417,-19.031442274254594,-4.739833304303593,-3.6535476769408177,-25.417019935498935,-12.571398378309539,-33.68464824102309,-21.979887396117345,-25.984722640583158,-13.136916899353643,-17.959890464062855,-24.936753671070857,-12.696697561812977,-25.710245330776747,-16.533660602158882,-4.145881512771961,-16.510485409873,-11.898057375067857,-20.147118013148877,-22.130709913843578,-10.898937420304781,-7.667181909299662,-9.424015814441127,-7.507037320055846
-0.019362552364070758,16.838474289912227,11.149921635794971,12.819073213749904,9.962202647017122,2.0953739128988107,-6.674680008706508,2.8740723373360275,7.118483948284182,7.508248076257111,-2.431871716928043,4.978840715675136,5.678235741460175,4.521915065950103,-7.699200962325076,4.296511801840031,0.19122479021189687,4.523887780933387,10.739674369592752,4.236243574987936,8.391831819805132,0.7055052767396873,1.0550193371768706,14.062097168989938,5.473320853268382,6.187950411174597,5.692095911260327,5.556954290807936,10.968488477317226,8.964956801270711,3.5723705795385645,7.092292892095717
15.781607697678407,18.771025277389672,19.772529971951318,5.059490753691891,8.28722645687283,-2.3306517348929265,20.076098596912473,11.851378597810772,8.277184740705495,10.18035617149183,12.039523200168269,4.493623774888665,8.24677053897807,13.074041356265413,14.68855135755891,16.151167968593054,12.532846984274133,11.931240038484262,12.044667790927825,10.996762401179073,14.344904019604034,4.034758514171886,13.166407971500895,7.101635916554327,13.019318186728498,10.3750396704286,14.14686325314435,7.734344601855497,4.292651783002817,1.5987468493340182,6.860196849494607,9.376496140004388
0.8484290349609329,-10.583626312811573,-10.509228248811047,-30.127700543771166,-11.104856158940933,-15.65917004583496,0.852010050487022,-2.8993415365711925,-9.146676189599527,-3.196129861022686,-3.0915933853525166,-10.775096437320656,-0.8476911059816216,-3.753823784750026,4.326297362583159,-2.9290590294707957,5.899061612612472,-5.690284461132472,-4.696978868314168,-0.21699727126200188,-6.4603682256402575,-5.271693752814602,3.2471222509147,-15.346764402267802,-8.156134945468951,-3.236922510307983,-1.5136583549123643,-4.6897244504275974,-18.86864272240905,-11.776518771645243,-15.070344944368404,-6.1494067698518995
-16.523811205164545,-19.911116171322174,-26.168962202248633,-29.05805041284452,-22.766617270948323,-18.6252042937586,-17.494778062333808,-20.460434848883736,-23.537795940827085,-10.865827482032559,-27.354449161039256,-17.904898132640735,-22.692819978461326,-33.11404182921752,-16.573175946726167,-23.334757685365595,-18.601934763238,-20.75457442683868,-17.829915029575407,-16.655752144814596,-17.155235904957916,-21.605808974568212,-15.087717915167367,-25.870831212169342,-23.60133614642636,-23.240941245401746,-23.19549378352712,-22.114021550331803,-17.29442566249397,-16.656099583187608,-25.996730221193385,-18.562815042852925
-19.402980280971622,-29.547743465366782,-22.8915310616766,-25.76023961294283,-15.2554841649257,-15.775928627072929,-20.071880625922205,-9.106205392374125,-19.6757164779432,-23.757211724735047,-13.20768252479177,-13.925244082348753,-17.311802509263444,-20.60214331051828,-15.420591862807598,-16.491295103655975,-5.270854395866367,-29.32172224037354,-10.002122111704333,-19.08355612018905,-15.129826050789166,-19.8349614868559,-22.343805492297626,-11.596782943982541,-16.670723990096306,-21.02235516665671,-23.682544865081944,-14.770540805738378,-22.31861881137072,-13.949392039775285,-18.82781352025029,-20.407659435458807
-5.1051169926189,-1.0192085835093814,0.7279048051315375,18.475828444481262,16.8300550361056,-0.02869199076447504,-6.364696297857587,11.06659877543109,7.817620141571394,-0.8704482209882404,9.75865006728199,11.769794339453384,3.1910056055456395,-1.1844461745650987,-1.4819623781074387,-0.511700752461429,1.2447546419735884,-5.686049877492618,12.188860733653039,-0.7611327748358563,11.53832924878002,-0.503691740176375,0.6342673798892738,7.167530098212124,7.360205428307598,3.547080335303286,3.8756208346141348,4.873533413796842,2.1247560029362407,13.019144130396,14.753432140892608,8.105799646609741
16.110212190791582,27.764779090606353,17.975891139253587,28.12912058179695,22.9730119005241,33.04897047337059,25.578460637546048,23.052870480036862,17.798936263913227,21.95407815037866,23.104701367492023,29.86785470553087,23.00079741686122,31.067968084902496,12.779771152915576,16.467985455783687,17.382781280232628,20.97478434661977,26.969354410367963,20.675151092277815,31.05074754186488,10.632693936071485,15.462361530978557,20.375605494162173,20.973734227362208,24.53900469585342,25.9841617618141,30.574734908494882,27.63126362520207,29.148729145738443,31.248955038140554,26.119887471216728
29.817166882830136,21.55180247112662,16.422714309459014,14.42940785900866,9.889562883607478,19.620891729231474,30.617992962041328,19.758527524156886,25.14043845918093,20.609294194037503,24.257707534932802,21.881564783195646,18.379490231521423,26.69470133415189,30.40223231073952,23.133026960925886,23.96384664908743,28.456872641880633,23.559426052498498,34.34558504558369,15.565808973433752,20.64942083527506,19.235042996425385,19.623552809383227,21.891423838791663,29.88397992771743,22.17380998594928,16.169990218633753,18.902136013999478,16.489469989056992,20.08500000432526,17.38425514026908
18.746170231076484,15.691178539785843,-0.09124461565002823,0.22985062773510007,-4.146818650352385,6.1174258585400025,11.640723235665957,9.415490084497844,3.653809224205432,6.937394649502954,3.67149718225853,7.155834431585052,6.459606194380369,-0.29067730717971263,13.953035429401176,0.6897343618389737,5.875656454621099,3.2788915426158587,-2.2468915912415524,9.951319266925383,-8.371863946273425,5.263891867715992,-2.4499015286048555,-7.625823971287991,-6.026461564118325,20.449683499533652,4.162337770712409,4.019499424304095,-3.334010500217437,1.1847345459130667,1.7745807140670227,-0.5106166138544059
-3.1428648096055194,-22.220066022574684,-22.443407999534106,-15.472641622449743,-20.07568946953248,-17.10373050102205,-10.60990729776068,-11.231532164292705,-15.606934930267155,-21.214903458260746,-18.049106082841845,-7.317600227345751,-5.114660009782746,-21.235876806643002,-3.856042792295344,-8.903089379030117,-10.787443006100265,-19.277741974422007,-17.905246389252568,-4.566323488592877,-7.965132165488853,-10.881136396555931,-9.921158345840759,-15.244604655251848,-11.644859851300374,-7.1659087426178525,-14.135408319209425,-7.511196012319023,-12.374720561252625,-15.353588977216372,-10.710591724149086,-19.966080089291097
-23.67516766297331,-24.815620567547462,-14.688478564982669,-1.3163567606689048,-6.9264216913056185,-16.181764366263486,-11.990406283640674,-5.557152268153225,-16.014200262954834,-10.840310407658336,-6.757977413181228,-13.198516906021275,-6.1352009664564084,-12.452573147203562,-15.816624368094853,-12.700063100716278,-15.382484064972397,-10.139947080471654,-11.086663700002704,-16.048423657111034,-8.33152051372998,-13.856348645808694,-13.072102356276984,-3.578545326257596,-2.394204632360032,-16.64030334531544,-14.220968751100642,-11.626304588330457,-9.799554564128654,-6.864152691168273,-6.492308140706642,-16.10096229070555
0.8990102262979124,7.841516950523276,12.624223210029795,15.209291418859511,19.389883693889445,12.265803828655987,8.813837437101355,6.469832836149876,10.129388849428787,5.015510833368193,9.74386276513694,7.213727577000477,-2.1846077102897032,10.639342404966149,-2.588575749279849,10.32413186694978,3.769856328312327,9.17975785497321,9.833993090628017,5.622508576708011,15.64157668667698,-4.553488804242392,-1.313423369035419,17.030351250001022,14.959564413371668,-0.6081453876544414,-5.327756485235772,3.8839864048494697,4.747497100151301,25.56160239686524,1.239301995397779,8.286338585613427
18.275191203195476,26.78653877633659,23.897011577862568,27.356333339521598,28.086356470043295,24.21548781852467,10.177202361145651,17.59994691700662,29.654115065912602,13.233676290378124,18.2726165122313,20.892121183745566,20.963837931923823,15.947751309643834,19.629908315768674,15.112712089225193,22.48897229810492,18.409963176453964,23.005606429960466,29.008711766215672,28.10036597983209,18.931463086149723,21.948320619343107,26.70438737196773,26.08218072845318,19.53023121145121,22.244958407611445,22.809446683260298,28.80472457373225,28.063627263058468,28.42310406659204,29.909793072590023
16.869569645967665,32.6835496121395,13.884851682092473,10.788894769536709,10.196231356839606,26.48955756687932,12.14532500588402,13.556331656517665,13.125072718589086,23.256977066813395,11.986342436225225,13.833763004934458,16.314027472787075,17.37563850769351,23.40496479459833,13.627951819172713,19.50484684805238,18.867654907921416,15.374314426018966,17.860558896358047,18.08232796472734,20.198604063623637,14.476951893073721,8.356698530558212,10.769068021694045,17.77821027718385,26.08445903063612,19.612725102577123,12.27971584772964,8.408933738553504,21.06243319697297,8.068864656972716
6.889457062857023,-2.2067602598653355,-8.983220767558104,-29.167199341888885,-4.747583872518776,-2.336488296147445,1.7126210150054353,-8.224677801930062,-10.212181624655432,-9.102291610101995,-9.464350864421036,-22.317157170808844,0.8526615710641322,-0.8048944886188949,9.349149947833787,-11.162060675790165,-3.7538597470810218,5.22281452139429,-4.560386208310473,1.493998858722879,-3.812800431366102,-0.7930444598121145,5.376843471078184,-4.174368839569257,-9.172372333027488,-4.521254953897455,3.238286349351578,-11.814698575481051,-10.960246945017303,-24.202820826223103,1.0226551161768422,-7.975741581861916
-18.998670972941525,-20.568725625161996,-21.39387759769047,-22.01583829303692,-9.272317535902964,-18.95038071640681,-18.978551972996776,-23.593963559074012,-17.375238712603778,-16.509283551855926,-16.169862865443115,-14.625305265658374,-14.844564126050184,-16.72390818144145,-14.579809076990685,-18.376590097934915,-21.36121110682911,-20.213909735956637,-11.973880248872927,-18.456569920845006,-16.089244474233396,-19.609046371680016,-17.660363950889817,-18.173974683164136,-23.193723163928194,-17.88403701386776,-15.701430652598455,-17.195831849850713,-19.980585528696427,-15.217237680453614,-22.584021531137097,-18.238040612396823
-8.01977771206278,-13.629587133208304,1.4752081949680078,-3.029004935066259,-6.0762409977549225,-15.891789815618296,-27.787438889366392,-10.395603174145997,-7.600635133278914,-11.113545461961063,-17.86979081639283,-8.187390354605919,-12.04525178319879,-12.880948199070122,-13.350274212123542,-12.901188706373656,-12.215450206314904,-12.114519392874337,-2.6105468174270072,-16.858417500027144,-14.19065015373193,-13.991297790664815,-11.03659299141138,2.852923379232245,-3.3160780709974915,-28.106503458970813,-15.959566859304827,-10.408342873750309,-10.334945260823488,-6.114372253430412,-13.032085609660541,-2.549670059733971
4.962248596164555,1.6616011574287621,10.729637678162504,27.80596716201296,19.33829057243843,12.644581659937458,6.715734307132928,3.0300218391769245,15.62670841759066,7.144990062818609,13.852654292066294,8.473787689668463,6.236130831962628,18.812893166424956,6.870637297553482,7.971922821561917,6.275096978188673,1.594477862287711,4.245166355381049,6.1567147031883245,12.24993938528232,7.678630022077576,12.087990181161176,20.83643695454607,6.024085592194085,5.539618928919717,0.7331135527784551,15.518413568887702,25.754388270549406,24.01851797566684,9.430223638943957,12.91205870089763
19.02662354354392,30.835355511473814,21.2681849836711,25.06086804861603,18.260032468396886,16.51653667161638,9.994409268090195,32.02216624976393,19.10290586653041,16.63312420331629,19.626307189212163,19.474749757822842,27.94043250610359,19.85352434438152,8.83380505862085,22.52111157800253,18.68381531676598,26.096464735579218,24.02473865729633,25.051980359887633,13.040068584665667,21.62644564600161,26.654770391227594,17.63997450758119,23.80444123692081,18.79188319582436,22.937091074073283,26.661604468848058,20.28586784606693,31.447207639426345,32.33161415325939,28.693721182713944
15.959917762951427,4.219997414495658,7.531690144184802,9.512562878149206,7.982084103542201,8.686149763230091,19.32114048198919,2.8559244681715015,20.759346681609337,10.676774737401212,9.549365869651266,7.822270152191865,10.646333791060485,6.108377353158167,15.494065859623301,4.5077596799070765,7.941369340893837,11.359251972860369,6.217846069742499,16.331887777466363,0.5679141442759988,14.98576145908241,7.821053993073863,-2.9439197462715865,14.367651582217826,6.456962711946221,8.11265310365187,12.161448914084422,-0.7740511634021887,2.8955373318192517,6.895525220757602,17.243288739444182
-11.281089345846754,-5.105364402087301,-17.99127609320682,-25.40348631163431,-7.8079013041933525,-16.38110505494823,-9.204371687338092,-17.975194726389137,-16.33862080068814,-19.868654475272752,-15.859653189782467,-18.533745932906797,-11.206562003179775,-21.63579993684098,3.650819074484723,-15.386109581392924,-20.22500939228381,-3.8949604231591937,-25.47255870334444,-11.182116711886996,-22.194360097132776,-5.920497322453662,-18.77237918466198,-28.567429297624862,-16.56279731659992,-8.82191204580057,-14.424335924210451,-17.062096778638036,-19.1075409686481,-22.436391337364885,-11.710390062047571,-14.623652862691044
-28.795276228119164,-37.0286060326569,-30.179643421825354,-31.455689004850893,-23.034317326648694,-26.910287093052546,-24.067426100056668,-24.928944294268593,-23.98402666914508,-36.51922864313618,-21.740940572469725,-29.159943867515484,-35.96438487916296,-23.777835109706444,-30.479663353869682,-24.68493956439072,-27.836311838082388,-35.91206068954879,-27.568068845210647,-29.946453731155096,-33.01976132803034,-31.638348872853346,-25.667334152170604,-17.62943713477917,-24.64137796747011,-26.111443480080812,-31.7994455977067,-30.711078858269563,-20.91327829586416,-26.48951446126211,-23.328701570239033,-26.715593185171958
-24.005994188085136,-13.638247987332202,-18.121217024415916,-1.813817815406065,-13.776669113231357,-18.322840779552397,-21.696135027903487,-26.157177972860133,-15.857562736355712,-21.97525761754862,-16.3254640091965,-8.177747898717763,-15.95429946468846,-16.654595805968324,-28.579449159517683,-25.26070581989728,-23.042440181360742,-23.06151383392085,-10.057472656248756,-18.062164396568466,-12.909814761813927,-25.335460161794735,-21.280443838485663,-18.35109724518287,-13.294675163478557,-20.937045784992605,-26.794472538286232,-25.835111603426526,-6.0353618420199,-10.401479369125916,-17.861520916762185,-13.047233363553312
-4.367520496416509,6.348768269600113,1.85094807815287,18.189685184330084,1.9363210806161488,-5.131739573834693,-3.7163377616456925,4.954618044348287,6.9598035594288925,-1.7040202026354687,2.4576086438177382,6.118113829684449,0.5278869442088218,2.372634353581758,-19.450516366435146,1.156676542733371,1.9077858581144682,8.276436093047286,3.1352901232789367,-12.376910884813903,9.135888427351777,2.6165534946735916,-3.117838647221575,14.96492316994248,9.325224256730529,4.749430090045427,-1.487646423149453,2.0317538349502224,4.49062089648679,8.697241638160142,5.937813807206837,-3.686307390131489
12.163990136844363,22.362381661554174,2.0529795070552366,25.362718973718668,10.28100921302738,15.240325707145894,12.996885813699945,15.121982530628657,10.56877029321869,15.22094885154091,12.22806807009458,11.561944814318014,12.094782068975965,9.084803790820889,18.831934075762028,14.571055369647974,10.300573976217393,5.8689215396088406,-0.03514311469924758,10.913167850394563,13.190967817957072,14.50991865784359,6.422269199548773,1.33486154743722,14.4966603417039,14.692218154717377,10.125591294691835,21.755895917727827,7.502735148042085,14.834871089102624,6.3801996739937605,14.647799838182232
1.8198414027855347,5.336565969918766,-15.661043996465905,-12.792064012003369,-11.351911652867981,2.50117500645231,7.10859888220203,1.7766508750616516,-0.10376483210966236,10.77769730284238,-0.18265416609048304,-0.4179120960210972,0.9059214911167922,-4.168668171696971,16.018168987552706,-3.546118019166346,9.111472307044,3.76179141055362,-6.0285107263585545,-0.01655239190666541,-2.793262509155356,5.226928880521629,2.6003951721207845,-7.081930248862597,-11.520209128066218,10.497604146077151,-0.27640628915210586,4.5137638556153545,-15.27015781960634,-7.841120191333472,0.8480819198057279,4.021066512498606
-11.982154110658703,-6.602616276987401,-17.663716943537217,-32.24118859429667,-17.661285563877136,-15.971080464138286,-11.327654117777685,-21.10265173284665,-29.238071589308515,-24.743712619543324,-18.26004295583982,-25.595582562792753,-7.848884223063232,-28.150518947636442,-5.795800315456815,-17.15751069894666,-6.900051297442774,-19.673138084808848,-11.881517335376161,-25.959351387290535,-18.658574781860278,-25.40495620867875,-20.82871696238967,-26.10859538183893,-25.78567950347663,-9.190932622887534,-14.620031282039609,-10.263454755255777,-23.322946385271784,-21.994281498535173,-20.2689979416755,-30.032051299536775
-14.424219140883128,-25.410549155511895,-15.891829619469231,-23.90486869383736,-21.792775476336786,-15.545832636625008,-17.779535106972837,-24.425644507846137,-20.501088150097374,-21.03458522851907,-14.495493820810912,-24.78591946350503,-22.602884393911857,-25.74300528980646,-30.020274404787372,-21.529932153616524,-15.623431883293506,-31.698563371220022,-14.367719087113128,-22.308766655881445,-7.58143404190365,-20.70920523539878,-18.557602473943486,-15.11306825288238,-18.3598818654729,-15.819462435698167,-21.064941811519617,-28.44096859869643,-21.506945160361628,-25.37538482114413,-21.59850291314058,-30.306574612846816
-12.226925051790825,-1.123533611875945,-9.176255152402774,11.643555013592774,1.5717153935935173,2.1652402902389642,-8.947362918788377,5.059291725911414,-9.722271153492855,5.271597530922352,-2.274209462665654,2.503732772131131,-8.581792298158625,4.997767208429482,-7.374963681184212,1.2129987320683129,-4.078138964285161,-17.657498464974665,2.4115333730171367,-10.037344314774575,10.540724544517191,-16.729176888756527,0.10747390934059436,9.047686315559233,-1.085283920471895,-11.867649692063521,-6.651752172311625,1.5040751396952534,3.536108180792815,4.971458721279294,-11.389159680105058,-4.910642199237282
18.71609481217921,28.84526703169829,11.580945854758841,28.762898328520684,24.969251395822905,16.794577726451642,10.431539374506327,24.20205594792108,18.209318252654036,26.95752670127956,28.955344301957364,27.967882520686615,15.489544368947033,27.378208046808645,11.784219716752856,22.416002426341272,21.218270383922412,22.191083750697167,20.67915716352513,17.22919323667562,28.582065899577028,15.307236622043423,17.78419517675318,28.63409731785209,24.174889547953363,11.843128129283768,22.805907487022512,16.98104733093177,25.518399701705846,28.953163912250787,13.602932760933362,23.992903168442954
27.334412448986896,42.638862162691694,21.283004080984874,31.314588541747554,21.830659293932406,25.846497400487962,31.54950523699935,31.316532179071793,23.406372396873202,32.29145548931649,18.647961350061536,31.132282355425737,29.403797903521948,25.040474508958805,28.07386147539198,32.287526552479434,40.272232468101016,31.985026263866416,31.793782645084455,33.515842481040345,30.85634433207615,27.396001613308478,24.97310122361146,24.214267527738684,31.882161825209646,30.268455823375948,32.84275917107631,31.168946003945365,27.77574753179397,25.30689897576202,20.577113335091504,23.620746212184624
26.010682543892294,18.044154637238307,10.688626163262624,1.2162314187445393,9.421827822730835,9.412974156063111,23.219381047349874,9.098393576034471,17.39358517381544,10.623370185978786,12.646165461824825,10.202918556133415,10.32016638128946,7.380803795312104,25.767261158706106,17.97576129894077,15.969540955471457,15.866443261231915,7.306974856850152,23.514346129809933,7.133409924392791,25.72538628531448,22.943287156619753,10.799145887652438,11.185617573347548,13.563467949099202,26.556238626642404,20.111731858050216,-4.339169104614626,7.130202969461404,23.123986966639855,10.147960525871834
4.375627796866088,-12.268201989145858,-0.666571019773527,-14.206484093967338,-10.663227671930487,-8.925784538828765,2.506774744606567,-5.347047990667561,-5.346944575037217,-8.23214648408898,-1.3300077887593533,-5.634928785781724,-4.246799044085027,-12.001308197197716,4.975810011633532,2.032256370727999,-1.011875117267968,-4.665661461279946,-4.912975369519478,5.081714061052604,-5.815444927193515,-3.0925914478570995,-6.766076415867343,-11.147654112381606,0.6045816619772579,-3.536101596315031,-4.300547818295812,6.047328027585708,-3.1120902994094135,-14.923779507194064,-4.306891735999131,-9.950973935714044
-12.926909629452737,-13.30417698784114,-1.1772277993164004,-5.817242881908845,-5.130531915203635,-11.692248444608644,-12.61689623483347,-7.504879645822251,-1.312678092191636,-10.2426196245795,-8.228059243720482,-12.735708185238682,-13.647525345672557,-6.857946615278787,-0.9571691625824563,-9.773342623650512,-18.523738469754523,-8.981685103226411,-10.099871575976165,-4.605476003343221,-12.173517684325303,-11.73894342457512,-9.971028922032612,-2.7367713662694637,-2.994519611686434,-11.089197101927303,-10.845897823014646,-13.27392243611556,-5.946716518991439,-1.840946300025996,-3.8685200192818425,-3.8408304575446635
1.3938068121606804,4.098214680707736,19.696235729485494,7.771450403837506,15.577186138507336,9.532628253431332,-2.075656624491306,11.616475655692003,14.306495890655276,-1.1955856308313069,6.594711861372691,10.229209927680122,9.131866249264732,5.562810171231281,-5.82651151458544,0.8086742064238718,2.6109574103192683,8.503086451071136,-1.6156134228831276,1.035541503163751,11.798144822544282,0.26176206594358337,4.657972165391342,11.104052719074609,12.372088008731483,8.030331807305808,-4.9887185722139,8.364766640679541,9.914413154046418,17.125193196616507,12.549976584051358,4.615603198930273
17.774485786014534,21.141122561774694,30.78063452668778,32.62646154342164,28.942401634186076,21.630764508489403,25.635722982075222,23.91803576032811,30.20376716690173,11.768223735886169,24.607884831610495,18.82764298272335,22.04434805926663,22.19072413642668,6.64102142938145,25.954830117294343,19.91866456930742,26.87934398843884,29.2699377160427,29.643226965643667,23.853936193835093,18.298147852233768,12.36188991600799,26.426352496711814,20.178191167296326,21.434634551946296,14.666652216035553,23.37299419767945,29.32471129878652,23.811297611354977,20.46742289000965,30.185427259654084
17.25483072380141,16.213063587860898,25.374732803760125,15.763443675612585,12.401737278471185,15.70704546246753,16.471589171745453,10.518436005941803,19.010308493336172,22.330023818186334,14.684344366997875,13.700155562890595,11.202340261636076,18.913943497046812,18.192408675210423,15.418096957224513,17.903671810491407,16.323841828596034,16.86198096795087,28.450358929250076,12.59809690563138,19.765640529643658,17.48503076784605,9.661216772250334,16.132671779252494,17.94231233995125,20.477504663765117,18.23977643767641,12.330361585291268,5.690637190330073,27.51306004099312,17.94087147631534
5.7858385347473975,-10.968302705475244,-10.88454872298982,-20.087797982629862,-8.521239954710689,-11.238186877200153,10.322180813855697,-9.4168325516933,-4.878307815521604,-5.310813145098907,-12.145278725652437,-10.780365252887218,-1.2334011588460168,-8.809125874209492,8.34783232432213,-6.274763674881725,-2.3147614001465047,5.328841992373651,-10.90049172710008,-4.059606657007545,-6.75513357695851,10.067305483878663,4.004510365512541,-11.42365489919543,-8.68327910549073,3.370227736210057,1.4669005419467172,-12.576942661960407,-6.315528505841693,-8.834330232100028,-3.4964656511659706,3.770046472690552
-15.437929128743278,-27.084291916573594,-26.56596439663262,-31.469707487868835,-26.19813283491929,-26.47818272238095,-21.054439979010386,-29.96127352857325,-27.80489545089101,-21.053371160430206,-26.9493678010216,-30.425158789058337,-28.120807064063985,-22.36709870700984,-25.30345643199053,-21.168655131749677,-23.98444629864525,-23.321203960449406,-28.00210118586403,-18.886877120648986,-24.196589757791838,-16.911929668375628,-25.863075577349484,-27.774352908008517,-31.53796662154172,-22.198026673420408,-20.64585688146781,-20.687876773709363,-19.709484059456077,-33.77726794151104,-18.229786205856072,-30.398647581012124
-18.845238955734413,-30.81217337246793,-13.33718799409402,-23.188014040060725,-23.395191260921663,-17.49237717602928,-32.62132131874764,-19.767130849532066,-21.331640119172853,-19.630646430319434,-24.44484676146515,-24.248194154863697,-31.640912177083248,-16.681610239126126,-25.065664258877426,-29.245798501096118,-25.574411223267127,-20.732578729963024,-19.09290875030066,-30.437203880489523,-18.05135271438698,-25.622030214842656,-19.539762087206444,-12.052718975946743,-22.12796115811113,-35.43644124111029,-26.861581598052158,-24.05444112388123,-13.988138534247282,-17.516689206395093,-18.321637470289154,-17.246702885443984
-2.351696020150544,-4.06228894796005,-3.487853392861398,0.8987700795310563,7.198481613733028,-3.331727616571977,-7.65073802005604,-16.92114331346884,0.08602182778666106,0.9097885701564401,-0.9279681064985079,-2.1083923388551753,-1.8603107769759468,1.8757209881955028,-19.10975271970935,-3.0770370113525862,-6.043296335578671,-4.86728213527926,-2.2929050486822087,-6.035594346175675,0.8875824181665077,-12.472251710155984,-4.368072600220934,7.912978397926922,-1.59046565049132,-11.365244999778607,-13.291339592440652,-2.089226972419388,-5.991446221162774,3.563266385045101,-3.7491668876024753,-0.9636911325082447
11.306116911931952,23.845888591779484,18.7287562260939,17.417338653097065,12.522288188448016,10.155499250826361,7.622763141019684,17.507111169659026,15.429773737376728,24.222056905011083,27.000483233088108,18.227051277580657,10.725633472481395,12.694465202864308,1.2544968632895022,11.705864555616655,13.592330614948244,11.604136002328728,8.479789668142686,12.074285020625965,17.406165081685046,16.74937114304606,4.944244047237642,16.552859978577498,10.437753763191523,9.062854590453535,13.12224085429092,10.363826370132323,14.992906259438975,14.926814822331574,17.218795110585337,17.957854271043807
13.772562455765243,11.986836385966672,6.430092439382943,4.858642202540791,7.628196039595831,15.29117102910788,16.422254177319186,7.991489736676726,9.96545747200426,17.502556306055585,5.3265218402671595,7.776453744122899,19.7776750750221,10.004396110482045,18.719645068873866,8.771663149677302,10.213618916103933,12.317151335616757,13.034508391121737,9.801854981985294,0.11537495424655125,16.88336552140485,4.963913781999692,5.333067556857444,4.569051628192353,8.775291325781208,12.611381543465745,12.25698994045442,4.370154575974859,0.5130196361228945,14.155859077462713,15.034917138756496
-2.3284329213089885,-5.93489733607037,-14.298088205790755,-16.222800018467908,-10.955112199144763,-15.896352360103469,2.8524327696891034,-9.440547053507801,-3.32940815930547,-8.421682214646859,-14.095291664355972,-12.299696827544288,-8.334218433021416,-13.921921499057566,8.597524740797315,-12.199534328508468,-2.092053582420806,-6.416009797464611,-15.414728253663421,0.6847771705429663,-12.060901386562227,-1.0433507544213083,-5.1034752670590535,-17.257748796018596,-11.948869599657854,-6.977957963855303,-7.091766057521886,-4.483871579775163,-15.74271352955433,-23.120745824510912,-9.660442547092014,-8.116468973596032
-18.963475341742438,-29.070490272725426,-24.282195067311836,-25.890278926310845,-26.854186075276424,-22.860097822295888,-20.57779101269087,-18.399925101491423,-27.281269465888837,-17.96657212351226,-22.73129335674744,-29.260208971479464,-23.14041252811297,-22.024307862422653,-17.801393960020906,-21.396898054327618,-26.71389175040911,-24.615950325530214,-28.345982316664024,-20.181879884945573,-20.87177880693647,-23.708344079681222,-27.11246844711763,-18.5219727916962,-23.236270469840345,-22.093392831280738,-19.315559429430614,-24.66873470980764,-15.538888634388185,-15.845022201035091,-20.87141862469634,-15.195320318065743
-23.747318299747075,-18.934424188707602,-8.833221898960815,-6.44678203107143,-20.82864616121484,-1.9544499937914424,-17.280113670693524,-3.6688567320931726,-14.61116018285164,-21.548587017137503,-12.832808278213104,-7.510806023660025,-14.907204087562823,-15.83524853837366,-19.80381586444575,-15.562059622198266,-19.268465193796164,-15.113109182711392,-14.34477988093799,-25.617040525246146,-9.60203790827455,-16.478229748957155,-12.314507440245213,-6.859392203959286,-5.13561468807454,-21.091991427645375,-19.52460410206079,-19.64004466403853,-6.084909180120198,-13.81392880252338,-14.021957360333358,-15.944365980859404
-1.7464669213215542,2.61850998271791,4.26884295367922,16.80967658447103,10.659904843891518,10.627849951173951,-7.781076150746929,8.74970618305545,7.25840039042803,1.919103343098323,12.157005441334972,10.0840390834118,3.938835412108352,7.9323237010294605,-6.838528056336747,6.095463414976652,4.101496171509262,8.482892855085627,6.859227202369469,-4.749952441659226,11.275863065153931,-2.829802301286208,10.31258916292895,11.081885673266946,9.069998854690319,4.126936717318136,1.7302174186313344,9.1262400943401,12.405167838315002,23.096763201251772,-2.0265529019507067,0.7129709225128942
21.16816566332657,23.77554093059758,16.14633788561211,15.274477085857349,17.893596285824596,22.033914494207366,17.78823432296719,20.642552418077972,16.0308006588887,18.402610827897735,9.613745287426662,22.21903683247954,17.89283021828324,11.340804860744921,10.370689813410186,25.751995892338574,20.709121412825994,11.63244122905552,18.227129202554405,17.564444194867725,15.440222800399665,5.905202931281272,17.373308822971143,14.24017092476303,24.404587998886868,24.678426393272474,23.120811144283092,24.250847411952744,19.615396562335057,14.190956092903361,11.999559396166685,16.269288827386955
14.26228122691087,17.60549378480153,0.9225926897889352,-0.32758485115597286,2.753295112566029,2.966699916568676,13.363900546157943,7.492255242266996,4.23656006195352,7.704107087813484,9.584238730919749,12.853036092357883,8.526361434277577,5.958970398158075,19.971951144753877,9.464909576982969,11.007959398757055,4.004242392576795,6.510360848567848,21.671692885945934,7.012351332191477,20.469383090321095,19.49215676710959,-0.3822848211678976,1.334402361284591,16.24040094242934,13.496582106385976,14.129555695540791,1.1222160572184077,3.0617220907976432,6.029340612132312,2.336142157127314
-11.176703033477581,-11.736008656763072,-22.720827422932082,-21.57918106645557,-18.229458674321176,-18.54174105015304,0.8105532265243287,-11.241826071697558,-11.415725293625243,-11.825658012580611,-14.051699055161155,-23.85369966781343,-0.5620494920524777,-14.158574506650956,-1.6564046891576496,-7.433104170537767,-11.659754826853048,-18.833376615560667,-15.194386005720169,-3.6076449757303446,-14.735327912659002,-11.329111327713932,-4.159234052703027,-19.033024301525977,-21.014712804330845,-4.70600590819289,-4.351556578877548,-3.4127476196138864,-17.905138920895627,-9.02616737301521,-2.2053369991765797,-21.66207743927949
-19.055968498398883,-19.76207014860819,-16.984281442848893,-14.693503114961274,-27.872583328799585,-8.586642177473385,-14.955150105130656,-23.460955909144452,-20.46874036891803,-19.918964619705637,-16.796875275711283,-17.289395710516857,-19.09921465520463,-27.24284721255298,-22.765941208588018,-18.424211010454695,-15.190419297026086,-24.46754733967338,-18.52130312394329,-21.447232066325732,-15.022979077962056,-20.359297536083172,-22.70354605588414,-19.42691032538314,-15.736164043672078,-13.542192688485384,-19.042115528025267,-23.549164290501828,-22.978129213806135,-18.575946652102523,-23.474652779138097,-24.386584560762707
-20.90818612606774,-6.183395826817038,0.7851504990383742,2.3636610777380707,-2.404658659283139,-13.852842199930095,-19.335841581951108,3.831678162885062,-12.044620284139498,-12.060516488484293,-7.61871102179071,-1.0368183779498312,-11.961600999909122,-5.098164871955092,-17.247730650596807,-7.700233449531927,-17.70616262158123,-15.666301219372391,1.1717672628825526,-20.706168070901253,-3.0653826062008136,-18.052657287449,-11.048799285158822,-2.524966727792831,-8.583894339688138,-9.887114450906697,-10.346166469778927,-8.563736845524112,-7.205106385559888,-1.611572546561662,-11.417367601285227,-9.464291436518979
7.437022933805089,21.95220589553765,10.47325581065876,19.52914152749811,13.441128393307768,15.833602406565209,4.6049592300000555,9.216983285055864,16.76039416272531,25.50416894960065,18.5778803105542,21.536691148509355,21.37323142669155,13.9025459152723,5.3368911847328935,14.43762767809449,21.745025618254903,10.379030753729188,28.043828449387153,5.762082421344364,23.4216509692244,9.267271228083594,8.102645667894443,25.387865442282475,15.72398788219584,6.245058660513825,17.698210204310673,17.97028866544735,20.080159484129066,13.555174431133818,6.36266539450204,21.283261297274933
30.35120216435881,29.280451092638764,22.925476062307165,35.24244345555746,29.351959332164277,31.431832083235463,21.854860243193215,28.43128061077023,24.659400748689244,34.56153099100284,28.210210973563825,24.555089722496646,30.317403133675747,31.469074055751815,23.476059196237244,29.09439274546459,25.802845371958558,14.616953280684626,27.251440429392208,22.302221474567457,21.217585912827197,27.803958512884734,27.705824977554766,18.581986515159578,25.45940697043632,22.55709213247507,27.622293001932565,31.317575178651897,23.9453886369611,30.1436913777489,23.181405665098815,26.054907790080726
22.184716093523942,23.51384435204969,15.867499339883915,1.037185226732421,10.540133647089775,5.014129127274427,25.33750762686825,22.053088290613122,18.609863922785667,21.342523870899093,12.359017145388528,10.15129818673078,11.9835664695626,17.843481257739995,19.821256614060086,17.246393539627192,23.906536607816413,21.56524585595344,16.361614823133177,25.917844798194814,16.72208711697786,31.484932532227447,25.406153488513173,11.471800020851997,16.110805836458916,20.710549933241136,29.309907134469192,15.05315249182634,4.79101062547726,8.750597391932795,21.776493484781728,11.48459067593296
5.628883550696985,-2.4409401872405767,-5.948004857111394,-11.43999520781609,-13.7606800964221,-13.71803985858612,4.308663302281883,-4.999323357094638,-6.479730903985411,7.449611913455274,-4.3317828474465365,-1.9369302615379564,-6.415678146307725,-13.668864008290114,8.539100013260141,-12.229845811170375,2.1369297130066247,-5.475923566795566,-6.249398508963911,5.956783026866505,-2.029673322854479,2.901750460948998,-0.3183644183841372,-2.074542532300541,-1.5845382768213936,-8.102502119810811,0.45019801315976804,4.390078129118788,-2.739734118547336,-14.602350562408823,0.04542707473653956,-6.611778422721
-8.188510965597334,-14.941053134060056,-12.579221375462232,-13.646313639343152,-14.640698075956417,-8.596044456736442,-7.334239951789955,-11.33972319350895,-7.606341506555505,-6.61629477999203,-11.359386312948635,0.4328968573674741,-7.2706794582168595,-2.829161415217171,-7.771135417824026,-6.202489072624138,-4.4909477552460055,-16.114074827624563,-2.9939041532075032,-3.3920640071616552,-13.731648809537749,-4.321910032418288,-12.99008655939372,-1.552201143853508,-12.776919678487484,-19.968552318935952,-10.243282926509462,-5.507091547275612,-1.3519655090692495,-8.068688241604997,-6.332838329255244,0.8872322928655035
-3.3424005963536327,7.738529755662549,15.655033931345418,9.337136297327307,10.604229474556844,1.1799568931902882,7.141566610419576,7.448604154041181,8.58330326620408,-7.811000069466203,-0.878437083459564,2.726587327675582,6.803083322750459,12.244986593999943,-13.681604135920978,5.532456774181548,-9.904258988181905,0.5775928882131024,7.942366168921185,-6.299177654039549,9.614292806427558,2.280619557734419,-5.874489857755833,9.92654550833986,9.977373746571574,-12.205907875197822,-0.037069394547127876,-4.0674431890968865,2.2055847996832965,7.22046749009219,11.539244564422289,5.7333247967132355
15.229111157559622,19.720985520875153,26.983887889144004,36.02003374467773,29.728877203969162,31.479126227941396,10.607799244046493,18.942390612348518,28.433537751819486,22.619880125742537,19.588958883745175,18.673293600187666,18.57850185001318,21.28090873879731,8.09733369922164,17.097637733715896,18.326024824614436,23.48674899292849,20.007896674392054,13.203509375216367,22.16357329482255,18.01039292068979,14.299755299016693,16.310967482676737,18.731303182779723,18.085399085138437,12.867106835457355,16.012461487259174,16.8474955203751,20.596088050313455,22.496778800256315,27.12756717821965
18.55338112149735,22.5906739511944,18.016476681114902,22.514707628105093,17.1607241374218,12.432189685253812,18.378303592112605,17.698534813818473,14.964034104310212,18.429674533804288,19.135010901911116,23.260479690269854,14.070477570602339,20.857923539043966,17.194107819358205,23.568393168282515,11.56922867514082,27.294273869056546,16.66800694579094,23.540448116445408,18.858372740223974,18.39499307088914,22.65566959250939,13.949532708212454,25.8097075758917,21.314910688269165,15.573284857306772,17.07835383809101,18.44048194971456,6.540953845062909,34.42462260625322,22.033137066575414
17.587026783053282,3.695585416281986,-2.6793938295636286,-0.14521058762360983,0.3687615356071755,0.46312141192658784,7.514408846619588,-9.462159319264169,3.96608646114486,-3.8855564408676697,-2.9774946144338945,2.0664260971225756,3.993060861919841,-12.775595294701215,1.7312093048477029,5.200557749666242,1.059827527956047,10.486886776318125,-6.034450293750188,4.853685371608235,-7.297944129849956,3.594197922842441,2.0124325432853176,-12.731507760270114,-8.871250574794502,-1.0854769679024088,-0.42430334050231044,1.3752388661300274,-1.8218508794078065,-12.060103950841539,-5.426711505972284,4.878405551515825
-16.622656693914706,-26.630558452656835,-27.864449937730374,-25.191438545840526,-27.491644319175105,-25.564090978030237,-18.583391394076905,-20.379000815327636,-20.269962086144726,-29.74002497668391,-24.33627709180881,-21.03299826198783,-23.413815653069793,-20.67573802656017,-12.511228321257004,-34.82075360181658,-18.72819875844584,-15.100496291318677,-31.49971413182882,-13.360352528552278,-24.501219046005822,-12.532893177657604,-16.464837695932424,-32.95665349897014,-25.705474160499065,-17.496446592310292,-10.776414303975471,-21.909626755307727,-20.343260352984522,-31.204744319030763,-19.552158973521326,-23.824118877995076
-41.741066574674775,-33.262596978606844,-24.699372670783244,-22.566588107835884,-26.23172018423845,-26.549732351804938,-34.938365760503125,-27.283763802338633,-27.354491143231453,-36.992365588740455,-24.245078405053544,-20.53635378440267,-32.31229196431508,-23.74482835658165,-29.706582300099697,-35.72963083795042,-35.13331827799854,-25.5589053503238,-25.92729970941691,-35.720542724308345,-33.06544883913046,-24.391519491905235,-26.3521245046056,-23.263258995410506,-26.746260818783266,-34.4585885939865,-36.19907519718708,-23.99645030132985,-22.067093851174132,-26.41734383838387,-15.854681294696665,-20.1243111865153
-20.147904329581763,-16.926887324736956,-3.261102751354704,-3.151202473078144,2.946576837186389,-14.174293238391527,-15.263939151582926,-18.558413981318587,-12.42789565495727,-13.770683736762447,-3.7895466201804777,-6.168050772780789,-14.420721098041968,-8.858654827449095,-22.379225815973886,-23.510402376713518,-14.06513360746736,-17.08796629239602,-13.307367889514218,-15.552195214123646,-7.354083605154858,-18.501030909392483,-9.4423831159649,-12.672252340514413,-7.523953585400405,-19.054010484597587,-18.691405667657186,-15.556712694255268,-2.677782894713214,-3.1703315112430692,-13.016713204265438,-1.9028696064404738
4.35302073257926,15.415054566386724,13.47390808007942,9.24024335622541,5.3167246004639495,8.313708376322301,-2.255285569558124,9.225396097717555,12.76417656243447,11.36443488583365,5.560614501675467,-2.2087355514774916,10.574795206962385,14.582482595046557,1.9461904811044464,9.21493189378543,0.5663433334664738,0.7128460256427688,4.455618186028278,3.5485489069956593,5.8563229528417855,6.630801495050362,15.290840155976298,6.667469305474091,3.98446314937434,6.137796960826891,0.20161589283919645,5.723127078165445,4.696067738633442,2.5478321684386804,11.560569593074286,13.146484328213159
9.986753579113405,21.94508503863693,0.14388673824092757,2.1345085104141694,4.05919570256819,13.430485181270484,5.776224796782093,6.4923812090969895,6.317981852534912,8.8144096241178,9.715871793395884,9.537697211364607,7.4563381848170405,10.834165965892515,5.397406361389333,5.929386144315192,22.48227814184043,14.714236585527233,4.16138309696948,12.848487922593696,9.648243993479674,4.328363743249206,14.981292143060857,3.9669573845951778,10.659435841561557,19.446251883611602,16.648961131266837,11.58574276616511,1.0323056525521066,2.5656067425247326,1.633915667434211,9.100315859872245
-1.6883508805623835,2.170533000226896,-7.557225062025783,-29.448483161087214,-16.302744024197995,-4.362882081697879,-8.253187425936785,-10.061448620894176,-7.273444714778498,-3.4786055288350455,-12.260519476978043,-10.707147765485821,-8.221038622894877,-1.5811908916741384,6.308350643158346,-2.3257313500687213,-3.4282906721827477,-3.046146484722732,-2.1190462780628825,-4.751087504833009,-6.361240822105886,-0.8573334624121832,-9.269591476060288,-13.377191765848373,-15.199987072513586,-1.2382365794084387,3.7798772964856635,-11.39342675591674,-9.612274340243076,-13.270736377263677,-11.471636970884322,-4.273252977748986
-24.427151058084828,-21.65712214125927,-18.275301756092677,-27.13154620719327,-21.894002727367155,-22.734648999829187,-13.43940078745422,-16.981853605298937,-19.197124363584606,-15.056142790898832,-24.987153420000695,-21.682786163117026,-21.329753861126648,-19.902491808854148,-19.501383940678927,-16.624061198390677,-15.125418960677168,-23.25970906264461,-27.902805752280315,-17.980526452277196,-26.462297269708365,-11.234557325082772,-18.8400708042934,-28.283313935914542,-31.585052213987467,-21.956659136256306,-13.732518722330356,-17.67859658765773,-23.067334604034173,-29.574023579430406,-37.9486057298213,-24.52349548264043
-25.042166829298463,-11.449421102395798,-17.42339349619088,-12.495819839905863,-12.602481612543897,-17.016425552450695,-30.14237983581424,-7.136421879556196,-25.968069413975027,-14.501178616235576,-5.897453108610503,-20.218668524221346,-19.27082940355254,-20.658860329831008,-15.407451526228854,-8.744867509206806,-10.454614476184412,-18.623545612064056,-11.412821930253731,-25.957218982191826,-8.846556418609497,-14.88077801631974,-14.61812832747414,-4.3205255760616685,-16.064559530283134,-11.38575397431589,-19.679724414180015,-23.23719028948209,-15.930623649984545,-15.586466693379236,-25.003022818150058,-20.866743591218682
-9.992559781227063,2.4403486214088095,10.156380040164013,16.882680650578276,13.095862672339036,4.61021437326056,3.255802052973666,13.693659208088901,2.442777521139227,7.874167477238067,25.779714694775766,8.251347576934046,9.39859228292287,5.826538522441311,-2.335893968834494,10.16157609232586,6.244723913717286,4.108592203337057,8.264945336554723,1.3548642017847907,14.782363883172525,-1.1354444914792379,8.540055190636686,18.756373572270302,11.929875096340082,4.049687347607652,-5.0466906637344096,9.969522806159757,15.97256488851902,15.306406240060554,10.23013383971366,-0.7541134724195884
24.04599372478166,32.73063593415334,24.21952556310029,38.459908285248616,17.260038916291442,27.55832635750705,25.890836977794972,24.62251806085949,23.331211577908107,26.00218379283679,30.577575628514836,26.77817032984364,26.016310890736765,23.731915734828945,19.757726473510814,23.44892791586778,19.08560261244585,19.165635707148418,24.317437551085945,25.718267963179137,30.719694623360546,19.00317006690682,21.534834630574757,29.95239782800134,25.351346393895053,20.4644634950136,28.769043549608043,30.89581108593852,26.82139139507434,27.71978312038889,24.635819611050554,20.638332703360856
24.08771428699764,34.170661260044156,15.21149948280412,17.543528610671288,20.754907869285297,25.05725060851955,34.47498550679019,16.488735629821093,21.242580957114658,16.522221683298255,18.260683985110546,16.9799871089611,19.358007765078764,22.47549498878289,26.97722665682772,25.981396287364404,30.98049416929217,22.87309585037747,23.623420973064725,18.326474885974452,16.95752525304359,21.154413984084727,16.669051502323594,15.059102881531532,22.07319723102684,31.210092522218062,15.389188594144771,25.42242579691134,21.53487137874048,7.754911143306417,21.767060242834155,16.220547237080225
6.196802798873776,-4.245332391866546,-1.4454224661456214,-8.44428332153906,-6.652929321948668,7.543097043885135,13.52213880646326,5.150444930563503,-7.298429726014469,3.6147806173007053,4.468829235201656,-0.4875738974359396,8.128120902804676,-9.807219687977556,18.163877926625553,5.630814024332873,5.395363388951217,1.9146661209888804,-3.6514316598083494,9.999330741589024,-6.277616282415954,9.078046264934168,3.547517527392339,-10.080870739786716,-11.09576871137001,12.122842076268286,3.2727159801306107,-7.970121314000254,-11.151870047786767,-9.903711606599039,-3.514623323550184,-7.995396557556015
-16.606573175818433,-19.99568940288643,-20.743384329440936,-16.808146941502677,-15.471261677970578,-19.659560760416447,-15.53704663620563,-9.689172353325791,-12.114263564779511,-17.314366546660832,-16.595928399782387,-14.006311262503601,-17.971876712675023,-13.345515524998385,-9.409116786908491,-6.50099966974243,-3.280746394171641,-11.452312372133163,-26.929557021142603,-15.239087060939848,-20.084159720393664,-10.599618847619002,-10.11105909546757,-25.16891671447055,-19.83304922345036,-4.562187964406251,-17.87907202593815,-13.218558846118317,-22.30560318753734,-12.629911247700873,-12.32903610365177,-23.94257052048988
-3.2369450063414913,-18.08088346121135,-16.03555620748924,1.9423505835681802,-6.400573051003547,-9.45008377582603,-16.250596200385584,-9.526712604999515,-2.501070833682822,-12.04900095233301,1.6935570701438225,-1.8175701160509312,-18.24073780762209,-12.832830670092966,-17.2552307267158,-1.0134279998456113,-13.83522538526465,-9.804042477254308,-16.883626861653504,-16.527059628753992,-4.451839840700175,-17.30333586048517,-10.905810294154318,-9.196681223546321,2.338804520207178,-9.27872518188737,-13.679893085001666,-11.753593962756918,-9.884773774945025,-4.027154352492558,-7.687262962193239,-17.01863070949216
7.025246268733604,8.894594442725836,16.87732201934036,36.030099770565236,15.691892348392493,14.037911635733483,-4.712656862360949,10.642109146907442,10.455460685021547,0.659272416385635,4.880684730906424,16.558392232825764,8.091175481275643,13.379543494597446,-1.6942377860213031,10.047253928723265,-3.6409018344624067,11.007348809452319,6.6824287055657035,-2.542030701508538,15.72591252037611,-0.12574418474400356,8.248278266385013,24.52630740850932,11.660002352684252,6.34301006198632,1.9099856178271843,11.991454534715066,13.067353956521941,16.37371107030379,8.602654845923864,8.024769007208132
19.403081691853107,29.75388155732495,20.80214227932273,28.212395042164143,28.52018349042025,17.164496095652105,18.33902903659442,19.39588143630228,34.480840068098665,21.841652171892058,21.766006646665407,28.738453051476853,31.102997030349194,19.781341618287776,20.599987474712734,18.406244823855364,21.45139360410414,28.39351923494252,30.26308319991086,27.5834831185649,26.628668253593737,20.56795800348773,33.564353664285214,24.810848475564555,26.558140189156564,17.79596749645251,18.066993198042766,13.861814396129537,26.97585464968047,17.382641638096544,20.73225921499299,20.961567873912806
16.007248650543232,20.064041664034033,16.6892919882406,9.169024791124789,11.267558102986621,14.455338537206615,21.03555300289983,9.636115032594919,9.44878611847657,17.428363793931034,9.854577534576471,5.234021809155165,22.805759124931324,13.987748571320523,24.3657691755354,13.629356715590205,11.814969982418411,13.53628834748696,11.95060609106896,20.355892940732094,5.796891316243438,22.603583400238474,18.51208298718367,8.364391692864146,8.04268675350997,14.074231605146291,23.395413405080973,16.25975705216177,10.238660392699506,10.276513136233158,9.960235667561955,14.211627807891446
5.674779559423147,-7.131685558927913,-14.327605644092548,-21.061743780933302,-12.46645328974066,-12.346301202389315,-0.3790561224959821,-20.933149664761483,-12.80176611761047,-2.365017211361934,-12.600253310443536,-1.6454968891872097,-15.504510588233778,1.0974121525363971,3.737828090724795,-4.3851857082428385,-8.80274130752377,-2.7389038977658657,-12.904821441032773,-1.4439269598605562,-10.35493633750912,-13.84937878261859,-3.8353838413734382,-10.166303095665326,-10.970947428376586,-7.168470542753666,-8.806657116022835,0.04604846673524343,-6.82368591820588,-10.393618782870282,-10.120498907506951,-8.847457885365595
-8.960109104991867,-14.642886512507499,-17.495258254793985,-19.870938981012078,-16.108502046716097,-20.20962842723031,-19.142281954212404,-16.626547242529092,-16.049170461247346,-13.449585343675468,-29.727876987879405,-26.7685169281833,-21.533963287208607,-18.38690407176135,-17.74526850431964,-21.017996157065404,-15.575245351402332,-21.299735556094483,-15.890611860924166,-21.0994357587541,-19.887601576343368,-16.009603840685504,-16.146925746305833,-13.428675015399008,-19.374233313513265,-15.672248107878634,-20.609557000383052,-29.227132916296842,-28.657056350986753,-22.502383693302722,-13.539400643184958,-8.177156191298485
-12.360366650668203,-17.560157733506912,5.685432166833615,-0.2529845930655984,2.9193780589209046,-6.7813854104481175,-19.69058472179409,-12.589929840707297,-2.1379607543444283,-6.012504216221867,-13.927095930127736,-2.7592728302936766,-14.250229679901448,-10.584906053777312,-16.407680726473274,-9.971157990782404,-12.93485076746962,-5.3445273217093545,-5.067958143239484,-8.418106261108688,-1.5525532493275724,-13.51184786160168,-11.17064730131771,1.038076244254814,-2.9807466244870193,-9.109559202832292,-8.077112682602055,-9.80452396515515,-5.102575166027973,4.628881616027118,3.77169774398785,1.186615531659053
12.903998500800435,22.93375516336869,22.395335187034433,24.734094769179585,28.55054350972557,18.85430756083524,1.4952379882346978,8.867297056239503,16.01180261716859,16.074471414331654,17.457442998767263,9.634614628353276,16.535728063893394,10.096143116925427,-0.1117262566775816,-1.4890241186886188,-0.3874897506729552,7.670952876205888,11.122875353660493,4.981106394092127,14.004151120368093,2.3707722797634405,17.609979144207458,13.214309991071842,11.693389103116301,-2.234246705488481,-6.2262361575412175,13.73834349894979,11.444265651873032,16.620775893362552,14.650129830942891,18.37805809372134
21.789289419929865,23.067228682696342,23.00993481296111,18.7686420814206,17.284635633204598,21.341192283813896,24.220613768016687,19.21090557935296,26.189715620555482,18.460144529761628,15.909283232138446,24.92931083013715,16.960220514266993,21.42264916119949,20.90329353306878,17.438919983669795,11.841614635389348,27.9849026947285,26.468759058209947,19.514734606719745,14.905092307462885,20.9586993351275,16.65331084585976,15.000225974004003,19.847971583037253,15.428003492251001,21.347972197766328,24.480443196369396,25.93874847752756,19.958586640748862,26.147370871890725,28.522814170375167
15.000771191754449,9.959874838917711,1.1366800043615592,-1.100295701524705,8.705584454266496,5.00336916480507,8.572759029942567,4.4478059908654535,3.690848802448553,0.7679633665845875,4.011124363459684,3.6156815139871803,9.633987687870578,2.8463447373641415,14.112069284880743,11.580348704214526,13.99210688162294,12.459640660406805,-3.8868505876512898,23.53584651004502,2.999371504345698,17.521020722970057,13.960462313708105,-8.551102285519677,6.719418850415289,11.623086795137397,15.156167784540454,13.783735998404227,7.913315080258592,-1.3380225536478796,5.6447543985307975,-4.288714450768847
-12.33097214152225,-30.161871288928634,-21.49187750031288,-28.00792984804347,-20.37950242829957,-17.959171359754443,-14.513489511387942,-30.572753023010964,-18.067040772179126,-13.71429989316993,-21.891012536966443,-15.928212524405462,-10.560474868083217,-16.39934754772946,-0.8545104884150256,-17.978497752907575,-20.025885926791986,-17.214616319461808,-20.95631465616603,-10.214522535849342,-27.030636048734163,-5.077084251746711,-21.188015071710453,-20.654306635786764,-16.993845608464902,-12.397371653575405,-13.63268578104421,-14.478351554697147,-25.005019440322695,-24.26749122241552,-11.41507067399171,-20.03330300381484
-27.93175294541361,-30.73037754217195,-21.057028737935376,-24.482980291845255,-27.106573973080344,-23.45911021071857,-28.689858226256636,-26.0157906309554,-20.777927433128053,-26.988623960089402,-30.408268237915575,-18.000371276071338,-19.565043785839244,-33.60254698309209,-23.487739107562607,-36.80922481359228,-29.08319254256961,-22.453597844026984,-23.8364354040247,-25.98483765019602,-30.254342138040197,-24.985304935287296,-27.152972363215394,-26.20090504739587,-25.08993711540396,-16.20381529135509,-28.466842266549783,-27.842443336321317,-21.383645955155917,-24.186211501182157,-23.753367100445903,-29.936187096261214
-12.20019715921493,-18.11104270807906,-16.16180854256008,-9.165237400138555,-12.508091260939494,-13.832953859186894,-21.589710853211233,-10.983837000573008,-15.567199779237567,-22.81786504050329,-15.0028255865834,-17.310510288955577,-14.11989102570481,-14.759634054731496,-26.167878752762945,-17.154054189769315,-18.715794803037063,-14.636879415808588,-24.763738609654208,-13.655241719673938,-16.406826591242105,-17.768297407928962,-16.698217020646577,-7.912694616212132,-11.195193699439209,-20.118575977351252,-18.895911140768444,-18.71966219298001,-8.761580332092091,-2.704971554410881,-26.234490280612583,-20.318591759468852
1.822257189364124,-3.1577125012862504,2.8452013068451087,19.184439389344675,4.2410277909340195,4.718697840762713,-4.089562866039023,9.457885405132094,1.8711412503101803,5.075676124561418,1.2762656403119315,-1.1028679648705437,3.1702956677547376,11.599425811923373,-11.259917794191923,1.036728530909004,6.77896920452633,5.783940131016154,-2.7629822063798297,0.36866233322736264,13.68243105972047,-2.7547069363002072,0.8396839230580586,8.17537325829321,4.009690115070289,1.4035647611063142,2.6795062386596804,5.19862295628303,1.000538611700361,16.109866466352123,8.342933039940359,11.615141600219257
13.003394832746544,26.446663737216017,3.252887965002813,12.44198800101454,-1.9446896923774981,4.781687026717856,11.008389051388097,7.183378085627081,8.233164227400579,2.537836380716768,15.830924050307644,9.688230488904368,6.445648175860756,10.171207669557097,10.901251994913437,12.15579513025739,14.869163312379019,4.352959126990039,21.114085353974854,8.865860803829838,12.4915663742578,10.460231623769351,11.727047144656659,4.331414153953267,9.991889164634692,11.88276281770666,9.56687621090507,14.040950049803502,5.2752788245750075,10.098548199862838,11.434056380665693,4.4683116429018455
12.209456853872556,-1.1663482509618086,-16.98155650199322,-10.691051610075387,-11.05599510082911,-5.5626777655238975,5.256898423505281,4.879778528852536,-10.020525280929373,5.050473297508269,-0.6594866471889188,-6.272318289519051,-2.5675535660495217,-1.9709181150942714,6.498613924126635,5.32698259831483,-0.817974323888303,-9.511003771704356,-6.70624256567351,12.587845293714427,-6.800819374371607,1.2860570062492565,-2.554750873129675,-16.471499631439357,-3.5537449956541325,2.7287341453840908,1.7971688026769899,-7.177951228123665,-9.173013579438487,-3.6439056213613124,-8.693950233225568,-5.755032990717699
-22.6123393248986,-25.088491142575503,-30.46773621171993,-24.00650671003065,-24.879570079933508,-28.7858617898062,-7.639539414567428,-16.00981843083991,-28.46881752131563,-18.01466038496084,-18.879492906665494,-22.783159924464478,-21.620439595315062,-15.184600333147053,-4.533500017704062,-16.674969747583443,-6.996830711278038,-24.576117855920128,-22.617919601041685,-17.503848790251872,-30.06493480619803,-18.58316634755366,-16.689053828496924,-32.958921898646935,-23.115663571520457,-17.19911875792263,-10.681436382189853,-19.251792012801914,-29.987988890677922,-25.6280897615213,-23.40186393821039,-22.214148215350484
-25.592736582414975,-24.48450535217711,-31.55013078260961,-13.839098447438513,-24.33426085885016,-10.787318693931518,-24.024949739202587,-23.070799484554154,-24.500073802773628,-13.468983778146171,-12.410998001950286,-24.443648582217037,-8.697719979265736,-22.690753298659697,-19.52245761025028,-26.12097406712792,-21.371531944926804,-30.90228869663558,-11.152160093508254,-21.782437470265947,-14.465275977517194,-15.364873006367304,-17.54986970344844,-19.200136032931926,-16.106828230407167,-26.7219574872073,-21.693205551809662,-18.386660055533095,-14.380341603213594,-18.239837998293332,-20.063846119649927,-26.66537531855396
-0.08009539348460604,-7.656429499680524,6.714483960218506,16.94246274907506,1.4674182345601914,3.278288687994986,3.4281339220322327,6.756128037919414,-5.59933182508827,-0.9263424792128134,-2.9834303081132187,3.377393106149045,-3.0501059174977434,4.3167405631882705,-10.720609376256245,2.491722370603756,-2.9845342093228067,-8.882211800723214,11.397146622558042,-8.226225327058243,8.689866982737472,-8.670451562713094,5.113176814331647,15.341484051600814,6.221540028764751,-2.912080146922848,12.146313096286208,5.932544438392983,-0.31266342542432257,8.157081471902451,-5.344416714469189,4.871224396990694
14.222625468557695,29.359712645782057,22.22841225270128,35.056764371223444,25.64223901967177,23.84361994252138,19.040573349391693,19.11659539980527,19.1784429250955,34.1536767398601,30.35226357479511,19.530249606739364,26.350092389614925,30.741681617561458,16.117486733093216,19.90439669230026,26.535753012586195,22.70613190585637,38.64088035940905,21.106320345790667,30.41351206767033,17.959365080128723,30.381009857584054,22.987997990151857,27.08865598711379,31.005419931497638,20.81429538248495,23.899350459022173,25.16944924035911,25.041725412700576,21.46466629713518,24.600641633688056
24.80673975658297,28.110196069456155,25.564539505324973,23.479354785432783,28.356869329479093,26.83828679196587,31.48684099771613,23.921197062078686,25.223603708673238,25.79041438194462,37.32851092531523,26.49648924690031,33.02635953878817,28.493496365116776,36.55356097005332,45.13530298891928,33.4250389226064,22.10352847695193,30.673552457984464,32.24073039736159,24.259619277766944,26.609097074179193,31.54520644780223,19.7296938935176,30.10666833892457,26.14046529565336,28.393712173293842,20.5433488479165,18.602676811008507,17.10507772224879,23.873808783413477,13.965640420652662
16.54982432309665,6.563429980820805,2.596606387000732,6.283857320148027,7.397954865386563,4.682556426635887,21.70494242887652,13.669750443104915,-0.7292748017144735,16.034776049194786,12.732107831653765,6.031636622250591,14.372319392619078,14.885805688524009,22.083201020207245,16.906800406517803,14.950316025344694,18.752259605040766,6.120020899056541,17.426382566341953,-1.237804935448995,8.710833984211783,22.582424600334235,2.5679952881875843,5.802219679218123,15.508991422152102,15.473016979242557,11.905523445743736,4.582286233167624,3.989374864534214,11.667454994095227,8.568453164997551
0.568881605322769,-16.67203997943765,-11.687768840109552,-18.317935608931197,-1.8231793688706122,-12.73799341841653,-0.5504744196846679,-12.790082331164506,-6.89427710531783,-7.528222714188081,-12.998475334307201,-3.6732658505632854,-2.5523657086094658,-3.243016079205448,2.4513644252729905,-3.0545910449157168,-3.972939354343103,-5.771483386975626,-1.7097577941024316,-1.5759250668735172,-9.381806668077202,-5.764644708063178,-9.835839795346725,-17.774670884937006,-9.625199760952878,-1.1914285336915458,-6.464091708798346,-7.626869083841069,-0.15928840529540467,-9.583456512358737,-13.939717094626081,-10.22794655288011
-15.257642194020436,-19.634043048243655,-5.339485059053059,3.9477957909223154,-11.114436114577659,-13.050271442216312,-11.493570658822449,-9.415852620098358,-5.901735314973726,-12.46767980077953,-8.502106438041604,-2.307912767490352,-12.018404309013869,-3.0650335448830326,-8.844866337422024,-8.83987954468534,-6.76781095838652,-6.143557223750321,3.454390949381709,-7.230230209733558,-5.264762683124074,-8.461804379840931,-5.518384840199053,-2.0196230828604795,-1.2394364722522269,-8.32991580566116,-14.02499768847877,-14.721832852356174,-1.4564172941059403,-2.3541534996595312,-10.195222796924426,-6.628381008136185
7.527832776063312,-4.13587189146006,18.47260320726881,24.50385594297682,16.6069684831883,7.588384536321518,-8.930778158895583,19.633209500022993,14.396050837895066,-1.3228422786633414,11.113281982872401,11.529775768182905,10.022235965426843,1.9770327406774597,-9.151653679838214,8.257896552513868,0.22322563819291646,4.673230100030095,7.7125520388013165,4.644362382889831,19.67218872586295,-2.8899940042580545,12.186650237171644,11.813827076630407,15.328499252713344,3.447708011866727,11.175409712508626,12.233317463576405,18.556171216691524,24.16260752718323,12.97204782116783,0.3941980612800816
31.377915827106484,21.670166944214053,25.771606880862578,33.34832378578885,29.049872356910836,21.6531436220695,12.284737220159656,20.28629367490646,33.617485985464576,23.826714226730324,30.053898051004794,26.1561724523484,23.660580950980385,16.151190654208808,12.779660224977846,26.21656030709238,18.60807529380953,33.57471335195437,17.749683161701572,22.475997162718574,20.29131441913453,22.43844135747875,18.96027845958735,27.416532708724244,19.649873154309915,10.127481390416547,28.92529544944865,25.733169465048626,24.394572230429432,24.230343956678137,19.310284277282918,28.03593455172255
24.743537683296054,18.283732522637873,17.33001538868144,17.38180137571804,17.590246809257593,14.771706055215573,26.913240770327967,9.110467818379247,23.01672527948139,12.528946877876544,13.94015179055049,9.436477922825048,26.592328999994887,12.50941036689198,17.80250424550088,14.849066855608891,12.60059094223889,24.682157556979003,13.021836597253563,19.16184792245672,5.6397501825451775,21.607492417629974,21.62352364778251,12.577107635040925,19.410282895284194,20.00145715198717,15.350059706154974,14.632171100238466,15.951084401664147,10.850454027440685,23.818030811084252,25.606087687242123
8.90731041528274,-4.954482277933083,-6.737951368256621,-21.596675178434115,-8.33412814911194,-14.455372785941723,11.731868232941233,-6.833942617001353,-4.751890344739993,-4.343436624269736,-16.46280958188073,-18.38987971817815,-2.8021006508233954,-10.88768651945102,0.5030666989138054,-7.240095641779177,-9.496927022742213,-8.377578943215111,-15.76229951947669,-7.49873405143211,-11.356308162013814,0.4055362181083396,-2.347715750480746,-22.29395697965667,-18.102338526681088,-4.053157434064185,3.8411611227827076,-5.55058555635626,-7.985778606698968,-14.555933558441989,-0.7273442133452468,-7.398991775577288
-23.224106558137308,-32.55583682476074,-13.353220031706977,-40.198758391114936,-30.85568389742607,-21.028053134205884,-20.64898391622212,-31.014138189195748,-27.7926345460098,-25.147419366793148,-28.78428239724901,-28.1368150240077,-30.576800623281773,-26.60247482156629,-20.00469998133207,-25.01883316003451,-29.926141463309055,-12.44557472210131,-29.318959191592445,-22.077892549325984,-26.830757505878523,-27.984453665571223,-17.425824184064542,-26.178520428347237,-34.44329909969636,-26.957529478210567,-26.10127246462691,-20.805126336939583,-26.088717876039123,-29.185151238487308,-24.280541271796412,-21.111423677542046
-30.963098815543535,-33.029140179093076,-13.656208025627928,-15.916992143184677,-16.400401035533,-21.259753015687526,-26.769881457554586,-26.22468190114134,-26.420746853727927,-19.64721000686127,-29.913321184120857,-22.731168927438684,-20.035403713497605,-14.265519372989008,-27.065667020523264,-30.56491236678078,-28.242142698452255,-27.651836419957874,-21.733915523807116,-30.323654825892454,-10.464432043071453,-15.369960326712018,-26.470318842661406,-11.409668600900943,-23.75304589166611,-23.535330509819985,-28.663247424855516,-25.544868112840746,-17.643622686454524,-16.37003033828476,-17.93886484215314,-9.577779484551254
-6.634880531384959,-9.545570609711195,2.5375656426278863,12.501416179902453,10.922425860145387,10.299282837413218,-17.713458567671456,-0.5640055572952328,10.983615688044482,-3.1757381445607145,-10.003055121458779,-5.793673340934715,1.633646292351988,-8.4639361247341,-4.542368659306939,-3.1379652992339935,-1.5655250149430768,5.7547726752440225,-0.8929826849840156,-2.202110085369621,3.398827344672436,-7.669485953279738,2.609874070125584,11.848339645911388,-5.010746495045942,-0.17796416918562152,-0.14219175778123982,-1.8448030419898767,5.336459553974077,12.098689371946977,-2.213544201019518,5.87039069249977
20.40796360389596,26.69978937435595,15.001541425085872,18.862532726339023,15.173324741132866,17.409617725676803,10.865373202402509,19.546006908036954,8.43611826639824,15.563247471052081,15.651227033955667,19.164180961045624,16.803044839730305,12.623695518817222,16.340440066051297,10.303568819256787,6.817226246560904,17.614754681715237,14.219773802965303,19.022611935812122,18.14419022929205,15.787685830131576,8.704083231743077,14.034277706161406,18.61340659909534,7.742073934558761,7.544553552289759,19.288827276522387,19.41566481970328,19.938118962301758,18.733806243113833,24.292175346363123
10.154396211468155,20.27718676388966,6.674912013772569,7.648839033150558,10.212006187653305,13.561805719859999,23.995355862278313,17.09779127490987,4.606685639012353,17.076884637176192,8.682651541257908,11.901846178379445,18.49812844242684,5.472232461644523,25.24024157916953,19.21444154512729,-3.8942372558152982,10.472560106601229,11.387353358168935,12.397468264983521,1.1362055829884776,18.17128064984975,12.661224554400434,2.303043547485603,-0.47266989336654214,6.413694885292608,11.759718241032797,17.76321490465143,-6.3380280475281,3.910426057550151,12.652853386148617,6.8807670270538335
-6.579038738785293,-12.118237158488753,-17.136023986453395,-22.807724368750208,-21.744417590940646,-13.341072828789093,-6.632944994241742,-7.769430666379294,-17.089559374740663,-11.649591979285786,-16.567474084865278,-15.547350614826453,-11.869779799052255,-8.351130767775697,1.461180936003616,-9.098583645277653,-5.884952731754196,-4.742587659913231,-15.011428504137152,2.2338908907152533,-14.58204853770046,-11.738738549635574,-5.058119441974582,-17.30124307398965,-16.607109130612372,-7.132609535610573,-2.8866127045152923,-9.765059913394685,-1.8304863999187237,-15.639010321165545,-12.606991602991869,-16.007382498083377
-17.4702915150316,-21.878849184596103,-22.827662164487897,-36.52330447308149,-22.970056592499432,-29.151066279664086,-23.000426442367356,-23.201923006620497,-17.068038069878668,-26.094714955254553,-16.27427533803131,-24.327884123134435,-20.938429039350062,-17.693117716734125,-16.652177964482156,-20.737176715976485,-18.33328684437015,-13.749367741743724,-23.06351506744045,-24.61854016253166,-21.47426370033339,-25.778900486659747,-22.777805033483947,-16.992949694551307,-30.198689860923803,-22.63501648528169,-17.35562869604276,-29.700449364261335,-22.25097436886247,-22.398675801249396,-24.143730679071307,-25.51735886396141
-11.42584402601253,-17.546925119895967,-8.525841607597785,-6.946081511520639,-6.74909813133564,-4.297965773825342,-28.232410866590474,0.8474356924425724,-11.945805917388455,-24.878516301324083,-1.1819352764796314,-5.02721748410559,-14.527222732459128,-16.516038616580428,-18.323531050237463,-12.314864883186162,-15.815460358996567,-13.141041966310933,-15.97369379600095,-22.2805303758513,-13.443636606020197,-15.189037422738028,-9.358413884740418,-18.820109149160416,-3.1997926178141602,-14.48152322038835,-16.71360429575846,-19.931536349575858,-1.450372851809587,1.6312990499574866,-14.02035727004262,-14.276371340354427
0.7276004855566762,9.79323179516787,6.118417494220702,18.584255167192765,13.461031705277254,4.070485965903189,2.871163050825735,11.009429449505408,9.69516080817599,8.454770943395374,7.114776271352662,3.9520141463393794,-0.11474996155246886,12.79314433564336,1.1578736852790699,8.463319306799285,-3.2975417614176736,12.62986114739714,8.62423782257227,1.2200834300944368,14.461352443510988,-5.844533236792415,5.489441387690055,16.820903247804864,10.4110844037088,9.948352762974789,1.117505609639415,9.536386185164936,10.6877101888205,12.607283051912665,12.50966611596473,3.7779839769618864
20.04271005831542,36.448868271371595,12.52991785910504,21.7551123293956,12.069137065261677,9.64382521330986,12.035295712452868,18.133837104395447,14.131477493956966,20.25995400339668,19.463660514798878,15.633605211069197,22.678680022728354,13.039828530719532,19.076714312000878,21.465877200062184,33.09026435191755,7.544937452394071,12.308702847759129,15.220139283744157,20.410619497071355,14.76675667433278,20.771307137461914,4.800441008862355,14.586232056436806,23.64943402456899,12.201048430928859,22.896723581788702,17.01177679030587,17.54599973225501,18.660057742154887,14.673812801382345
9.888881190002207,21.14719235345866,3.2369858508072173,-8.373286973766541,-6.650086565022622,-4.166426047661898,12.767448603027182,-9.602376353187063,-2.966581410571882,7.321475951509005,2.993282891461763,-0.865055130099043,6.434619425604502,8.722422491197126,17.743681830729,8.75860971931281,11.344956348172055,10.342790261721326,4.280620857846082,4.348010079079612,-0.9432580930938737,16.684825902374644,18.472496921048005,-8.590259306954572,4.138273959092242,15.779738624561075,6.43928710637252,13.48757936549838,-1.4683029646653059,3.6187646676255745,7.062732580152439,1.3954254538136814
-9.802334508141398,-9.851337948349078,-19.0166910883472,-24.87952156428675,-16.977865086735125,-15.489400906843562,-13.526853140198263,-24.44938993871272,-14.715936097507823,-7.886604456003031,-11.010363054919974,-25.11695766362505,-8.349636587022022,-17.382265919266384,5.64632209126733,-8.381603942660531,-6.082067155961003,-7.484538198420208,-18.212302766634284,-13.413373564889433,-12.121900711479185,-9.864708755086058,-11.055497500563682,-19.625743292764827,-15.410856440882418,-5.403375516261646,-6.643874557466888,-22.358262781106816,-15.940815295243734,-18.614255454210923,-16.314820613149234,-15.854786624560269
-25.202187914484057,-26.126803979362055,-27.932808150153548,-15.570734106115847,-27.159496025317008,-20.252896402196892,-26.270907337786223,-21.134781643762878,-18.01397306362447,-16.70596246827721,-20.460954131293803,-20.354508003019973,-18.01116917890009,-17.368476863426405,-31.51790184849978,-16.17723421076604,-21.582361649586474,-25.381554873820896,-20.713832598294328,-15.52463808942028,-19.12247639444289,-12.207062298247285,-22.87810223571534,-21.082621539675458,-20.653207517791174,-16.6190781862485,-22.140393354255835,-16.83832805952826,-20.61330390337579,-14.945835484009299,-26.06234434221605,-27.59360541839309
-16.13326485844827,-2.5652293737390597,-9.422119355063415,1.3368255097302377,-7.223550203931049,-1.7235928018911288,-12.2514033815316,-4.022287074670225,1.3794856117762104,-3.8059037592870224,6.490956795014729,0.17377671097310254,-3.2925131571569217,2.2487520312291314,-14.85781516088687,-6.589397206604836,-1.843553681531262,-4.1985012763579475,-14.155570765451442,-14.904294946835028,-2.62799848667843,-9.67860573218535,-8.166508782251837,0.11064425019307073,-4.491244629899349,-16.468958246661455,-7.962949618850583,-1.9904308118010758,-7.211034683651964,-0.24933449431573038,-9.29920199632195,-5.832619426827764
4.460399534988729,18.0361411649954,15.944487415228854,27.07908616507738,26.83848253407869,21.606633383922794,6.368586279546618,14.40046125597113,17.30261830053178,16.312829668635366,25.14404492078758,20.53507091718053,12.107281437545664,16.153783150352222,4.189456837460557,18.934224553410886,11.630572829262936,15.846174730629127,12.319785872001825,6.540894789472008,20.54430161638672,13.011121344927805,20.37344059224891,23.53070469880411,12.56795966235112,6.383607080229974,16.387821901411293,9.587285563799968,16.880888243351933,17.94245063572364,20.53918289077974,13.70183033008384
28.770706642557215,36.67432525273917,28.33009465673567,25.296813078806423,29.91041199408079,39.68738318380014,19.522854089781102,30.408836838576295,24.67466055930633,35.137630465307986,15.076590924308837,30.755329174645457,33.75503420986705,33.67765802417349,31.763891654619965,27.475017169751013,32.10197919991849,27.746651100901087,34.008239107041916,31.811672558038175,26.697446411795887,25.286324584485047,27.28439325723505,16.596608577137395,25.500718525649454,26.978783646106137,32.7896457512943,27.835850354942142,24.261678230526712,26.702223502853062,27.400482769219234,28.639560074317732
26.9366413231853,21.622232721100307,7.331370623228431,5.443496663729933,10.280883212830574,3.672214496684416,23.766065301706387,10.907392813154807,-0.2075731152436766,12.08683392003479,8.602801102188922,5.865849348995632,18.856831381355875,11.54125155784183,22.668218983848174,17.432471063301104,12.49964206910799,14.205126383070773,4.5118551769400534,14.726812100698805,11.34146649942318,20.050343121071457,25.521164450577405,8.896579460958705,11.89812776663244,24.432012480093565,21.077479856090918,11.690118520724809,15.213963245698471,3.2571502273627546,12.288998327364848,6.020443291689803
-1.9891550349524105,-7.189092865620534,-1.0628773302346706,-21.39121433222584,-8.353356421383806,-8.778216760294317,3.272630478036196,-2.019201048281705,-7.762789544805068,-6.03221945688931,-6.938400898766547,-1.4311666200470086,3.51167777262883,-4.010889910886866,5.604032813276459,-7.178855054978199,-2.9869589035476136,0.7055407113700083,-10.669020105155022,3.1379963715013948,-17.107576125539087,11.957927978023022,-0.5104853072940799,-4.332599249302193,-3.8031241324619294,-7.755886514599651,-6.343847918562254,-0.44162791982949534,1.258803023107501,-16.745830681092,-5.989120881822512,-2.2289441796492353
-9.565244924001115,-14.244128636245247,-10.176769439577821,-10.771847552909493,-12.868477882953425,-6.5028560255756,-8.40696717207199,-6.236668888961879,-15.138433354358225,-13.613630648399461,-11.840987916807153,-6.947961803422818,-10.646460880385769,-9.394977133700452,-8.202235535710821,-19.16221780338565,-11.084524514700023,-2.252057316896679,-2.8846047140622724,-7.426148202411438,-3.0303655318783327,-18.42318697498136,-14.1599998516917,-1.7229634828722635,-8.502893976825389,-16.324678506929775,-15.219067867357516,-13.360546286751338,-13.727502345383082,-4.249572020217183,-5.372096868678979,-13.886844115548978
-7.177311111361854,0.4546982241240861,11.228516868283922,12.591606835715693,6.778520638458321,1.7857036496438325,-6.273676579920091,5.908919632721934,5.90689199039398,12.178807895458833,10.534729198949332,9.290719478337527,-4.760271543647241,3.722238668746567,0.25245600065065904,-0.8845510260794205,-1.0462379124024048,8.201476172800795,16.709481313568332,-4.774806034236495,11.35666809885841,-0.5416701628451567,1.1047260544307118,17.19546913972072,3.7939030457357683,-10.323558479166723,3.8132269996755346,7.967723139793892,13.58326983749632,15.419651440481832,9.220762944377977,3.507842977982108
16.793142710919078,20.266055161517784,31.356624927627582,33.55213574460683,27.3077666990441,22.36302692137655,14.507454985940418,21.82969279409002,24.02914259931959,14.699773590275717,16.13089987233155,28.03097726790225,15.412980504080402,14.15572671014997,14.153419186112258,14.903741675340028,17.331305612443874,27.448232429528854,21.60487898249996,27.49622181703709,20.887555732243708,22.099689296829624,14.638029284017385,29.281223653935907,16.714722184810086,10.180317828353154,13.14351334911223,16.40044463230242,25.284958600739515,21.79603700468552,22.86698208709123,24.672719866630743
18.618026796246852,16.120282553153096,19.865409377240752,17.70085188562588,21.62505205684426,12.200000883205991,21.130604073443536,18.417025493886314,20.390707822005115,14.888012124438042,17.674505775871935,18.58448363671589,20.9191197673685,19.60746865845491,15.25025711035337,18.17560928721994,23.957010467920384,24.757792276285457,21.953729203985166,22.103092799038752,11.13854040620602,26.529091985068195,18.204423653509892,9.792146171218711,30.257949852782314,19.885477769998765,19.62045424288663,17.358182323337807,16.272575232439596,8.448583454266226,21.72927439533682,22.171697857137094
2.8927497350101876,6.4521141157991675,2.2890391789731384,-8.246843681937731,-5.5510248237782704,2.5646824717161563,8.949356101299179,-15.821980769189219,3.9897310184776353,-7.176348312651986,-6.948454931072942,-4.862647285096543,-1.1553262839535183,-0.42508039910162193,7.190368203630269,-3.5752168522366237,-8.593532924679629,4.972359543544318,-4.737795137834066,11.149076277310805,-12.614113484955489,0.620622623489733,-2.1544647580913705,-14.543139544122447,-1.2914390530426951,4.327130664039592,0.8933026787434649,-12.513971162679558,-3.811425849575118,-10.145059833196779,-4.525231842520254,-1.109412043069032
-17.418371299786994,-27.099994600743972,-20.687632991359383,-24.512538612384677,-26.935549143605563,-30.969275573840708,-18.037815720691224,-21.50082530408998,-18.978694250978258,-34.54049887898193,-34.818989279229086,-19.322965643480636,-24.712432093016147,-32.56977652797927,-12.687507566956223,-17.700028640445677,-20.543623986146155,-17.097602245054343,-31.350252501074852,-27.166651962109047,-29.89904500620109,-18.393640382074484,-25.65821929456441,-25.696604812678927,-28.57878886158788,-29.455115316415718,-26.069562554867478,-14.355959780296558,-23.29561439782852,-33.6733438423346,-26.87592693837096,-18.55683934399694
-35.96339954934986,-36.59847459104989,-20.579545589550833,-22.958961489857252,-19.338499507831763,-29.52417768104515,-41.82370770315677,-24.03513763455228,-22.809774256531384,-37.760301346813094,-26.14136825647436,-21.061358153108404,-23.93578979586651,-27.65984423160363,-41.00419254002673,-26.470134676546905,-21.301280740282536,-32.5223741755831,-27.36632770915781,-27.442156987653586,-31.01367563804915,-33.74369088529608,-34.51946318243039,-23.680741652582086,-27.312050764374625,-30.673956575896053,-35.873632840923854,-32.69947201263888,-28.87929720214757,-27.131265837216976,-20.816007823917168,-17.969429240514167
-16.050072608606925,-10.499436863649105,-6.94784495873067,-2.0374757035947932,-13.028614701160503,-17.755812929597788,-21.663781041276632,-1.5179003322690918,-8.841032225764145,-18.073782177630477,-16.51408274849623,-9.741431871366474,-14.91062027723861,-2.120409223795245,-20.547636072539618,-19.121381281377424,-14.048596665173061,-16.497852871308226,-6.925647149531458,-18.76460508294365,-1.6008600886378368,-15.798465891533175,-10.444006532822822,-3.4712026261149207,0.845948214886546,-17.861066796142676,-13.889714514949173,-11.395776987027798,-9.912432706534087,3.5062172717428135,-12.436772275217114,-6.09790696850764
2.252770204711662,11.267289862600386,4.692379201110939,8.077880084601828,11.437964434893376,15.05083928762951,-0.9364454434204249,8.599932407368858,-0.49545352236731954,4.834913405992142,14.779305761559922,10.991803373688455,4.94235036426293,7.1271622790401326,0.20529457843498952,15.389395616634229,8.379679539204169,1.6244445132935523,7.052662964386699,-0.8202891282802471,14.422123915681233,-2.1394707388926273,4.103927058760571,12.980746797310253,13.777762377967925,-1.4102049822539238,4.820020085637243,8.627421436009904,2.190704174494516,12.644762072198615,8.132597739924847,9.348038093211741
14.78956916042066,19.1275400898064,7.419828031361974,-2.243047020497124,-0.2788442190722759,10.93943545738574,8.852598702173564,1.340923166563091,-0.7336419285212157,10.143944672993845,7.2216494657013435,4.563708302460027,0.5502687531922235,3.5542510727957857,16.85709537858015,11.465999857745294,6.278996435385531,3.374189276715292,4.425441035907293,9.158038513711434,-4.940047493798387,8.781998197494392,15.07571934612362,5.4241976053526715,5.3277533380126645,10.77720860938325,8.577242852641035,6.641135009494294,0.5239987347401499,-0.8459144920185694,7.513907066803034,5.218476843603205
1.996773065443202,-5.588672008356094,-20.232268175054358,-20.129675008735013,-11.317665430177966,-12.130298475407589,-2.9328297741798397,-17.048059061035328,-8.599662225329014,-5.977104667453644,-6.990358234170876,-19.582578688894717,-11.226877632239525,-10.542260928236123,2.543054677258554,4.283852801229324,-5.879359054850015,-10.573333275598479,-14.266115009479018,-9.576728718719792,-11.511712602754477,-3.3480755588759346,-5.199496454435963,-14.106651560814807,-8.918463412643382,-2.911193754636947,-8.365914563781029,-1.0007209894275122,-18.1216524764425,-15.9415685998767,-12.899775575276122,-11.700625582513196
-23.244619707274616,-18.877137732783055,-25.686197350319294,-31.989959086610224,-26.836792970922314,-22.17690861535778,-15.968812873041534,-14.560603214001953,-29.322656936606652,-19.0473791887468,-21.386514248045135,-19.833119791108388,-27.503947820422997,-22.197586640776247,-8.059515067823606,-15.199335581398298,-13.568314547911422,-27.615898044487846,-28.119666521694313,-26.402060537073748,-21.919020117399302,-15.90305945344639,-31.226795380485747,-22.57472977659837,-25.053891907284928,-17.599217162838244,-12.365904616186615,-25.2718607582635,-29.18416198201435,-23.01594337748214,-19.437479896254427,-15.126664034534478
-16.803011506765138,-12.690743474378392,-16.3033915198037,-13.374825681562513,-11.49046177470416,-12.041757251905102,-16.639647174741867,-14.761943964151417,-13.864959473618072,-13.819015307970279,-11.629180527663184,-17.042077370943456,-2.5800527749318336,-15.61551399920447,-22.516582865011884,-16.17081970932116,-17.435817474583903,-22.53251360474465,-11.976862924672465,-16.49182397814309,0.5396859872617712,-19.10926071477402,-14.827154933998699,-2.880857180451977,-15.637785730515102,-12.644741969720783,-15.901960379243295,-13.380787262140617,-9.020252375423745,-2.3935731554772515,-23.16199308754685,-23.056605721507704
-5.964386664096716,10.686257292925234,14.211064597791127,17.826048333476493,13.994828492666304,13.57226806716462,-2.8844042057354646,17.534139550838187,6.805197781230213,7.060490416223531,12.872596177400691,15.500025392822415,7.972206350112484,6.7793330879852025,-3.6832502711296056,7.1333223638719865,5.298196619443432,3.8074616336777996,0.8054826464670106,-2.034378994435777,13.756751149704032,2.0150974010734006,5.909569420781681,18.19977754888375,14.020475622442689,10.128133589509916,6.510884650511015,13.778717513758687,13.10075102873421,13.546650284429528,19.514637110656032,10.124982356131092
23.316463793237542,33.89217041271518,27.507322903455268,32.43398905453964,19.212007739942546,33.98426654759811,26.976935082047092,36.6619425319635,26.703970978676473,29.222384204872544,13.752379864485494,24.522232236508454,32.81297446327341,22.16598165090194,22.888768497906142,25.04182697946082,32.16155995180229,17.00959889122498,18.614998365523217,24.602459784722917,32.60344595832425,27.491442749960324,17.428092558278916,21.02506310668604,24.702048999276116,26.280567111982553,27.141290700254636,24.47176550218631,30.209780880647102,27.439254015820545,22.881747746562535,24.41770104092493
18.398625637774032,19.872492684701086,11.939309814149022,13.188316084345823,5.2203182226766,12.15679210289967,29.260475961818603,13.626887645991982,16.464147624884585,11.770046480299133,13.22452919881472,21.128757118500825,32.03621672090053,17.12216984517022,28.698315506612424,27.091199460586896,25.07130497099142,12.350285635954862,17.867160929900578,29.416048738873407,14.555289651254977,25.66884543108223,21.321141150281772,6.314584638246577,18.414903350898257,22.419158499903272,32.17284212876914,16.781245495617853,19.222278406509638,17.86807319234474,23.946587703991206,16.321169954068683
6.1296922809292,-3.4102779458393675,-11.304917264142242,-9.992976070598685,-8.605983189599625,-7.24280225090773,15.352784145592116,-4.440693221956994,-2.5588963077835483,6.47940380536177,-2.085452846085287,-2.91704015727702,2.210628534591882,-4.356631770388142,12.999276241427998,9.813962437597922,0.7023434667225376,0.028445877312067366,-9.64866215996758,4.00157799702055,-9.252776485807047,5.5180486070629895,-0.7161938852915057,-2.9801349722218458,-3.904046181679925,6.272816167374454,7.786478800542685,2.6215036387123325,-11.186675257881488,-6.41986578893257,-4.7668359129972995,-1.2695889069663882
-17.508501678204894,-14.68532447991809,-20.601160403927356,-25.422852857449612,-11.996502204686593,-22.40092819499438,-8.23255536929145,-12.135642613755463,-15.40436526054146,-17.947466145863945,-18.26787347438135,-19.151008263537314,-9.609255785775437,-16.49236010531707,-8.881246201588322,-11.192097343443246,-10.908971498087254,-15.132829905216028,-20.661668852731246,-11.937544312886828,-22.485405088189026,-5.190021735729762,-8.97933532036063,-24.205831101982007,-9.57406110812337,-19.77487170839918,-18.797413693108535,-15.736818442882628,-15.804655656678557,-12.694209397494946,-13.615223809593225,-16.52106263362526
-23.261001469131365,-15.731023923326312,-1.529383708471153,2.9512130763598843,-9.788411638727183,-5.608285434989303,-12.73430181083763,-7.199350538926553,-3.889136877248996,-14.01811946326523,-7.606991643407611,-4.139190668088293,-11.130847858513718,-10.996229133733861,-9.439886808586541,-7.083938778461521,-9.289581679870288,-7.41627044443358,-0.7727428009641615,-14.371824035482435,-10.792641738741882,-14.838601664939574,-12.307237572819485,4.268806177426635,-0.7367207503479043,-17.504458355460624,-18.226046032226986,-3.7029137333937627,-8.615137337054628,-3.6623854676003202,-3.592710549310587,-1.7213121350095761
8.79934125388946,7.697260312907038,17.334271064601612,31.73611182693953,22.473295081786954,16.88802783706705,8.384674421081463,16.689360456617155,11.968886789883419,9.685236548651108,18.92276059783286,13.472088447865337,3.1163318139997696,13.567171889472034,-2.5847807686389985,16.201171200826803,10.55486050510191,11.074163825461635,13.703463606941966,13.579047127620566,16.098039144619065,17.1286941875911,2.037404201810488,26.75471071416444,22.177654548302115,5.962421678681577,9.301898326995852,15.02504680900843,19.065020843562273,20.890650633920746,24.85918147362739,9.260350216347693
19.57964565728664,24.16071305914065,18.72753910102531,34.750035139315465,23.2960234293414,21.644553890257587,23.79859022774339,22.784025849789764,13.499273827730011,26.702438896925766,24.432738016556712,21.01554064791674,20.607164157543405,26.67565687839528,21.613245879528204,24.35234608889835,22.61035590877496,19.451400508975773,29.781523523986362,18.874915846807852,20.600364758311816,28.864968595974197,27.09936207835355,25.90701257964549,24.753305731770244,19.998927130233547,23.93738580523723,24.16657707762417,33.61682995680182,21.33532262609117,21.05404177160902,23.709659425697684
22.13206592932776,19.444827367001402,9.539200638814526,2.47613967760108,8.845679703220087,12.19661913508001,24.67484436293996,9.462123056997186,16.75501370999162,16.066163105999777,10.864384614816673,13.297565169849964,19.60730146444167,14.88836299435528,17.341948804772095,11.002579766448463,11.782692793737302,20.964476244617956,12.739196303725448,7.875215069031684,-2.001084214798424,19.691967774200446,4.736993324508888,12.195421619199672,5.240477284654731,17.98415013739142,18.908354067847174,17.902547438044977,9.357563509173012,4.190576613986304,16.119872281718454,21.948954399729224
2.73692074729251,-14.551744340134832,-10.812845781403835,-17.499335391120184,-12.208171813361895,-3.57907524068645,-2.335474433448584,-5.821335141387572,-11.279389119517738,-3.0838046235726595,-20.0365382764636,-16.499313798241303,-11.52403940897907,-8.721552214469503,4.976741558698014,-13.514092036449412,-3.6820140855416152,-1.9913514705626312,-8.564171970858062,2.046666096618456,-18.727263434999443,-8.969366911071642,-6.003622263926712,-11.326444426273708,-14.641349472210974,-7.976283054322433,-1.0504219821893777,-5.712916200636252,-9.53164501501075,-14.528696525663738,-12.02438127907562,-5.1482759765345225
-17.880466166306313,-19.212678527444492,-17.472348207440604,-23.584538932473187,-16.322937835695182,-12.478341175843633,-19.319934405272225,-23.439653214641577,-17.436376588861858,-15.982697958653528,-20.496676134182856,-15.918291312224008,-21.004777823049757,-16.04919215725459,-11.309289044879948,-19.212527862514452,-14.13555761908708,-16.586550473328916,-17.23183389120658,-15.127449049982827,-26.42942080915066,-18.317653359885323,-11.875697100626688,-16.35551935174806,-16.92388927372208,-24.72180628874501,-16.541394418804163,-17.634858775817996,-17.215682697768564,-13.8863559255081,-21.410749357196476,-7.556835851414373
-13.92202499257208,-4.052697018355461,1.7104941801696578,-0.4535763617823969,-2.2046410808876034,-10.183152271706346,-11.165774727642484,-8.841377243923588,-13.517785473207253,-0.9068870916710103,-8.74193178603465,4.001611018459307,-9.372106686590941,2.30772581026034,-12.004982117392718,-6.473972429834563,-13.007646358731385,-2.550674489456037,-7.2619834066178175,-17.542552150339517,-3.457090017558045,-11.01956910998997,-4.692011616485648,1.714464203111195,-1.0037989079189324,-11.127102283419452,-10.411443124888484,-0.43367630824617226,-0.33940025519059663,-3.9891690542643,-6.8431659363762405,-1.7406234860926988
10.338577602778765,4.934020451486517,13.032770343016118,28.17444625397252,12.268795756753814,21.40345553178302,13.986086764529123,19.30615168548949,17.487406222057757,18.093721697512162,17.836782812922113,17.974716922100882,5.190872612336897,22.429507033777785,12.18063651161675,11.81679946872202,6.108356245862262,18.699376291850683,12.862830160917847,11.298859566995333,8.241172953980188,12.165450206377976,11.532030287654782,22.900542907012223,20.826606604497332,12.32046051514109,7.600095060013109,13.928580457043658,12.606830841604836,27.54816942888701,20.527375363017413,18.416254226978392
28.014221011871562,28.075834789570948,19.118151367511157,21.189852719846026,20.674338079776888,23.82568145299669,17.36642114209093,16.90483637678288,17.672352189195752,17.756998512716386,23.99358302055045,20.95705145620426,17.766665866270703,16.052130174114023,26.374855264697207,21.26293531887569,22.401148973148118,22.93911672845643,17.18739930050537,15.43703686448794,19.73847503711069,20.336362210107268,25.442101492786154,13.107576518635057,14.767023406586555,22.439511410549215,18.723271235122684,20.08204559103662,14.982676760500889,12.540825157440217,20.63652094078881,29.034303791502072
9.79130397877057,7.3957437424841785,8.498107185098066,-11.020396720200074,7.941508029516143,-1.6133578659208916,3.794353011103727,2.5993114599178218,1.5154442771350132,3.9839402236514108,5.156957116175808,1.8936356765618942,11.032906618789843,2.334564448141926,11.664187526805716,8.074944799263545,13.851714233787503,5.522350537271365,7.4051764694725,16.819627067061976,-0.5244546329268203,10.631154991990885,8.783276922519287,-0.030670706358954247,-1.1581302318782176,8.12386947515553,6.752959688655996,0.8592523798572178,6.855139068081882,-11.576225645775185,4.699530134627236,7.814054477468097
-10.512269836225407,-15.830519246836516,-17.926256983385475,-23.863653314614247,-21.93360497231401,-21.888872659194185,-3.1235089388521424,-14.727171917921648,-14.023178215001298,-16.455786758513934,-23.34457646562528,-11.22883448282999,-18.168347975071704,-25.220935674828986,-3.082603386357568,-20.463198070201283,-19.241134243154846,-20.851365408899923,-22.76590471417824,-9.838633935310794,-28.618135725949823,-17.496375554614506,-13.280396674939315,-32.93786914969724,-13.143934176199014,-20.565888309398375,-18.10262284712443,-18.405169195904467,-22.383012322302836,-20.86546354192992,-18.709197503737084,-19.464203478052195
-25.52889066581212,-35.779148983851016,-29.261161838415983,-26.748265009627133,-29.15137132109396,-30.6438156436515,-22.581373490437123,-22.87953500204121,-20.73593489399044,-32.08210751216957,-25.11348200168121,-23.005617186987177,-27.927551733057985,-31.495959279935853,-25.386934379215887,-21.124364083377877,-37.03612822900225,-24.05359792046072,-25.086045701727496,-27.758501553036535,-24.637338516622993,-27.121006063141323,-24.48989416939043,-20.14522256387283,-28.010627960933213,-21.587744154604646,-29.297523313381614,-25.75114972499807,-20.752951262608295,-24.054152479196407,-28.164296847897,-23.39756617094238
-24.44889881467943,-16.641226340267327,-6.904031337321755,-7.425499928039846,-3.8767544631005553,-8.700250676813434,-27.997130341709248,-3.2653368047944245,-15.370171069468677,-19.11256797729468,-11.966131771502647,-13.18228958604833,-9.896524187209247,-7.109926214205097,-22.412812993083154,-17.86043463302087,-13.394854280319853,-14.111873157408079,-6.159261744967892,-17.457052406493958,-14.872255330788164,-18.752207933822465,-28.713878318666033,-8.236191362616777,-9.39873384410185,-19.21901118914482,-29.160183450807146,-11.43807526331255,-2.4744158676768317,4.372833922533121,-15.174383251264224,-7.829986236888844
3.2981515670295556,7.732168230353723,8.716312879170495,15.609634779592586,8.449658354211978,8.13607672048422,-5.491985768918573,5.687461158981766,6.597185631896743,5.625730559298828,7.332271192413797,4.458801155375138,6.461235230361705,8.518369554702275,-0.3760176734979599,7.252553568236998,3.5144659730926398,-1.4362380984036682,18.29931056507725,-1.233795662049453,10.945268420625766,-5.105666176531956,5.621885942485633,14.539509339525397,3.9102592619203707,11.259420912406728,-3.617046708231517,9.98230943582242,2.625793782997659,8.03985952146254,15.54354062956399,4.611204782607246
2.768897992446408,20.586310417660123,7.724909331594793,10.174089483718994,5.705454422915164,8.134488409538914,14.759907332565135,11.941539843614525,8.407744699059828,13.880732837938583,12.79974485460848,5.611079609461082,11.579670562244061,10.343855778518176,10.123508614623983,11.789478440767486,16.188955939583355,10.772665575756927,13.375856031044831,7.50523710861503,6.4412651026222125,2.5145665248822127,12.040144323233378,5.769557263718557,8.01941946674141,19.123417909624695,13.405721600607626,16.778847458795862,8.534896176999107,4.754429578353992,17.974136089145677,4.788832755286559
-3.1737822534452707,-0.11856062529040166,-22.699413616392782,-23.555954143875287,-10.294686803328464,-3.0511578367623446,1.8936986243735632,-0.7914593592605773,-9.435542648380276,-0.9165577608487844,-5.275736891645747,-11.1822717434683,6.74263904348444,-6.004897317356495,7.333663860418857,-3.351263898909549,9.856192575569443,-8.63687709580573,-6.880481597188022,1.643901566078653,-8.760752691356503,-1.698180107642711,-5.044538220868324,-7.780089645912015,-10.366381544231881,4.6476825658618,1.932122165348389,2.190730622255209,-9.846976491670457,-11.464705510173737,-5.344114033181507,-5.247176082875423
-15.107395617955646,-19.132603251042575,-31.191858383206245,-23.798486836505663,-22.164895537257856,-20.971609352242822,-20.3736339229751,-8.453241836750868,-25.46151494304646,-16.532127799944433,-21.674951106207747,-21.549812617181658,-16.312750642725202,-24.694890606139673,-6.559559785405121,-16.645419124427015,-16.68847859096558,-28.488166957719386,-23.380184434490705,-28.67088052471342,-19.890377751553856,-11.528492894377855,-12.913540254592938,-20.257489265800082,-23.95584007167944,-18.035054133388286,-18.60232475279104,-23.19751616869748,-23.276372645312563,-31.967715695445136,-23.036864632655142,-25.945016972936685
-27.618004966729917,-19.723803257707853,-16.509534354813013,-12.810963676345244,-14.13101159146461,-18.158533848612603,-15.48520151250389,-13.114542620862586,-21.492494891873474,-22.983754583619877,-9.783305020235218,-22.402272311878512,-18.122605664097005,-18.18749546649899,-20.410810515884137,-23.460854148453034,-18.06787465179946,-23.54872333117174,-21.073112904326862,-29.764200839495594,-11.578619478220322,-17.76177999137096,-14.355254167148763,-17.458068811125365,-22.239835531922367,-20.621562262906068,-20.226302826272033,-16.843420186913427,-10.419208488559688,-13.832839102893631,-22.132108609294228,-21.719909738775897
-5.834503437928636,8.9220142930132,1.2357003992026094,13.873936400423005,4.9527587379827605,6.2852156579179805,-8.0595359364669,2.1498077057122007,1.4940688467871581,5.0811344636761255,10.600531619150896,8.398842779748405,11.493993108485396,7.7085122460875795,-1.8581631742134088,8.062982515380721,0.10056623991743133,-0.46030158426583856,5.831729548548858,-10.861310316583094,4.738384690437733,-1.1160569042347166,5.885463656031524,12.085240717664316,4.621307306723676,-8.947472000135466,0.6496924145299935,-1.3685359257546479,11.413133879830305,16.28880154917407,-1.51812512213586,4.94161272159703
12.325803270171727,31.042071672696142,20.02678155829762,31.570772164832235,25.283959279634086,29.03283087481534,26.607735157436785,36.4203399584778,23.230129954634645,25.433360856693824,25.311654108787973,27.094672027427297,17.514080295263575,27.095257804202063,20.05543568946347,25.453827995494095,20.879007693640006,20.606519127234222,27.679007638302192,24.867003208541334,32.639837751357696,18.28235052175708,27.978527276828697,24.24408404766471,32.35726075981827,27.04468108465286,24.026139513871946,28.452905046721895,29.178901842219638,24.258728423929433,22.486783746804853,29.390706940977324
30.73074110057592,35.387150900994456,23.950724132722332,21.40517401885753,25.267690585533966,26.34222404434811,31.684793539829062,26.533426465895865,14.739048678649851,32.255237655627916,26.30528534909441,23.19943054623617,30.146551526149516,28.17310918656625,34.96133415986689,28.89429573484133,39.458888110011095,28.602349035066858,26.20304861171597,29.60030039347936,26.611166008628835,31.800221390909833,24.586550273654957,26.23602873240858,28.240286393559288,30.241151810669162,25.810355419506152,25.157840852605055,29.558913704136263,21.568224143223507,28.048838149788175,27.969524692458723
18.662150925330838,21.20147900324168,-3.074747374646228,4.817070500628149,11.596587421587138,2.441164267295472,11.78644663836018,5.786560573231289,4.383312544884426,9.256632323504299,3.4334171876811674,2.727790310816923,6.793770509175585,10.582879138787106,25.492661788884877,6.5341712580640765,8.055058777117315,3.0376346551881914,1.8490644167896944,18.155237935811698,2.6546806783521895,9.650347066100332,10.005313432748848,8.98877434227165,5.973140494119228,16.511183018198977,8.494011221103456,18.68117761365863,1.3937038435641518,2.5777284142160872,21.015770163692178,7.36547742370038
-4.410720843898216,-9.924964459385349,-3.0591151605842755,-14.76286148870267,-9.575592124670361,-4.114737665673229,-1.02179255008146,-4.813521441685132,-15.07327348923585,-5.888478307108454,-8.421509500603774,-12.471272398535993,-5.046391930523851,-18.34363876790045,-2.9904600125532195,-5.563029137710591,-10.607760978974802,1.7471314153630824,-9.515218189587026,-4.895811289170686,-9.390506020020402,-9.651379404043592,-10.205179706008526,-11.605397056822436,-10.816615518314933,-9.685245985516039,-11.057711721092714,-10.967869507974285,-15.528465381674913,-12.607289920014509,-10.69492440035284,-3.63584072228884
-8.313404499988458,-14.323118616869811,2.3028290340942212,-3.111718522348454,-3.9323755285934854,-11.696001982644816,-12.817716924630279,-3.219492870545878,3.4593799527249804,-14.600197978246396,-2.197604250249677,-15.646229322678796,-3.5458626840755123,-14.317203913826834,-2.8899652376929,-3.0721875005579573,-17.01719180993363,-6.0455196166954694,1.4735084737357182,-4.372472758274074,-7.829502408576847,-4.63285172499546,-11.466061249153139,6.127140778826052,-18.14296289586462,-20.18779602379297,-10.861137152537985,-6.459944062179809,1.6198254927855302,1.815591991646303,-5.803517672437463,-2.2639013414175353
9.421563096349756,1.5698183569006776,16.558267416225362,24.4885626071453,19.07618500067573,15.93193862947216,8.730540950139362,8.32801743490271,16.523087687121983,12.760458745046332,7.310607858364075,24.328098532339734,-0.22644084761313965,19.669960005014346,0.42368136769177,5.07644357943225,0.7694587436885737,13.667079434872763,18.094747359002298,3.855360100444321,9.679494347052172,9.155868064632639,6.510568217802208,14.650009359936668,6.055119304269356,-0.17804914356370133,8.161290993711743,9.150990033431912,16.58198954695153,8.554059339348154,10.820968000468552,10.149828310088674
16.870832749702448,28.744701988744023,30.18918151932032,31.411604621424093,23.81477852312884,25.56190841388353,17.71225522013916,25.773160631541845,26.72074009868816,20.81559165563408,24.710125675018855,23.564529214930367,25.62210766132378,22.241466153516594,14.112037610482838,18.24830155543368,14.138913144747733,24.630121123148086,11.304978990560928,18.469931012957023,15.99282549344554,30.15422139103578,22.789117004476278,21.174236892407052,21.242346473265492,23.579992770696666,24.04242145507646,21.82082654690037,18.82364670153312,22.46597824893953,18.230573915011274,19.016542102242155
15.621017456039763,17.628814712450893,18.41796166174879,7.625540569661443,6.080298673610355,9.420702254377332,26.983465643750122,4.183227441734426,15.221144443354113,14.450102661965236,17.54023486347618,7.671044464367664,14.63900079605202,9.176059262752274,19.714126805164568,11.317136551764907,14.275806250667776,20.78798891480932,3.3901134654191267,22.70728464828209,6.924118986426768,17.12303863395452,16.33322390823874,3.7342892243912127,10.307657873550289,11.244945065765236,10.80233578036866,13.338926945677438,10.980236017456384,9.339479300523239,23.481091655858133,11.565717943365936
2.902290450100329,-19.58306326125013,-9.557096400453853,-21.745300347474895,-16.095126702796836,-10.65158398728926,-2.4101992380762973,-20.21416164915137,-10.395368899278852,-8.371985818560098,-13.414476734991574,-19.933867580747364,-13.674751430847689,-20.584891724045203,4.829014031785619,-9.601878855616443,-5.976349321017607,-11.330494280705256,-3.633181655527843,-4.183200496836665,-17.836549321995996,-2.126538409618011,-5.399913540189282,-23.812728586409108,-15.063351785349724,-7.827865591701023,-2.7758708918975574,-11.31370711641464,-10.033546414622286,-17.343728756728613,-12.886900967825708,-9.718597059956442
-18.8906959974885,-32.449759811376644,-25.531287855966347,-29.9793181011745,-25.648334157092236,-28.448443219410017,-23.847734758410375,-24.865299024302253,-24.636489804806082,-28.58207148978989,-26.600372816177774,-31.320436528700174,-29.96185822023205,-26.507861799593204,-18.056192121947714,-25.72729366122684,-23.50393343788962,-25.935800204408995,-25.17690408118807,-29.223763313794574,-24.880709023531253,-26.357764237170766,-29.813306556705932,-24.52146427400146,-25.00509759298297,-27.146310011001557,-21.17019139004379,-23.937686026405313,-19.906968900540875,-38.89800305714923,-20.253651935270618,-14.09458939559562
-19.801193801594692,-23.433235922882236,-9.765084039592297,-16.852809812864184,-17.692848935047063,-21.71665314893234,-25.26214039847436,-17.50011176914448,-25.551079722574364,-19.889721729277674,-18.99100531761823,-17.47307106957442,-24.240855982133816,-25.163815807943696,-27.815715085622525,-20.059245537120788,-17.608971170304947,-25.891809031536855,-27.23992015761493,-26.015300640218864,-14.2461009662268,-16.96310271615151,-19.119617510248045,-5.372806965030622,-21.24041047517808,-23.88432388917044,-22.60588171291511,-18.07007151123385,-14.348167554875669,-12.817105902560547,-13.624018070391434,-12.658297296153052
-4.28352870668992,2.218858310073149,4.949821368537922,10.200271116369853,9.203508538421605,-1.7623025897122149,-6.876109228135278,-2.689089698616718,6.46009398257797,2.94679513328965,2.0260439910613446,5.354847970637124,-6.17562970325963,2.4460968159851517,-2.4311360895560723,-0.4577642179973036,-4.448851017089976,1.1339908069237536,-0.05535238964159084,-4.869621897034757,5.837700605618603,0.34904039505335716,-5.26996672182332,8.003143564374609,7.027139128835371,-5.623894755398426,1.8933701514485481,1.2338566109760087,2.444535656029252,6.050993064958005,2.7790930613134055,10.27231288471246
19.181047059708316,20.010901269080488,17.331159306863835,21.073739448339797,17.034819159843778,8.558486618179675,9.844470647847887,8.91537678652531,6.5165278865696585,9.182301092289261,21.25551275252754,8.281709828605502,9.046425618211478,12.563966957226778,22.426265400769744,18.559430552309724,9.825126037882884,21.463833481516954,18.13744099491051,3.8036811696008153,15.772381529223322,15.707358302050405,20.230475958200287,22.320578649931573,14.880816427645037,13.332721801642936,8.398751441394797,11.34577619820286,11.737375387088724,14.016761414720913,7.331690312947639,14.239925221833698
11.533352603277889,12.015654225730735,10.728497820644211,-3.3415672627675392,7.846381900372526,6.0545269424570956,19.01950773885931,0.9660435646183579,7.130697347440302,10.636813490177106,7.295936386591148,9.196576738440468,13.167871946024901,4.206908366025298,24.819430506314138,1.7747086173805733,10.913769128507031,8.988035418903033,6.880648531433779,11.358164231221261,-1.0318149455065149,18.869989744821357,8.294216952666636,-1.914681162874773,5.373061847471206,6.858688045216931,7.748759851849144,9.681766952685052,1.942389636906942,-1.918557817621601,7.427483339946871,11.269268955790807
-4.788524233463704,-12.816493614577368,-16.94288956718621,-15.302389285182429,-25.230867389268788,-12.623163771531082,-8.635441894420357,-16.025107997591252,-22.769939940458585,-8.154002620845706,-12.60175039160833,-15.134974725237312,-20.591682260988282,-15.077459378426623,-9.425087524235108,-7.780359244704455,-4.0273517229003994,-11.498771956029287,-14.054071381602155,-4.380985133591723,-10.774850583806948,-8.12113341397699,-8.258728182959459,-21.043706338453752,-15.004272478413132,-11.484516333316485,-4.746564969400034,-11.108364593443318,-13.417274439045432,-16.893016127860147,-10.203836783594252,-8.893120595359548
-25.059477783383926,-27.53377339877487,-25.61841179070799,-25.584906456747195,-23.60901955536039,-26.04214727783956,-17.653541518103676,-20.180706561992277,-25.98945979968541,-22.681498642792736,-27.283628136878022,-19.60473956927197,-19.040494030116093,-16.339621621207083,-23.49910857981305,-18.326432616973303,-22.162055887156473,-22.555629389670383,-22.42348135181602,-26.23289008284382,-22.750361532324966,-27.893890768125814,-23.063928819388373,-25.49495149420889,-20.615330659225954,-26.494407320930396,-26.544263474130435,-23.586045910602216,-36.90189695417622,-30.84186635317056,-28.491018127419974,-26.279939427099407
-19.064775228777172,-16.234693946631733,-15.295115095929887,-5.0364812386536295,-14.1290669099467,-15.664741148252354,-22.87818656972711,-10.05297815609359,-12.379008248708677,-9.800496976029573,-10.320482331497795,-11.56181884911401,-10.717042800639256,-13.441677172724141,-28.76873398859806,-5.515189506647576,-17.822600998969733,-13.291118029169922,-2.7806742550568875,-10.584407844519573,-10.648261107143009,-23.16340260082175,-19.04766437317218,0.5044490386500369,-11.66786832418054,-2.4450340897802176,-14.18010816667487,-12.9281979363065,-14.505173283629865,4.359886501013424,-15.090638282992897,-15.60044346091057
3.9793033451127036,6.532215925149656,17.732926794651227,20.997848574226506,15.43918417903014,7.367422116158441,-3.4291482479609274,14.968980492421878,17.21643270998793,3.864773647463125,23.12337464429643,19.269068834263738,7.966455944004885,3.4781401676196078,3.3813677530914177,16.120961632042505,10.135696008623022,2.778804351948156,12.824087038784372,10.675501030269611,17.31673605562446,4.977818115681032,6.078611126646996,17.691149837696155,10.349776428546601,8.46860923650993,2.4215502416232404,10.158677581961834,19.435616046247645,26.558742825754187,8.835669486041924,10.0246394139561
24.727722279104714,15.745958847973128,9.078904172204044,21.612504451388467,22.875722220858687,23.057659531124397,13.703447458795239,19.53838929678081,11.09555167692425,15.152389722934954,13.442880392285586,18.29858336783059,27.732905391545113,20.950084185241444,21.456657663947535,17.523961696459935,18.002141496895863,16.955061368026705,9.844013261581065,19.918640024196527,30.591833730094105,13.556904196906707,20.30758329763688,16.088080855437486,14.470023995739353,31.85524020949212,7.532551778526653,17.459318110086862,21.30432992082439,9.813453772077512,15.086480434268852,19.157570461817524
10.007199251961415,11.677658682408095,2.101809814932939,2.303313741473467,-4.676574733302666,4.89776225280891,14.092552026475978,3.126240589007592,2.845427640208059,3.6740785288792486,2.456856014715238,-0.01685911744465224,19.122324081053094,0.7048255398197276,10.939198572734561,7.489755575419578,14.9756891254031,5.882522325686059,-3.5895436613536362,3.561677920785249,7.100791250024189,15.517940159677066,2.073598729590808,-12.655568310942463,-3.6244407994698515,9.876727069841216,7.375838081232406,6.673062719987294,2.3830523208643406,0.017363411419101527,2.7820908332240775,0.08701974372325026
-15.969166257499664,-12.307753145719506,-23.01693134889632,-18.983927293214652,-23.30095451344469,-19.83042168554819,-8.17581591534169,-17.64826016862295,-19.552965241057755,-19.667263395538956,-31.85597752862614,-13.829424081838964,-19.2971289172622,-23.682945754113792,-7.4947985118068186,-2.181931364658947,-8.739393774842,-16.119524936409487,-18.17506565454739,-10.187579416296753,-12.188856840471567,-7.0067348323445975,-21.722367173025315,-26.300246463620507,-19.780011928584422,-10.101359435157432,-20.212788391918096,-18.620059531028893,-17.9824120840457,-14.575056343132454,-24.83033729176925,-18.334435593464956
-32.67051361836363,-25.850252792558614,-27.88921198320937,-25.724524079544658,-9.132045433253793,-18.791958955951426,-15.993043958532722,-17.06743724002493,-23.535064319145302,-21.816428381073276,-27.212241829504823,-22.01622595197499,-14.801441964446552,-17.05252669492144,-20.247975372159313,-14.241711277911493,-15.930789060388546,-24.622582498324235,-13.278577889896955,-28.290232618058415,-12.864072579727788,-19.632213634023703,-12.809606236329781,-22.916733134530514,-20.195271473704523,-24.25659220595568,-18.875762369916576,-23.361125850607795,-28.107038405426408,-13.140617716537298,-19.675044947145647,-20.185084076508296
-8.420886834095006,-4.663968591666525,4.573809934365725,7.911967179371751,1.6750762718585395,-2.6997789567162482,-3.7538231762550716,2.9799512726008968,-11.364806464203738,-1.797112562452518,7.094414931701313,-1.0387003712083933,-7.060110039820028,-3.847789231203455,-3.78507237265113,-8.270976834917052,-11.258859827639649,-11.315743827450055,1.6759427621085818,-11.402791374078664,7.847929008740763,-16.26444413561902,-8.409215481019496,8.23611343013458,-0.8802490977108023,-6.479870201800345,-2.1403782538284215,9.58182149625268,4.613678678169558,7.27782507369662,-7.622065113500237,2.324872988843902
11.568902569355341,19.55883589198504,23.774781036745267,28.738554929356,27.70141488875102,19.644723946614576,14.176345528238913,18.039536903692127,17.46347330716589,24.12535623428109,16.453342782319666,16.63784466207485,19.99165678794274,23.902015739494946,11.501950354921606,22.93029154196915,19.522218279857046,26.64354335391157,17.648690062889,19.30686599187448,26.188186476010568,19.49177102721448,19.265337301208607,29.199469736046673,16.158288541763334,18.14453913106422,23.010060555809996,23.0982372863423,20.48570113499331,23.743491385406166,15.95506556664304,14.361389700904091
30.77967853093342,36.45794801389316,28.263682167753156,26.79048384075034,35.90874361452125,19.783064202836535,32.596163221290254,24.921444416379494,18.600380964281314,31.233386396430124,23.28887431711941,20.963519482677093,28.70153155594104,22.398261809312615,28.931430818929837,26.143491172277063,25.069474938269714,24.803882017511366,26.613779810245738,28.683714158079212,23.21099990860108,35.15210633299249,31.2453472925612,24.071796034514424,19.770219548256495,31.195574434482097,29.20287860252418,26.33064769736101,21.020070777172528,32.155677621929996,24.377669143330007,31.55772414343557
18.523642410155098,15.216566492770202,12.700502271348176,5.298078832224934,17.685717995991194,11.32446029457991,22.441513430736187,10.316132425500378,11.889999226734417,21.643342108561843,6.554804825003843,10.559462548781573,12.612276052961501,13.703498588572723,14.216102145662322,15.250667511837403,21.87813728802376,9.489015332843389,8.602331664410187,23.136535232328733,9.210753587910851,28.165045171513846,13.949847616153015,1.9012710601160716,8.36023274406789,12.65293952052619,15.5869020525561,10.841394339526659,-1.97741560921422,-6.8773971502979325,14.888312926156557,10.711797360375964
-2.0802195282148137,-7.338106972866349,-4.835447404545306,-19.291431410966656,-6.135421526823054,-7.65828446008526,2.1903123289161868,1.326117395987247,-8.148513737234294,-10.355915162106319,-6.585743489714405,-7.5119370543471735,-7.22540605494385,-14.231858049566563,-0.626598760228061,-5.576242247189034,-7.161594262919167,1.2136297593604062,-18.14907607224306,-2.034956225926489,-9.3623601984236,6.835814098179367,-13.127208406685812,-7.705566594963042,-11.027450318678497,-8.784408659843846,-2.0794082666415004,0.1346862645093866,-4.8489996366940815,-7.274521106923755,-5.668723216324773,-3.4054327518301557
-9.765239237466242,-19.499897924064598,1.130708041750368,-11.899042299814376,-15.27864586094153,-8.41377177084426,-16.05309929180249,-7.137941390071664,-11.653322221082767,-11.157584139785374,-13.79860787411315,-7.448898421126104,-15.443711385925711,-6.851887501534631,-10.55705866345919,-11.768166454464627,-19.943869898104023,-19.375539277954775,-9.080694174459865,-8.460002116869896,-6.800500514690659,-19.288887169119704,-8.900006740584855,-12.769922912251191,-15.999912579423139,-18.30686221875637,-15.728286548131512,-15.420305788364344,-7.739682999201926,-4.012854971036958,-4.802034433424917,0.9941769667489129
-2.4544907655239276,-3.133530175420919,12.342331961165115,17.51209489042732,12.78313387211029,14.143146573077953,1.0623146241553987,1.3284474346142636,13.405986906490318,-2.3600796898963647,9.223839950065393,14.071532429770407,-4.71481552407085,8.545968286187328,-5.517936576610325,6.334773223899533,0.12565730290079852,9.104839751449536,4.172277937836124,-4.039229866062993,11.811135530477571,3.3188295114973516,2.8731004787920007,10.226263125790583,5.677357006160983,4.198182050541703,-3.65131314349136,8.29258888174748,9.474872925852305,17.554346703152188,7.334428522592597,9.616860644185769
19.9204786221038,23.765927325156028,27.418113724297978,32.735976705478784,23.6505460770245,17.907354449526437,15.429450553971694,22.77711282054219,28.11591746386834,19.356150361037823,32.74030850031692,25.872078796051973,11.283379978089462,21.772537033976683,12.331033878177744,20.295505389962592,17.58065315350902,28.86053429575737,23.350474457863022,18.103094532359368,19.27027278334702,18.149423351906595,21.203474522576055,29.861308505208775,26.20369319084999,23.263763058865116,15.571904026651321,12.8134321325467,25.024528176406207,23.48139571859719,26.877143266281816,27.446575430103074
17.1388677226482,18.50714863971842,15.37230344510267,9.1153631351064,19.372933778473524,19.05162707078785,27.625342606855483,13.439202304554506,16.87324006441644,12.408410789319948,11.623032359785038,15.656153750506917,14.67876559829142,7.80537801779386,16.44584166285237,17.72425563053626,12.072496817716646,25.333969867090556,20.581671081299238,24.569651196453563,14.044491673403455,31.40621539760196,14.816301350930587,7.864994894017366,26.78405057729361,14.125727156543494,23.888063273691657,14.617402682884096,16.36198230879843,10.168460706061936,30.220402198212255,21.394230988616002
-0.252168991112649,-7.9479575603798445,-8.827843150278019,-16.280478387073504,-9.958209259156087,-10.641968602630733,7.90085392841911,-10.181578025099164,-8.892188157627793,-11.155478744931974,-12.293689675703103,-9.21655636245302,4.568485576613488,-7.774470426578448,6.8235454117946945,3.0775221295367223,-5.49832763662384,-8.882329161510196,-0.8670258410626275,3.70934319499432,-13.635364131046188,0.7684996679443794,-0.8434390503160655,-12.067917862916792,-7.1622784262614365,-0.5963632755981374,-2.779599161925367,-11.762909500448925,-4.372350224198151,-8.391167927854967,0.6748791372541969,-0.07586090035145668
-22.73949368666661,-32.515410504975826,-19.462525316493203,-36.71166937202655,-31.082565830887027,-18.792151294338566,-18.029282254905382,-33.13760381988012,-28.773776252423364,-34.664758244699684,-22.446112716085878,-20.855660445133953,-22.851954956000807,-33.169175230569266,-14.251592318907841,-26.447342787668656,-35.71698079021981,-18.64148832644667,-21.427869657676418,-23.256254369522274,-28.679097801339214,-23.47683762863286,-22.597702375968577,-29.157312643678317,-27.807561071807726,-21.519583027779163,-29.172515456169506,-17.768433706070134,-26.771678083837035,-23.578413866631184,-21.902865399788322,-17.506433351875067
-33.90082125425742,-34.17895693472549,-16.89640714318913,-20.809616683490102,-26.775900127721496,-29.4797919253403,-23.00551170359031,-28.559527574944216,-14.070008579363874,-32.73807390265176,-24.06946902002696,-21.919009644789107,-34.96469743127252,-29.592599680661372,-36.59003807189555,-33.12920617897162,-25.2298396421221,-28.599321859585373,-18.588139093590456,-23.485087891191743,-29.29266983551578,-31.661530489851057,-31.365854880442253,-18.94060135638857,-28.203520579326096,-28.68897771460263,-26.97239419868349,-22.96100741880688,-24.290367928402986,-30.201338594558102,-26.17966857442549,-21.55213536144066
-10.55771138933431,-9.00271064331982,0.35100853852718744,-0.23464558586964307,-11.65815471077179,-1.9180985173387364,-18.105695831639814,-4.3480679122598,-6.4443236441801925,-8.96240665352285,-7.81824754916733,3.104391772010151,-11.607973624073301,2.496049961852849,-14.955300044599584,-12.713239549649808,-17.83314213914694,-14.964601449211857,-1.5052338834251668,-25.718453313958165,-5.3637131653121735,-17.137982425846168,-11.904367253131246,3.70190190405076,-7.546308737963711,-10.155408045670047,-10.960177350152183,-11.72425342801341,-4.9589242346402616,-1.6182213282261686,-4.197871581260552,2.5432152326849153
3.3675770011750683,13.544729443958321,13.20056620911128,13.643866019555327,11.050264138343767,11.334260779855972,6.802418467600821,13.543989410267814,12.283575976886821,7.824538331344015,5.731252239238447,13.635226705780292,7.0300309261622935,3.4777190876841297,1.6348913417868207,13.85756943891613,10.325378318083363,1.3603800850070322,14.257414095848851,2.5058902450091263,9.395074598495304,2.024919160865257,9.250202316829505,9.672334339077832,9.454187992133539,12.242357653471528,3.8408504070527174,7.202960845364589,8.209189419584034,7.120403141471014,5.403362693560868,16.1023129421997
11.806763665922318,5.5803624877638685,2.730311625089118,-3.0766718043683614,10.323469921683534,0.9564839719878904,3.399359454679472,9.02390934277985,-6.807658830010176,15.490787207358158,-1.1070148601014165,1.2766204464373265,4.477123958986108,8.546320767559841,3.1588938269352784,13.60290665594729,6.996979437043851,5.281716596219573,5.956170382126677,12.452032792572979,-0.6518619194870237,6.701368826800607,-2.787834337058055,1.0860486927786588,4.2412180382968065,10.808087261382692,15.387991076154155,6.9711035007618865,-0.646392818069942,-6.985976377403916,9.367267070762397,9.934646102828676
-1.8931235833628932,-10.381052467000506,-14.93633290822909,-24.834446570824213,-14.115542700400425,-8.466028932862836,6.304043318584931,-10.332069361111728,-14.157628191427694,-6.914177639285518,-13.300741590778614,-3.866885499692054,-9.794204868411146,-12.353718989643822,5.545739203762045,0.1993397188280449,-1.3856791506397008,-7.053859185200702,-7.964120310368866,-3.558024320731111,-18.907528234629435,-9.847035197592325,-6.618389674858568,-24.948057011582705,-8.734903055284112,-0.006523467099601998,-8.463263050672744,-18.570305092185873,-22.72598056579127,-21.20090781783894,-20.046604870768036,-14.84328489592625
-16.227584455105145,-26.225263257318247,-14.335028102317999,-31.435098640134434,-26.696795753658566,-25.027395350950055,-24.582090564605938,-25.075972732006026,-26.187758771793625,-16.017863583401258,-22.052950979561274,-27.916932964473585,-21.65720136144188,-16.016399901804355,-13.528160728962792,-25.4229580221594,-17.326171224155942,-29.555423218285227,-22.81320885791075,-31.839513462984208,-23.740622479262978,-23.30841803667311,-31.658398053629647,-22.7147216512841,-26.75888209343827,-21.706366692081513,-24.178686879069204,-23.797818311185214,-24.14541279051101,-17.8487080024389,-33.60880833321509,-33.13927332318693
-13.83472553169417,-20.721717295906956,-10.696228396032597,-0.8068641276520292,-7.078150267383038,-16.69312370345823,-19.67873514033792,-1.6473225849738358,-10.655832166877762,-13.48211647777722,-9.726814131661161,-10.18424847352499,-13.310165892902186,-2.535792068349308,-19.495129757955954,-6.879964234557364,-19.961858430259458,-15.669881813903286,-11.14433384513937,-32.99317539905937,-12.08763824922837,-16.625534851437923,-18.54125833094405,-4.805233107620382,-10.681935136951923,-10.599228503204197,-16.99429467985826,-9.22920111547926,-9.018044537549526,-2.2486916475669845,-21.683191487546488,-12.928011133404405
2.272851829152415,10.08722566111735,11.867200691523164,16.15216962963894,16.70251155480218,13.720388074993348,9.122479510079597,10.301900192913049,14.784180857048625,9.579352924053008,20.678391933741963,14.519160466217622,7.2726635790908,18.09075491325608,3.458876446317789,10.435574871463269,14.301823362846093,7.544254758421936,16.396667604945,2.9806970368540004,18.733744774787194,7.13255552446701,6.31224942384927,24.225932085508276,9.075578767147663,13.962064767014585,9.047791139437777,28.631068162696213,19.726138634195195,17.767450052215864,7.354398779475396,14.001873295004458
17.928395564242546,38.56295496716939,33.822575468804594,33.85307675881715,15.962722057827696,28.43633869456443,18.66797146303454,32.891751846318485,16.556440970188202,15.677667502125384,22.776775264994875,19.57168205351381,31.646194438067905,28.40003106728417,24.094061298868468,26.793200158353557,24.669287802856015,20.580323224816205,18.209370311934535,22.54541662053302,19.682831472851042,16.46377188079071,15.39239158217503,19.62264739237565,16.085681339457775,37.60623030860862,29.011425313999858,33.779104032876624,19.802187283168738,25.51309422264708,25.66076082371354,26.301591768799252
15.818327149021705,23.721086495054028,12.802623621670532,12.585944016509723,11.701288280947042,11.651100916115004,29.143183314274594,21.93792456911631,19.022958527154017,23.068241716233484,9.943379980727777,17.11903678432031,19.40019289509405,22.276551469361422,24.029464492275764,21.577855131798923,32.07972160820182,19.0934941462692,18.809904541657325,25.621902845640633,18.689113553580192,13.306676316146676,23.060366067984535,10.492401517327238,11.855664832419635,24.465629411335886,20.634720578172214,22.22642437628185,12.71990417561223,9.601468034088908,17.9399016216851,17.801716376815705
1.8922400105748576,-3.6079744368271314,-4.754211321722663,-19.453876330252626,-12.816910184092375,-7.368164464772329,2.6898908914615607,-0.2158110730922455,-6.677583429290292,-6.985196024249858,-8.25069323451011,-5.508048851642581,6.20648897804578,-1.4338097836371764,9.198835066449986,1.051113087968472,7.208152922471531,-8.422610040059515,-9.344601246193713,4.597201743430821,-8.129629870265763,5.097954178689738,-3.1089686197240836,-12.728672958272696,-7.062415084173567,2.602437691133174,-2.3328633841929722,9.64921905007877,-4.265180757632709,-3.5108328510143045,-15.261489564661794,-10.465594919506293
-13.717896866386747,-27.03166452070135,-16.61912124741732,-16.244355999278675,-16.925786663857576,-18.719531034109213,-7.622324764114646,-10.341330481807496,-27.5575948406919,-15.407342518406086,-22.61496160634094,-11.385798209981926,-15.587859145992784,-25.629295874805486,-4.742995722985102,-13.392320008986518,-8.594058783523968,-19.65065408193076,-14.636914193356773,-10.00359371355116,-18.826227887193877,-4.8359237984792784,-19.038276058957088,-13.824615619950045,-13.62942242900745,-10.68455762624431,-17.489080479172333,-20.836203832755913,-8.633304786149353,-8.245936364399995,-11.342928868973548,-21.759116460382117
-4.870805939243822,-17.04592938865518,-6.013728458289179,6.211295537519494,0.2329641053883684,-15.95318589171728,-19.201594559266375,-2.447429328372761,-5.1089776133277685,-11.939115116102379,2.2005770477082844,-4.411193719031077,-9.557439739692509,-7.236854090197929,-11.185285400861778,-1.5639048737004018,-3.5058854864361324,-8.589967226845603,-7.995909441908465,-6.056526068080392,8.390030804071706,-14.367559671734202,-4.7979605169739,1.5394449834100616,-2.652957163792522,-11.973112111687245,-9.850311346651374,-3.6359520096914637,3.4183902923904688,9.684255034357172,-13.205338346713303,-3.6131429557175245
2.6211516121386396,16.905736264695204,21.450822326209757,20.603135799690666,25.488453240228353,13.456816437000692,-1.6250123381656443,14.445472823615685,15.058660040999543,12.918636910093925,22.268267817160748,16.95549922745035,11.861499849517621,21.724673137192795,-0.4612699855550309,15.835583194334413,3.770548569727917,21.01337618229318,20.340537674409756,16.379273676312728,23.36705118879283,1.70945467617933,5.551246153432576,20.581874339381645,13.688882277117516,9.285562401748003,6.857870806902136,14.420594015576262,7.794599404225705,18.564944171124377,16.898435315846424,12.888595986105832
26.708607324159914,21.810577555870275,19.657479938147837,28.01769545590131,18.367927038322684,30.235324859899496,26.088776257251297,13.059166243398344,28.461641533580796,20.660525302177,10.72973649337468,12.891930679823865,21.213033865026777,25.26506084068807,19.718625977246266,26.62129221434565,19.99548088287639,22.490898002113013,28.071192139011668,24.27635988250428,25.78193811978762,19.854502099733494,23.340102478689474,26.13361481422302,20.054239277300717,26.535094924281157,22.762731136287126,27.992621877925394,25.502652257466064,16.778733562373436,23.584488862421118,16.147378514588336
21.90822768332214,20.699564727281665,2.9965001777533584,5.173282493856582,9.274911125499662,10.024920147218632,21.809356993202638,2.4560826429443408,6.922158470139133,11.576571889260823,-2.2061700891946496,4.74720290145168,10.156008402721985,15.718137870379847,14.539852830378056,9.722230773020188,14.579288912339955,0.9860641488661637,7.832872461170779,12.446174457671933,2.6504009046436203,16.666186230218674,13.135699748825445,5.599053982598476,9.728966800530038,8.32198604134586,10.971896619665278,7.9130627248352905,-4.252605813602103,-2.9376645026562773,14.036467769661071,15.458427108140098
-3.4095090025156303,-9.57037262150982,-2.4494016510331096,-21.029913133962786,-16.053640297850606,-8.366421323507003,-5.9206268245499825,-15.086856677307539,-14.306123926276998,-1.6290006112676803,-16.088350634523813,-24.55300932150396,-12.890643168918386,-1.7138036095354652,-0.5688747406704318,-5.846471203537938,-5.84368511978052,-6.432227884949235,-11.121625524554018,-2.9287651768603924,-12.65011688220109,-6.983088375422912,-9.831557359502806,-15.0386875995084,-15.070638787451387,-11.313714585743817,6.4518750454760205,-14.837483399252507,-13.690639748453552,-12.811472841491597,-6.529717237062186,-6.452354248212685
-12.947402540394993,-22.729571847881747,-18.40090188963292,-22.211343264378183,-11.165602573435578,-7.0434190215312364,-14.367167854742712,-21.064834687078317,-18.480095546748203,-13.381979988847188,-19.982456881221488,-22.805886046018827,-16.74623216435924,-20.87834969626284,-19.70545085663354,-19.567268771117583,-20.81701573638428,-14.655856977122436,-7.579583136037449,-7.56574386132093,-16.172503590826036,-19.239180939906177,-16.454465570489386,-10.26350550541198,-19.042538358152974,-22.477205864341183,-18.4877746015201,-19.35937669335821,-13.8021832303058,-7.297740668721512,-19.709317717105183,-20.52699365837381
-9.630645696530486,-7.376166832923077,4.868387005322329,4.617603455170059,-1.2392141984874447,-5.258311393821394,-15.855580976684744,-4.425401650735106,1.5252821068495646,-12.6586710435359,-9.064949043414924,5.234695548120451,0.026972015522713222,-5.577219501921682,-16.155628641777906,-4.195368461479759,-15.13791029593313,-10.7670580600951,-6.34358355689913,-13.423605324434005,4.592913318680403,-12.910597328961215,0.4461637433360202,10.936846442084919,-8.749192865952182,-15.542697855898073,-10.398662577523005,-3.7708206472424255,5.64336042440853,1.592375274070852,7.676757920190534,-2.5659849343522647
11.61700464971296,9.23438477610864,24.742518907752903,21.820684717778953,21.9330302442432,20.252862926965037,5.745372731531923,13.163067015563495,20.050108085842172,12.748767615915975,14.238190811107,21.80335314399025,8.907313471053875,14.854804136897094,8.48035287300327,17.212475811525195,12.247833779738068,12.89179637884332,17.915198396176603,9.419661420870838,21.28347516566763,8.032790359877739,17.07321976308438,23.014148271767368,18.113268480591586,8.856446779142061,12.15542415031306,13.166443288480313,14.010359277787437,23.53995169640481,16.990575887580178,19.64941374633046
24.20983841311639,14.965847407802965,24.231592912428365,15.079874038762707,15.658960420709846,23.841663403457027,17.910128871264092,15.785363298626265,15.111377513169518,21.473530120365574,11.674306344322392,18.120656268341424,21.22161373703473,26.751334036066677,13.979948201705351,19.639900431379598,15.668489069316598,16.85750050274369,15.153653771864775,18.32169399189397,9.855875431203506,23.810601765824554,26.209019314395295,15.791869229229308,21.908391499468795,15.93569103750783,20.518836107757966,18.728184430619567,13.432714787686137,10.83036640304852,18.164767211146383,25.958879142853043
8.285167182304153,-0.6239731629871709,-2.580581611723213,-8.400559012197917,-9.430120536423821,2.618041073011111,13.031046052416741,-7.498735105828157,4.084462284020613,-0.24518260191924907,-6.764624917208924,-0.09995400563154011,8.387058364216335,2.5904846656701674,12.974003932846333,1.9831837985776815,4.857230114719984,11.300961614208589,1.6902574336295102,11.750358633716814,-1.3905905026612777,7.394407102111689,7.915377252387294,3.5595696416749063,0.6054763822087217,12.527355756192545,9.494343833388687,5.575502399716128,-1.0929362003982859,-10.087677597652007,0.29237594262950306,6.2690636012639205
-10.46066770451637,-30.406836168181982,-18.38281333846998,-36.69468232857313,-28.29128497464697,-19.54304079254777,-21.11736689537847,-20.44969584628522,-28.570376742055302,-17.689711039750467,-17.2567205219054,-16.00857998597826,-33.749772306285884,-23.082933837982257,-5.665411891970409,-28.035297117520436,-19.454699099771272,-15.986003706294243,-24.21654975625336,-9.332831504676248,-22.35653527941555,-20.92589616150009,-14.286898082479569,-22.902784454880155,-29.29880997372426,-15.88644839745075,-16.824795151323777,-14.33980660877537,-19.928744547155933,-19.847751793700795,-18.93022730929332,-13.587156286120084
-30.305980941104924,-37.653953964206636,-17.921411727519075,-30.11567256924772,-27.90961479680112,-31.087115724738492,-31.068386220484967,-25.76988255272412,-18.662954696852157,-22.436855328895593,-14.52881324485723,-21.350629661038592,-23.09616439966732,-20.92531372373847,-28.685780985355464,-28.175814870688292,-28.641959513549082,-32.24695626861532,-23.798083792682714,-23.491725318351506,-22.54310676615343,-28.50506726513541,-29.93846893824888,-22.64232041339343,-26.542759933201587,-16.311630674995243,-26.435501550900245,-26.259840433719873,-28.936793012157498,-20.556388166147123,-22.27736969404868,-20.26207344156366
-15.106696199446818,-17.478078111683175,-7.335149283676879,-5.862484136334475,-11.210833903103312,-15.333616458985539,-27.191760684476964,-4.294222144497799,-13.152983059367827,-17.66083668059125,-2.408598781417118,-16.797199332245455,-9.804198896995972,-10.791679325839144,-22.429945920844414,-21.89569580964462,-17.701363891857397,-6.653650346825562,-6.345489622987865,-19.409397825944243,-5.231112839580002,-15.10505686617509,-13.501263679431952,-0.09078906554088717,-3.645337335106092,-15.302383383848964,-11.620095858126792,-19.997083605766726,-7.329039718207529,-2.787569073048202,-8.287447078677232,-14.954900491560952
2.9718757689526125,10.297267190791546,7.328797555142548,21.988521879407244,1.2192515768944223,-0.10074983330385201,3.0693486937085726,16.300733011945958,8.414640271251551,7.196135311916142,4.510417575632648,13.187101815909283,9.86248664197642,6.025352091697291,-0.08385489663365425,16.20254373928347,8.378753726899633,5.433725758857807,9.006503954023554,11.280136536854673,9.240196010756033,-0.6067953700450062,5.997497765794949,10.44613449695973,7.98814203476607,-0.13992312314669547,-0.9323038374307899,6.14138613976861,5.099074801857632,7.042577015070489,10.385639094374056,10.438649576729963
13.648388523315466,18.72288266511181,10.076593789994837,12.558362228865878,6.210741365039269,15.670232374055024,9.857930902675289,12.442091980315546,2.074434485559778,12.898444216636557,8.20917765935754,7.6080121562515615,9.087717083350622,9.29176665759274,8.845976509770736,15.084619558620654,13.146448296765815,13.519500950209565,3.6986723396740433,5.045822972312526,6.965092791257415,13.349273937212912,12.600749152683699,6.570798219926564,7.521643311924182,15.163571152744845,18.232087408576493,16.494974141452147,7.475638779059767,1.6384423928829923,3.0942209427953764,6.883307082591177
-7.248838884444792,0.24316623267762066,-6.9240407369374335,-13.723969158413716,-9.850969868276183,-7.2504562727862165,0.13821146357463232,-6.484512599636029,-5.130857282013232,6.124617269805141,-10.833627527383213,-13.169477759605906,-6.254480459585688,-8.655670334485448,7.2813555947792725,-3.2093666010477357,2.0530365668399364,-18.359456300141076,-18.054850327912003,4.647113100975999,-10.35815936082838,0.7704656254765607,-0.7971109657875084,-15.626004425876577,-14.242723622357582,4.195377292568736,-4.729341241146519,-9.859513675277816,-11.862808404572128,-15.964519752084525,-6.975888042583309,-10.759331861668706
-16.532223601747223,-23.371342172123917,-33.64728482745582,-23.998179543512393,-17.518180134664604,-17.738896118768015,-11.44107652704745,-22.31742324663204,-30.134580996320533,-15.493760887786799,-14.348384956866838,-20.6907288637916,-22.02915258002296,-27.092842757991935,-16.753134102301864,-12.933743653239741,-10.75803329384599,-27.25665507445013,-24.30406703364071,-15.07429832552316,-20.654817078168655,-13.461167629689637,-21.805735274450118,-23.932850514407935,-29.466737754390422,-20.52222624939874,-19.32704461427796,-27.53350717749035,-28.22451551268523,-23.452161097281547,-28.33381430392007,-35.21514099011386
-17.769724143168702,-21.640124758381834,-27.40626440308753,-20.60978387165428,-14.724997570610372,-17.38867947133197,-20.304629202808655,-17.44576746588635,-17.500068745468404,-9.500457856253202,-12.071803156419918,-20.42589590276333,-21.040115344270838,-14.127388615692695,-25.581170289181326,-19.027318070955502,-14.302574980209512,-19.681954884775077,-13.937785327155376,-21.373938829414747,-5.141764044069408,-27.85004332239418,-18.119336420353836,-6.814747330729479,-6.662418024993005,-11.747652636854685,-18.28371348021339,-16.60736587832654,-21.960650065416523,-10.870110601698373,-12.024455720712808,-20.658184362498027
-2.4353152883643325,1.6835534198674431,11.74988789854709,9.256952708848974,13.68986260930559,9.690726598893221,-3.9913267871222606,4.88916397173668,2.3177966804736063,4.882051196399437,10.113233124563463,4.147885318701442,-2.3297783798184475,9.974544639873383,4.959483044309925,7.340298889771554,7.196139188553172,0.4099414737656055,14.543195561456832,4.414631319757961,19.73896866076546,-3.374964537889678,-1.4494063665309933,11.335612971329997,8.631508660306046,1.2934508164034362,10.991862086925595,2.863589571281123,8.07581675931409,16.614643017664868,-0.03558611234935269,11.415326169123736
26.977780324749766,27.93173969725994,16.069981874433267,39.524736459227995,24.221846953498513,24.499306015196755,26.3166146705954,37.268493930346565,26.033406430844284,30.290880119900574,33.565624571030014,27.48576865939101,27.93512485766126,37.86995947713983,22.043919232521922,25.355374348022025,23.515080584848935,17.947127713032913,28.485622817063867,12.891174944869773,29.991741334840285,22.09241284305337,27.902658311444544,33.909073738899,23.005209056339144,28.92356817058416,27.873496846102316,32.679375685595794,23.81963337426347,29.326448492179516,18.626853450228214,22.339886967762023
22.627827387736936,35.78518088569719,23.820830614683118,26.744443994837994,22.860778981836564,14.974688080867056,31.29111733511311,18.570182449833066,19.315749573905293,30.53552896565775,23.86431484407215,25.849945575563385,27.089360791598555,19.677502041450467,27.103845166579646,34.230699942036075,30.69426632252769,30.563424854007792,26.20236307072831,35.78456736451818,24.998084254683057,32.192533127546604,33.15406807202649,26.890502569629376,24.428169301769685,26.208084511935525,35.669437238655114,27.779435598950155,26.116024356519734,16.779649924155777,30.649758818739546,21.215407849171786
6.7774946289556866,16.276720537512073,-0.3614124073459645,-10.830148797369995,-0.5416664503243349,7.079320084866887,11.788561508132052,-4.552230224042576,10.682731624060779,13.021962528761962,1.2944696928089723,2.0177809101306057,15.804806598488806,11.40420484858946,20.632117573638244,4.807338871981456,10.81943071173461,11.769606177115346,6.650924618988468,12.57708031878968,-3.7399532682034287,10.722077651166051,13.505531117435762,7.90687630989791,7.594362184293556,11.647723129219647,3.301456945023264,3.934537766947384,1.000067191342411,-1.7014175546444916,-1.8226782826766184,8.05044834114732
-14.785052778769884,-17.91793358433607,-11.554681752591025,-13.460538502115954,-20.293937287502626,-3.1680215419344586,-4.461257374961367,-7.059737206804333,-8.762778281649409,-5.882236213066484,-11.128958293223608,-17.792888048483135,-7.386065189883333,-20.36444008750089,2.40550472191372,-4.563564599191976,-10.730351335905342,-10.169556343835552,-6.9925455354065775,-11.986464972612133,-19.08889948608336,-2.8258496475178942,-9.68339164056718,-21.385846099358965,-14.58341684232408,1.850998019220503,-15.019665039567867,-10.799934569453402,-2.1505650218094687,-3.4753296130651132,-15.315715825327851,-10.935896838506224
-11.428585491456927,-15.284278732824893,1.354198597387192,5.840211077467321,5.070396010918719,-7.855800660797304,-11.485989730857208,-3.5900002641221933,1.7978862457141684,-7.312182017359602,1.6225058576222233,-2.252909743285444,-12.338754626386446,-1.847610200738066,-13.485297851386056,-7.3202342239552465,-17.355177347758392,-7.736754414219872,-7.3077060386138895,-8.193232472594827,2.8420706744245985,-13.376855084208083,-11.330464587234324,-0.9130436535509596,-4.081327623239743,-8.463582495519592,-14.44787867433165,-0.38333156475929775,-3.4662893624943414,3.7559227124399,-9.504178211342628,-10.558454789002846
11.005467007815646,11.677313247905278,14.965369892334708,31.819209068191938,15.858632808612699,14.438597150440204,3.1583865929572967,13.106949944573449,10.314539916860063,3.129098519928527,13.909336698316576,12.170606320242651,2.250785877002361,8.94295304422893,1.169907125973964,4.433120489790922,3.817847167063671,19.890998408771456,7.460643331919565,3.917804061337157,12.918224679776351,11.702870320570668,9.14306666342456,22.709465684213455,16.264658908234868,5.24823773962447,6.703485234911257,15.44508979357023,20.142161331949897,19.512344515315082,16.710506638876343,26.416404996269595
19.8910126396339,28.749141953414192,20.079846626328777,32.9423045020173,25.8953956285303,20.312195050800433,22.592842662454668,24.257736692761775,27.57426470386364,18.689653810944563,21.89504240545981,28.183024879109098,24.23714217196139,20.256535801256287,12.340522233755197,23.014090536874587,18.84296228177994,23.616859594225787,19.583156318344695,23.332950296345935,16.426285581876808,25.18353424302618,27.42458975948599,17.33594399494973,23.526615030777577,19.712696486831142,11.270968006728848,23.629553152385675,22.916441429873405,20.202885067297803,29.023056547127783,34.703736730570455
18.854222426132612,13.011458008647198,10.000776970328568,2.3101551847908888,8.932691993319462,19.986126988013453,20.610619777485347,10.062709691948909,12.616856764369306,11.594367427694927,9.406149060693892,16.035873554307383,6.788707783155705,13.678259311381602,15.683574536313143,12.290418165319556,14.82057901830969,15.717946160217299,10.408126362104126,15.671807011838162,5.785018955073063,9.20878115947598,19.053743821584405,-1.5685468544116696,9.852302924608752,17.4887034709158,13.235468026623034,8.407392940396075,11.22109031728389,7.465422692958733,11.706746753192862,6.496725030955636
0.9318574744308068,-6.624754142465685,-11.501831325284876,-22.836152929317237,-16.697151529589018,-12.085932539688184,-2.01168949103064,-21.23975748978703,-14.46182139170655,-19.189469616336655,-19.966159456110148,-8.776821782007193,-8.681327384644177,-10.052122679091847,-8.174395806017142,-16.15165144855422,-8.527385032012004,-10.7344458494365,-12.137348118287932,0.5881397291340901,-14.604044016222574,-8.857869452285195,-19.117320672655357,-24.081669750993733,-14.54550388418879,-12.422642444081937,-3.4195998013007003,-18.810231993885836,-22.075200195000875,-21.704530622593047,-6.7976075525060535,-9.178829461254127
-26.87149639279541,-37.9797022811197,-15.553971301392702,-28.834586688222934,-29.1757304103634,-20.913838699770515,-27.65161681938812,-23.44241307614187,-27.034526443581115,-29.41296378337566,-33.00260360179333,-31.494788166545984,-27.027338756619454,-17.102283927378224,-18.69615346634605,-19.760525730052645,-33.63827017669542,-19.192440114200075,-25.963039736452156,-25.027688245637503,-30.141271591785518,-24.036902616547007,-23.578697005497943,-28.697914536185998,-28.088840142004734,-23.59850491338209,-18.738047383559397,-27.69810081512113,-20.590150861556566,-29.27004065983202,-23.531280364801432,-20.325465517343183
-17.50462092004814,-33.39939151658314,-2.6794082015919902,-14.438304308235022,-5.788753464783223,-11.62540476857994,-26.74720029140108,-19.371278525020642,-11.160221151055005,-14.991494256050837,-17.850123033964394,-4.979858841714064,-19.797863790717482,-20.016828780822536,-21.43893982594245,-21.588168412216895,-21.186729571523806,-22.64490363909596,-19.420621194995398,-13.285266790016859,-15.32653187013367,-27.482655281351427,-14.526666791455293,-1.8477954641795216,-16.973389873993447,-23.815244513775248,-17.379835710973968,-23.25360501083538,-21.81952373924095,-3.6714453490722327,-22.381079542766045,-9.610304797054633
-2.406758971504721,-0.9930511275004448,7.216183993559166,8.47892672755075,7.145239997978123,9.312388330539402,-8.526003514313661,-1.4370108309624452,6.509397802632809,-1.6840412706356185,9.72790662039467,2.1797177942834596,2.896720141199341,9.668061111189973,-0.4891847663621812,-5.879293571772333,-10.03858576310304,4.793878146737683,9.668301979164266,-0.9661461859482346,8.36697116184343,-3.6832744161908275,4.069181805765254,8.344351553378528,9.662301510070057,-0.3670580872834982,7.393629453414746,-0.8912221859640299,6.380556559907264,13.758104157856764,8.310708328037576,-4.535786587530718
16.13044769276867,17.216987180841567,25.036613374636858,12.378126357627206,15.546373439098607,10.911344897999445,9.75791763245083,12.538552699844447,9.24724443457594,21.509843901034113,12.722432401309012,12.752483843001578,15.057888933973551,13.06457090216982,14.161111100060282,11.401984216533165,15.137978068860477,12.945199111532474,15.684040953840244,15.409851981338381,14.643445412322905,11.416753555153175,16.67925962032209,16.26325485708606,25.558785912088172,13.952211571104367,25.562541403666998,17.30009268640306,18.24977103223371,12.24660873648719,24.78045959313711,19.045886248771378
14.273546240742627,10.012709566682387,4.296710185277259,-7.072399640730639,-0.9574373559342473,8.717527662884661,12.442613818077342,5.684782928200197,-0.8130683038611596,11.456691364156045,2.6036266258942056,1.7685167865223541,6.391602156031147,6.189265489635546,10.94426230386761,3.3008280269679333,6.065493833923312,6.614005797741465,7.522706355257574,-2.53670160864544,5.676548352162899,5.254430827409709,1.566436657245027,-4.099365387270277,1.2840181913665034,0.972266287913639,12.567023536624808,6.699544475450421,3.8003536964334654,-1.3828929923366045,5.753501477110385,-2.0819365158309013
-12.25340989790969,-20.07897453288073,-14.441263217671288,-25.845538232103873,-16.789879589265052,-13.899958915911983,-11.361082968077296,-16.9188051242785,-15.62905875278296,-9.075592999484712,-19.350686068193163,-23.163524998165908,-15.86327510264303,-9.020783945305137,-8.196933484848051,-12.410626962079789,-4.525302829415967,-18.23974114480135,-18.99846039593408,-5.074880959020283,-17.995858787947288,-10.839624882149131,-13.679177716427011,-29.152938447039762,-16.164070771918283,-7.403173852214237,-5.591789590518253,-14.998849148624892,-17.479092668370455,-14.406363185961354,-25.406389039340254,-11.748866657174752
-20.731744825729493,-32.32530515897227,-18.419980843904742,-25.35647610812345,-23.838667160634895,-22.413670802723612,-23.159215619311862,-20.496923249430484,-23.115096540247812,-20.941890364008724,-23.070296824883194,-21.941737253279086,-17.363095343501296,-17.118603404332898,-28.69204989505851,-23.9228200539454,-19.482519665818263,-23.41064831198484,-28.66015573218037,-27.8400106975569,-20.977122427472416,-24.09030217817175,-23.818488678770116,-15.74563074096995,-26.613179233685926,-23.598445903566585,-22.087403293149052,-29.332954522196637,-25.941605370221065,-28.804253282310796,-26.31644675616183,-19.045140239024047
-21.11953724033529,-18.299933531213043,-6.249921699201834,-1.378978471960878,-14.805571277345525,-10.969248329257617,-11.415042381222413,-4.53599752162558,-13.54584263639171,-8.134321250746215,-2.0914778677487424,-6.0148063391165785,-8.573866115581383,-9.530850928617287,-24.03362290429794,-15.789602594134792,-9.534202749000718,-22.152455365992832,-6.925100329148346,-22.934809685393027,3.6600283927435235,-28.018894673923985,-21.593712845008756,-0.4140971841520231,-8.711069673549131,-14.603264539263657,-13.859230488063886,-8.629184606382644,-0.269212799495257,-5.645609840955834,-12.487528146491838,-19.87925589723721
3.8631040598704804,8.655503016828947,17.012404295176296,26.294321726293077,18.25256806814057,16.78159199062848,7.879659952013888,20.16550659844557,18.516233002100215,16.651422146181343,17.479364897003254,5.421292296991375,7.510941906647424,9.254899911177688,4.451916048953562,17.927659651409698,8.810068818487956,4.28827308389745,6.655532342441797,5.1264213391677655,15.675106849053664,4.199035925928075,8.318449522036763,13.742687695160214,10.152423186873277,9.386214530792792,1.3917494749038584,14.271283243297043,14.98225647838611,10.41435455278641,8.63225889528679,8.713732456614627
20.20274718771399,20.421932195453525,12.347143507569523,24.345190312608807,12.63422117868395,17.16502869638625,9.566006574755006,21.928545673225372,26.48087282065297,18.8793414494188,20.69259599488367,13.306774921217976,23.87117369645297,20.56697454389655,16.709722988035537,14.731553551738083,22.001694067933432,22.156027665492637,22.554823283269037,19.039245275971176,16.215419325567435,13.524172894430041,21.702849721527123,12.776651692287485,23.8720988547537,24.26254410485941,14.923482984711345,28.181220459486724,19.34410314037027,11.963893067757414,23.532328414755614,5.383817732220564
13.641101316510891,9.355033711313178,-8.77011337195915,-9.94996405994219,-0.6402743613897349,4.88541257476464,9.025456919639979,9.680335108219133,-8.563760202568437,5.118157959329454,2.950933235378387,-1.7003908034400712,5.361633049241117,2.8215983265655113,11.795396008841434,16.30020343024645,8.930667652494197,7.408121191641007,2.1358791995798856,13.102966065170476,5.908357540543182,11.213565513623282,1.9827777702964826,-9.907654608891203,1.1779527845657232,6.265521351435146,12.667851463310907,-1.1874709802110714,-1.0894749549817486,-2.2975318791857817,0.31129487677962664,-7.487132077976805
1.2793866844209056,-26.351314096704858,-21.91460706358838,-26.804339283520783,-16.38964241621556,-16.20658192948317,-17.012066457357825,-26.4466077327542,-14.498247053538956,-20.51089210086208,-12.53475776604301,-16.191108524271247,-14.173204761415915,-19.49674989315691,-10.119436530054738,-13.378630487908977,-12.192087164576227,-12.268103465471741,-22.32384385075413,-4.010805816696646,-19.13297935607421,-10.05442139987322,-23.870242107643143,-20.326139926721318,-16.314213629994544,-12.394063933900355,-10.296905704765798,-20.52825510323739,-22.310199028852857,-16.12458831065646,-21.643372123468883,-18.984369140453648
-23.066633147491775,-26.634091186373908,-23.866874665981964,-13.856798424792501,-18.375930998606684,-22.806409670084225,-21.33392453921156,-13.349520536816796,-23.896843520335082,-14.624383532292333,-22.038642049600256,-17.979039176752746,-17.43126330438886,-16.348012299733387,-23.63496789332918,-19.675251317665364,-15.675516818787084,-27.28756282685124,-17.79313763843692,-24.935200418880527,-13.88199816868888,-19.161569401089604,-19.64885863543102,-14.215257874434503,-11.354273313526962,-15.749683888933964,-19.40943771881289,-25.032007933614988,-13.862136532848163,-10.068314981126814,-30.38372472468406,-19.199022846933097
-9.654286579061448,-1.3160414140431127,-7.383742503830724,8.692822081437761,1.5462697152759346,4.027351474425659,-8.837685135171242,4.65142007979744,-5.00722337037076,1.7165078721582345,0.8808307408771804,-4.041869380610921,-3.0383146454989682,6.039474355265161,-10.187059359790451,7.848960686219674,-6.461830078926558,2.096840890664925,-2.6444969314570055,-6.751721917058803,0.9380334584041181,-15.96709325440645,-3.602028721731617,13.340512223747474,-3.3219968927733348,-9.272735606226973,-3.036845843823746,-2.298256084407179,12.222998404942143,9.449530624286687,-7.870697970321146,-1.3458072357183097
8.344904524422613,27.88140401952712,27.328600776608393,38.040281474643535,22.726768462011314,22.784795525129034,6.164845812392244,27.250054509248457,14.302373084084333,25.170455620443164,16.09411637613043,27.428465872007788,27.864455328545247,24.975106023289772,11.371234577948147,26.581919970280524,27.86219654989065,21.708551178812254,32.042353308041385,16.875095920850704,26.597208019203013,18.608269941177593,23.916270295198178,18.104901816417602,29.345639637154918,16.53578695102069,14.643910367007758,25.709261547519795,20.30306862919338,23.52899988442498,15.845020674256947,18.087915769360315
34.11102232892359,31.54241016971429,24.39269837097133,24.92900532708361,24.173818974863565,19.57896976678981,23.313834304427374,27.98567822570639,23.379496561021764,34.07704549433812,20.290409971220775,23.034043642777895,24.34040676837305,20.349517610787544,30.184832174546425,24.917522429599035,27.617483328335037,24.426592557460438,31.2114027126267,30.86940104301333,32.375947145383975,21.84392744947125,29.40033410162926,23.173256978008464,24.20091144506858,25.417922733811174,20.89998894837273,24.271488990705492,24.028820134584365,15.690727273414902,28.28656464829564,28.588665450698333
23.568904594476603,12.962265303818185,1.0349892537683298,-3.605274204740338,1.0752193095297504,12.744749702247606,18.514586420792586,7.113618886646135,6.0160739224588955,5.779513230314425,-7.324343304744366,1.916483073506462,5.346956924018446,8.928331531409588,19.861540295649338,4.522586956804514,20.133200619272575,5.368788681853052,6.8944686734663865,14.467302056760236,6.250856709471714,14.28330250315052,21.508820984160735,3.518770203365986,6.891942171046513,12.601408590211735,10.345646037742583,8.799002252736267,6.282921329076633,8.709448860186127,11.089888467246537,11.696637651084545
-0.8021806827636286,-13.123692314371661,-3.1823285223157955,-20.492417492847487,-13.632934528101812,-4.449550329042019,-10.077622784856628,-5.803951508185339,-5.213274301855542,-6.715550739061031,-11.66452747838721,-13.699255017875341,-11.050443332140231,-9.270093120239226,-6.368819881096926,-6.724705397583442,-2.6086236828618965,2.648116254626151,-10.36070178671305,-10.31867378320207,-13.508702421821535,-2.848849972974593,-4.852538159671042,-13.92015772165953,-6.221119592962825,-5.21370015131734,-5.969584198065296,-8.81015447907209,-13.059753787720561,-12.168483031608853,-17.870294316329463,-6.793222226546714
-8.006033688678487,-15.019796294541113,-1.8038103856998393,-5.777769479372813,-6.923501627495105,-11.901616023954714,-7.682367363212019,-5.597580645004681,-8.38076566380577,-16.924833840924407,-11.325113712982787,-8.415056129017238,-9.628857786964147,-6.941346487408351,-11.173670938273705,-18.820699899324783,-11.112873739277289,-15.760372907709119,-9.005235351733221,-16.080835286324522,-3.7189642580456637,-5.516085959583664,-3.406367437164823,-2.608357202054475,-14.852571062694178,-13.397450865928507,-6.876153354638075,-15.281053730361736,-2.5213456993452374,-7.537298598015683,-8.940225116991687,-6.306046137267022
1.6988670674994268,13.593221775009258,23.39946038076888,17.231707411519665,14.42231151270217,6.059143978887909,-0.024757043121584443,13.637786624940459,10.774322475670994,6.289932669311795,14.810735883169194,6.831616166526954,5.3936907050994805,8.169018407458925,4.472267261554322,5.351902395093531,3.8355400601010237,14.976691962026017,5.4184358560664005,10.66348860943211,10.070646273892924,-8.739852899111598,4.2285006475263955,18.786828649965308,19.629841583331167,-0.6242306414076427,2.500767742197118,4.84668098002793,14.036070625983298,19.14468663034641,10.590410743414564,20.580253311510784
19.844332033143836,21.51288645353278,23.878464683470973,39.17204876800092,29.014113910554585,23.01087152682559,13.859137694513432,22.46899060254601,22.72679259778484,18.5725531337545,14.846062291250869,37.12961488516613,27.239069647513308,18.98240690772945,13.334513706034848,13.851581125387751,28.385286911813207,24.62505910215741,21.181110833915007,20.297197009133402,25.501342326463046,26.92294309087604,24.291975994230746,29.39226303710743,24.399072968353153,23.76629880212356,20.508246309598682,21.217750659498172,24.158746062645527,24.820503977650574,27.887572822726913,20.074732585223664
18.882289827214155,21.687425921871473,19.22753503135861,10.259190968911813,1.0004427189498348,18.292956934840173,19.468165188804335,9.908129481329622,18.677758905027893,8.386029544349313,16.241285996713817,8.079431495895415,25.120846055372247,10.361966204708839,18.526890701183174,11.227937947952412,14.669099106216649,18.906107267708514,16.47113632901086,12.624227299010313,4.461735852978922,24.354946188262595,19.311382272010185,11.96581381071222,9.95257411315292,14.962345198303863,13.437495874826203,12.069600617989193,22.95153727113902,12.338406185552456,20.741081284135625,20.92165789608198
-7.542847302757607,-11.36514036840721,-12.935172714938764,-18.544475997089528,-7.429170160139351,-11.237815546803228,4.04223431621752,-1.671538496864104,-14.95933939183596,-13.495595141075553,-11.023783426452162,-12.371064831787198,-8.251565810069753,-11.252450376500903,-0.6343320830023174,-10.401349839317609,-7.055636707363361,3.2287214672763187,-12.018298501158355,4.400831504874304,-11.960308140347673,9.954517474656644,-3.2539988282875103,-15.646307126999625,-12.280019492885033,-4.865123561036744,-7.97790991904767,-9.27096214829778,-17.71280473462657,-14.710891412135094,-1.6888101516026794,-1.856616737833452
-27.345277755371345,-32.00686782757107,-25.330555625942214,-36.29209413992374,-24.99781983885095,-30.60299302788897,-21.178507117690508,-33.2742074163696,-28.530676448484837,-28.020517029222106,-30.229632296922308,-30.414398309725463,-26.099823586775553,-25.32830427095243,-17.151272403975916,-26.079657170426948,-25.288393641977404,-20.597005041877836,-31.265064343511014,-26.750816439842602,-32.831350886956905,-17.590287320025315,-32.04162357862998,-31.95050194190452,-31.54318341504228,-28.69124812652182,-24.710459172679236,-32.35176735087519,-24.245857774762413,-27.50632907890275,-25.559074313931852,-31.255674096261863
-25.23536956917592,-36.068255476901754,-19.738713437162275,-17.244227582069584,-18.88394266901055,-25.33310077356355,-26.84012075126109,-22.389985609854968,-20.77748189079856,-29.963204717799734,-26.223868475442682,-20.41803167150479,-23.667909593646733,-27.164942578035095,-28.591130902803325,-27.81414320315573,-32.44431224797395,-23.16275574259383,-23.809426640624253,-28.91825219485658,-28.083506701665055,-26.550102125620143,-24.667936624735223,-21.869906560898844,-28.08098237379177,-25.164736725506533,-21.900690922927097,-29.121340386695753,-17.843428905069327,-19.079947156801094,-26.587483835876704,-23.693541924682176
-5.4762092223442975,-9.954642055226953,4.203806108628691,0.6663908400906491,3.6150285534400624,-7.889085374394834,-18.57290190822469,-4.613343657438651,-3.312618115458329,-20.358662510589443,1.8021171837577872,4.130637058478069,-8.320547312982049,-3.0253480070422296,-14.26401184729045,-8.968124896902735,-12.387207430680487,-8.577408677187275,-5.470050626835993,-19.36886434217688,1.1555773122840112,-8.82823803452036,1.3667896461636897,11.025266719498562,-3.2850631687839247,-11.694674303567748,-7.448849632068017,-5.934451721864286,-1.9523335348535524,-3.6526246671266427,-0.1588897375973658,0.48829161916428193
6.777449532788133,19.913596124304,15.911591524415503,9.87923906392129,7.241680475500531,13.38214799182711,2.3627917545298733,6.699861586213409,16.12479089252849,16.748483074630226,14.671206193701492,12.283474207981245,8.668862888263607,6.718503432807986,9.033304231583994,3.9538162958087146,14.45346645740473,7.844061881990674,13.813475557664063,6.08349887310979,5.013812189660869,4.033748588738131,12.266832467756148,13.519390650535621,14.138870216024388,4.54289215829293,9.429103228900033,4.1196820399525755,3.6875840015033794,16.445411422104367,12.476071140871229,7.554309096874297
11.131674800469963,18.31080150281731,0.9250823611262702,0.43991313076279875,2.7620262683360077,0.672283680188529,3.4211429572139003,-1.1078522680922043,-6.575963766376104,10.011139139588884,2.785164714587993,-1.1140431296569935,4.105781697992857,-2.647853600324729,16.464265721442047,5.87534800116012,23.299175036710636,4.804899723522253,-2.134991591188076,10.043891122336364,0.9244234872566646,18.205424207655092,10.14192207243571,-3.9188174701218075,6.6688641909803055,12.450481608788252,14.016765270586117,9.140122768754548,3.906977932274693,0.3536438217927945,7.679625757537937,9.166280830954864
-2.2258044086109154,-13.181839371199036,-27.197757787023452,-26.198565050143195,-10.087153047910396,-15.452112456529802,3.9573260276374627,-17.8836232586459,-16.438421954028325,-9.427725978806208,-15.580765068005007,-15.44710955093275,-8.700501603989558,-20.389989910041475,1.5424133973255778,-1.4791999599836048,-12.308128559037701,-21.669519728617136,-13.56201110117723,-8.565228899677424,-8.663280960226302,-7.784498146705309,-13.664656726308884,-16.01701457566857,-14.027852885431809,4.5289133664434384,-6.565748125868911,-10.627779860945015,-17.623517830757613,-20.87737303191832,-16.140102463317124,-15.90568650941379
-18.945335139787165,-19.459919152287032,-21.013258055558218,-28.467163573140716,-32.18392749966833,-19.419291617133844,-14.584199466041303,-18.038381274920933,-10.604797355413417,-16.07093353055018,-25.858661671278508,-26.596779657148154,-15.628356705745531,-25.529187928903237,-10.507052133671056,-15.341142161478892,-16.450076614922796,-25.730085657633317,-20.725667011858164,-22.725557722993393,-20.21987722028168,-24.42125303048235,-25.118796733302784,-26.24291903688628,-17.742612973514998,-21.2295281893259,-15.498609727891814,-15.12047981646997,-28.1104929699639,-28.252175450372363,-27.404249976219887,-21.932167351661064
-5.965617629719003,-10.643517038169149,-8.238066158238908,-7.1596212912674275,-4.697945963683388,-10.128897373158491,-18.131664905840886,-5.2013973389953,-10.851544405796185,-14.500869262873847,-10.565485575352263,-6.54693148460611,-15.3514332764926,-7.9037180105119385,-17.350626733447697,-16.869903954877046,-12.553926552201993,-13.932481081427369,-18.682349224202756,-20.28929002957261,-4.658456923693343,-19.30083374269568,-8.668516353081428,1.3170959400271343,-3.3672388560341977,-8.353025545744275,-18.442958512500304,-10.827003139995217,-9.686251405370523,4.228567164229107,-8.467701002949367,-4.224223107181188
5.334464021790152,20.154231670588235,15.229816127918998,27.991243213366193,23.058081143831245,20.80408617260721,-0.645915136688967,21.787447522017995,24.121628600128354,18.690179395003053,26.19488534125361,20.278959493575343,16.184028256744597,16.96421722898647,-0.3070186403907463,18.018862108661768,12.274254584848292,13.12740442055812,21.914088968698355,0.399067640533865,19.99204226725133,1.0199635845137378,6.438556475978919,16.181740751006146,23.703587876019185,10.431598885480259,4.813200671050617,13.89261378758658,11.717650893507594,22.719870709007164,8.104060709304951,9.749141858698747
16.332452501164845,38.36659675474708,20.636737673720045,33.33854214800523,33.05295673658913,26.134063416459313,26.002615347594034,25.231422326539246,27.38747508039657,25.405682261345845,25.647230143071617,22.286615586621846,18.612487731574458,23.974095307867877,25.970729184821344,32.423164016826576,28.780832729290978,25.878606120017814,31.807130893748514,25.713129919370456,26.58504927070232,22.996709503710807,20.093887081176884,23.116653178106777,34.65091367524853,23.957245751971957,25.560242427600247,31.83352553733566,28.713174647275036,26.273071893983897,21.829535455360546,23.514273454350825
24.648046756089215,22.939251180684213,11.084821106655996,17.342494548872608,7.365626358000513,5.161351202632427,28.005630405511102,16.430225012395592,13.739753546437397,20.81324709241812,13.809230466136384,18.52550134963008,14.304723133928029,16.07539756827086,27.82394627174557,14.617208941335278,24.272229951227658,13.109428189818951,5.639181749555166,30.71159767744379,18.554760586979604,17.93351117514054,14.42658962663729,2.1367646132575233,7.856445374049736,19.33604680380795,27.496079976048772,20.269983867969316,5.288814571977975,0.3674035215553345,13.689175382919604,10.035583131430773
4.27905994932424,-3.188940946136355,-5.984378158487004,-18.893500205241505,-3.846951587429526,4.2721147201716025,5.262735327139182,-5.436938496079581,-5.535973267287156,-3.87765593422694,-0.7094409300257707,-2.1088582057568264,2.1799893967128097,-5.862238782540581,9.158433008347341,-4.731854277212278,-1.8552715349146987,4.198387339373148,-11.45277536445251,4.993261625501258,-17.015994374661638,-3.438781345053527,-0.8185311791092338,-13.087999515658058,-7.452450559352565,-0.12126620379879813,-2.7419875495331656,-0.5809256909862354,-6.370136872228997,-9.278160507541042,-5.323021352993529,-10.076601172628932
-19.404051371101946,-21.483391286067555,-20.494778570755127,-17.9744710304224,-11.772985868140427,-6.009737302874736,-18.61829214576379,-19.712607606625394,-13.547942279454798,-14.549562229645622,-19.019383662611208,-13.733446999236048,-13.096478781423672,-13.31200937761319,-15.793829383159414,-11.637176473849308,-16.005007888899424,-16.756612918779908,-21.2469392296699,-11.09203240400958,-16.043510318530398,-18.12951284652131,-14.02413998470024,-14.484025638663912,-8.778291793216383,-13.787571191660234,-19.42376471698931,-12.748905327456605,-6.288091886275062,-15.582120278637289,-22.99036742506396,-17.40618220809428
-6.612351175427263,-6.525442566877153,0.8537799755584905,4.948217270973354,6.020449645282153,-1.545786972000314,-17.98735227052292,-1.5782819040235185,1.956525304138279,-6.704142755497718,1.2828016851834876,1.182499632886565,-12.09954944440945,-0.15213845519749525,-5.039664850164509,0.03774279920922552,1.79233459409663,-6.55008000203868,-5.558348503602904,-9.7380166825525,-0.07912497918232489,-7.203227324956214,-7.111708558916118,1.9409093431844981,-7.347596733976172,-6.295680288447557,-10.321221400627316,4.453403142966979,4.157263238316931,4.597165269219304,-6.247402002039227,-0.8567373410375706
7.151440697339496,14.373699315985444,14.56890358566607,30.11532904318535,15.3778907506191,25.40237886289329,3.6875837735162875,20.6354408434521,9.222144676760303,19.809996672016034,20.202262214895534,22.982376189514575,14.312688667825764,15.218722268956594,8.683149594462957,8.730148089365198,9.121697692976522,14.456740122884518,21.252816592269326,8.579772747144846,22.09165472015301,5.110105208064694,19.12928261500773,25.843726050053224,13.322407374593986,11.499369367338517,16.886195878674044,3.807449768127114,21.48967785914428,19.097457061216392,9.992803472098755,15.165047344698424
24.797222616752045,28.020413516674456,24.61404663901206,17.66432244705355,14.860516297399366,26.676653074110217,21.746460132522763,22.7102443484727,20.590708199746405,30.39731457331213,23.205165129916118,15.903817194905095,23.32264951410315,22.790810634278365,18.881913021705266,24.710287732496823,25.134143072544482,28.750415233729267,23.578886437049242,28.524907514044756,15.625123073476072,24.31169774668906,21.130322601724984,11.661142432257419,22.252267430603016,25.941974867752748,18.952666515354533,27.003901599327175,22.564162564153744,17.16799196658,27.76358979598722,29.717365515108593
8.354382104040157,5.3636059712275115,4.295155233823337,-2.3902029564181264,3.429726112028072,12.457864386150986,19.068051259735757,-2.792874811944967,12.737359088019641,9.403470728190944,5.34283481719619,0.3811517878926117,6.778631634835538,11.291362521433118,17.24924171062855,-2.9313857014066387,11.281682139482264,9.493954768682409,-1.9039459818042828,11.921061441458058,0.6934160483628103,13.769717192694342,15.266271255616523,-4.4713544397959994,13.491990499516707,6.98756317639207,15.819036086967904,10.982259131301952,1.5161257242965815,0.7143683684355143,8.176370511810665,7.690515204283356
-14.12117260230651,-12.956858989938862,-14.169370096239412,-26.49794813988118,-14.96931257599869,-7.396969098189998,-4.938369596943981,-13.149596952192725,-8.132222610437207,-3.2482215054969723,-22.142514827430492,-13.55899018426802,-16.911100180486542,-7.314967552302347,4.1675881342447845,-10.33780420308741,-20.62835991607813,-9.768393468445469,-6.44265677102759,-4.543805649607114,-12.355330891197989,1.0451802864692958,-7.561820790796155,-16.485096500019097,-13.323786127184311,-14.135407620122528,-11.361714492517512,-12.094707997125651,-14.878656023278422,-13.669632856922291,-0.9764254308782966,-10.479265663283975
-24.8369868554696,-26.64181123172629,-16.886100275142127,-16.00168148484531,-9.157352379460995,-23.25571139267327,-24.300200191551205,-10.421953394359875,-19.342885768961146,-15.091286879736144,-14.640006322968041,-18.667028008684326,-20.680351115248097,-14.197513648091851,-18.786961209682534,-13.006710700020086,-22.15662197334179,-12.285447471526565,-14.090512537779283,-22.95433192440425,-14.965472290518386,-18.755507091582967,-20.098371488780614,-7.013117590112434,-18.516275379254186,-19.494997729041035,-14.87738566922774,-18.836798961720714,-9.734994660851331,-11.630039690071069,-20.653196565791536,-17.073350570920677
-8.094529866555547,-12.79118578987322,8.558337110671697,9.28356275187552,7.349010465117423,3.6426172502849097,-12.537467622184804,0.922968333136041,3.2105779400946637,1.7037658312432977,2.3658157938760422,-0.8307176440828121,-0.5532493194680941,-2.1660103367592005,-19.871930075151575,-5.239404972705447,-12.389562883974893,-4.801566456000087,6.134936166139633,-8.46300082655393,9.153040707618237,-4.519827747938782,-5.1519666909306014,0.4361034734179159,2.703668700516438,-10.518181172929843,-9.16897982432578,-1.1458198777761255,9.677961980412501,5.8002730088800085,6.768083703230915,4.96043042024052
13.223366330225225,11.616419775931364,22.4847335243616,30.142303564812593,25.04419138618017,11.71446995132958,9.703168735158489,18.433612140647213,16.151605794785755,20.492464356752787,5.559254030525885,15.483394047544843,22.806894075234307,23.858549048935117,11.293891035052614,13.892808960826134,10.106447829884988,14.680767672127327,12.811911900556066,15.09018953924017,20.748423427517245,11.594241872079461,12.90749883152963,25.307415148814922,11.735395537695108,9.771632514986564,15.062603121680947,12.794893452184752,22.71179437850615,19.75503718564264,12.544099958943141,20.829279982615898
22.55921900985432,27.585185991047304,15.144540823278202,10.356938785507062,25.07948271255191,22.753925906151803,26.01685640579386,14.990000383711736,15.401697550445771,16.515345367567395,9.394010938280257,20.374576586511928,26.138447331486812,13.135788101544124,20.972298715918427,17.45064849484069,17.76644910956933,17.68640228136236,12.956205791920015,22.172676756739374,15.396623517373255,19.4727280925524,20.802753934308203,14.365929941730803,17.50070092248523,17.752972477731994,18.058623275548484,24.580004894766077,14.220454104666043,15.698965045554361,19.162346518616324,22.975310397158147
-4.582033281973868,5.212250175382767,-6.565594193138622,-8.409055788922238,-2.446877343034301,1.3953250559082702,18.298981195339167,-8.363638624311161,7.817199024543427,-0.3457253063206717,-10.4756751556676,-0.31481737339110016,-9.390400617623516,-3.486283833816465,3.86168752360293,-0.509650462104446,-1.4565116785347487,1.9175518823793718,0.3123514969774324,10.126250688997992,-16.38200541682823,6.725619752205505,10.120378869576163,-7.386397391860673,-5.775364698150997,9.855510788401443,-3.5558764955443,2.576326464947189,-4.610805879999697,-16.747236327373365,6.687577269819053,-0.8193491230186749
-17.19084591347779,-29.246887295578787,-22.922106621240577,-36.24973602956067,-18.712968778113023,-20.47140681193349,-18.604545422422554,-28.006215744800365,-21.484838191960296,-25.925319920683762,-23.97091014569005,-29.497505327648277,-20.738820322694743,-25.168945106697567,-15.74123134658992,-13.540538140710405,-18.697599416503,-15.844431338130343,-29.889204172492796,-10.409022272767967,-20.514588586004407,-18.453848222841895,-20.542210877685886,-26.11253380611067,-25.79646038486681,-18.68035585554654,-15.08214961617939,-36.18484279710893,-25.825138540540433,-30.118829075035304,-22.4849603671796,-20.683934344598253
-25.249381941941163,-37.35693610547369,-29.455600471347733,-19.56191127424485,-19.871891585054666,-22.01168790223409,-31.277377878585742,-23.776953368638484,-23.262712907988995,-28.323488176990246,-23.605638742218417,-32.074957159479915,-25.923698685125522,-22.14231933185272,-28.46543398229353,-24.854945472188966,-23.11913913853126,-26.6452034602876,-23.796042602641585,-21.897071791304125,-26.310185381124125,-31.593361407941877,-33.694839276512575,-22.840234267596564,-27.790755039229456,-29.19908701332423,-21.750007852356987,-24.397498505331676,-17.666307690722853,-18.064235293748546,-24.170325556411477,-28.190158655607405
-21.266776164619575,-9.93287215462058,-6.644059735125045,10.30477819517623,-2.3827874863158436,-4.257865390892905,-20.329984103720403,-1.220233538668574,1.987511203222235,-8.035431377741148,-6.688882788601582,-2.176149584806493,-5.833909067911517,-10.928737723246696,-22.93152488162453,-10.59589035198605,-13.409072892302527,-1.77278813663863,-11.824887334606995,-15.386773959027334,-7.617592657365667,-8.086115474762613,-0.8475145897889519,-4.024490568669285,-5.480667517215975,-9.198334096001135,-14.342062360070138,-13.077646378023104,-3.2083470827228697,-1.1710519481346477,-8.48648445084509,-4.411449164918204
4.3454500722238105,12.61204479582096,10.61150704529285,9.65328231926557,3.8175514626397815,4.264806839496149,0.2455349487481072,18.33411820225471,17.188524140487818,7.486007524866287,5.493640455265109,9.738241274496431,13.392553460002667,8.497683879534154,-4.868755534262602,17.429762539522624,4.265283218197448,7.5808990727443994,5.166384157309628,1.0591277737336988,11.519221767291562,0.44225890624599906,4.3232382433651395,15.747471905633375,13.74344366249715,9.202013329315712,7.837522150332777,13.918541139994854,15.214714842219998,7.724002916551775,16.107008532636833,3.0011174528439892
14.175233593074251,12.735290708709282,2.7133890256086217,13.521284032014119,4.398165187333045,11.145471991819525,3.2618383931969475,10.875934927417038,12.23675382681631,17.19930493598699,14.712415061829937,4.481180022051822,7.739616464832312,11.178306364411048,13.655872433102754,7.521415384197723,14.426284668432329,11.481337502304562,4.430722170198194,9.573925708988847,3.3094147554624715,24.557703016077348,10.797732258906489,5.932137287127864,-1.9004238500925783,13.421703322314908,9.986930391224453,13.637354329120372,4.355330121836389,-7.67404882089651,-1.2675102756245116,8.438899220611045
-6.475039128182932,-1.4898333760324147,-17.837293002671103,-21.15692748564344,-12.064334233226433,-13.948286770166154,-2.960804192277076,-3.011668556727199,-18.510611121876664,6.4990296105287335,-9.496603969733014,-4.604526819583979,-5.601091946142983,-10.403213470401601,9.012838215879176,0.7123778906424352,3.58378091770423,-6.956510840513015,-15.340612601875959,-0.13289531278756483,-14.989182711723695,5.092262053036118,-0.5669226657466155,-21.063248416127365,-5.746515390240398,-4.723821243435606,1.656095035590862,-7.328033195748981,-15.714294168020956,-16.85612544773071,-18.875486655617955,-21.406320733684225
-20.985539971757067,-23.1800867435966,-27.64838858757462,-27.388296080791843,-26.230684921743908,-26.609227153509018,-16.537655942695558,-25.861393262524206,-34.94381827417181,-14.871888361409324,-20.42515139017944,-26.119425003049468,-24.56970749078435,-20.765944887715566,-13.929121694633281,-20.81483363303126,-17.480301868772134,-25.617234466502683,-13.779842937724357,-19.431605023407286,-17.528652370936612,-15.152051233253003,-23.91189002226274,-28.499753037986665,-22.75939836367305,-13.80822951811795,-19.23135432367883,-23.104075623431424,-30.830649706142946,-27.97530492983891,-26.85950445362748,-24.615542322243016
-20.229043576581855,-19.98142948523479,-13.02783353158622,-22.204092152093004,-16.27782919963796,-8.578148682460531,-14.24440789923711,-13.68797910519309,-23.147947904353284,-12.79434804451243,-13.347808227797241,-20.64347087838395,-15.689115408173688,-15.962843550198201,-18.4812261731781,-17.92296820130774,-14.390191322845167,-7.220762290833485,-11.346478666258067,-17.934933291260105,-3.3369902247565673,-16.513186026832763,-15.58900052945403,-8.809476189530425,-16.058350334509644,-21.75506577241474,-26.21079174268282,-8.632052615590869,-16.533407598523546,-7.526148481744677,-15.839207237069246,-17.06533467066963
2.3543469645743205,5.467718667482836,16.724800785032873,15.749387501391443,10.531711233010306,6.323874589273648,-8.89193341389085,15.124875607512056,1.1547462723626647,13.039473186936334,15.131369784571891,13.926114370093474,3.0501590541421617,5.495955120524847,0.48725407854784564,12.609765642731306,6.918863108090166,7.690863239334877,10.713969600107575,4.952417904575795,19.10893031788373,9.612298009667839,15.120537045186076,22.242311136707933,9.649053638312921,5.852008501048879,-0.3766412867641833,23.025962142408332,0.9491954685167198,14.095502087744963,6.872854077370989,8.880028437050097
18.53010500375324,38.231498872260076,23.275812127753024,35.09000451825663,27.512560780781598,28.791463980668173,26.65953605113198,26.465908949808597,20.893990581274124,30.519400812618898,28.32718278443978,27.708589742053356,26.534353819245197,22.40893495604218,23.75099062849535,28.988951341984677,29.034412017896987,22.680331004273548,27.7552426189211,20.69894770796827,34.18588118097366,29.042118608827746,18.891487733054287,29.59281607057524,29.046380226301668,26.819799199735733,30.097756868626362,28.276912543929814,22.99654243156929,21.75954843081834,20.808381391699054,27.324550818595206
21.6663013776794,40.34219324162875,12.626878938899711,14.51114404284727,19.194918763541807,18.67638892086994,29.37224451829997,18.804962850472943,20.303793528628173,29.281984284044903,32.415801666456574,18.23030513062361,31.89631521276215,32.68121865386148,40.910239458368686,30.6439695732039,25.31576295422327,22.1710665043869,29.536045499286516,31.660404897862236,18.45837226533636,20.541093677577358,31.973570463548494,21.321254974622597,24.235776583449052,30.77440805900332,29.8649880862908,29.84612035967443,18.535465938671074,11.291671933725658,22.526080321581517,14.619648999719594
9.699392154365757,10.051446062637977,1.1900276630405995,-7.308349379078056,-3.153182130841301,5.670919455540005,15.534254542205465,7.409268353153369,-2.8550659658507422,16.25456299470936,-5.537927922278453,-1.6141730104032335,0.7996050318303891,1.1704479928486422,11.907109839080231,16.45971706119479,13.757771130905248,4.075500471050267,5.006968424717126,8.929285650726035,0.37648261651479037,10.829003053781028,16.182417734258255,1.194779508100369,-11.637819254511903,10.28003668307312,15.211976584340366,17.100241690976606,4.827701527642365,-18.479558907711883,4.672377858796236,-1.023686640239572
-12.100965874406578,-16.810941553892878,-10.400278745834306,-12.149477182140782,-15.394985889976894,-8.144148779876625,-4.394055530953201,-12.426976271157743,-15.249304076701021,-14.552098492308893,-16.41855900483471,-8.930515495708807,-13.327749036539604,-12.358093803165058,-10.278046965515262,-7.613356647986508,-11.443318265285335,-15.035450190392623,-11.716595214259707,-8.982176626938989,-14.845231032519054,-3.7762555014648957,-3.7812577145164648,-12.04597704529169,-13.409399289891997,-10.094934246356111,3.564541220291326,-9.177313264138734,-6.700875066176675,-2.8870733348186945,-5.640507814526543,-9.011557658169192
-6.132749469398165,-13.664381831998288,7.538275091477057,5.972841044300742,9.122401615369489,-4.960598940543141,-0.6875214268263791,-0.5325647491065781,1.6316928148600556,-16.701519876938345,-12.533793573383354,2.6827683045495383,-6.361220765430324,2.3459214825131394,-12.038483356952346,-7.726285871355073,-4.1368513427887565,-0.7294644170906223,-1.7904659771905154,-11.247411647015884,-6.250162638708791,-10.034260444691427,-4.857593141709681,0.9391216866673284,-1.6860813250367699,-12.531477646903516,-9.283666381096825,-5.098906212689187,3.3019015725236898,8.340779190504579,-2.8470130962411626,-5.982524294772752
13.208053341833331,11.992994490096464,15.804598185010017,25.309779087418804,26.438760747611454,20.559799511179577,2.1710588527904475,19.607636770234155,15.326628996598577,10.3875739147275,17.695879842150642,22.89028276578895,8.55148042600623,16.610532380786942,-1.96903505778238,15.24580761650224,10.519448842148675,16.052984610620168,8.041654710692423,6.4793904465189875,13.203001080765876,17.332501983106503,8.158977471584022,19.160860791205742,12.801664321288534,8.588540164463534,6.937268931728449,13.815881574763404,7.475152044517276,21.39469505581284,14.339514726688007,7.309630607977297
20.334242368800105,20.627939964665394,15.65803520961741,25.275697108989434,29.974782124793634,22.11460064345376,14.103026312784104,18.55744066735123,23.037137429801636,18.090690186130388,18.99288169850745,23.197217767495967,16.314258024110597,31.762682531018488,24.41590739123279,21.234505538579715,27.768136251466203,28.350069714673857,26.65515847038736,20.786907487439738,21.72180811828146,18.901255789634526,20.31816834316487,26.34188074258677,19.309397250294627,19.251567133979382,22.394436105932492,17.531658779444598,22.952110601627908,19.64733267004554,27.837736312431318,28.377232663963376
11.48910581927281,11.85223816407459,-3.004569966914123,-1.9289843645333027,7.254881578308566,12.72343207579749,14.24060885330026,3.5816081651729452,7.291827608568438,7.616903060736132,14.798094485823084,11.926246190381947,13.96861760623659,1.694768298493716,14.34680755535523,6.037780957991805,4.590096128372602,19.20106206272268,15.173126684468427,12.254767878143992,4.643966499914615,16.167770685826714,8.482117226048679,-9.503979605548684,-0.7822362066268818,10.849542380419317,12.778342082808331,5.204624895401818,9.341188843501069,-4.431214464914493,17.81197419638692,13.00732487605672
-4.219736087298276,-17.025937055759385,-16.65341963020441,-29.84254510662249,-13.17680891886677,-17.496413571622192,-5.311813675264254,-16.32386143598426,-5.825612230294418,-7.16378731455973,-13.122215339189502,-18.31167151016654,-19.11909503532473,-18.437783378137194,-12.299702650321752,-7.381760098401488,-10.303109254873444,-9.509169109739972,-14.774340079719948,-7.546704178776491,-22.667422153326296,-15.031485821236414,-9.926265788436872,-17.868572580821407,-19.22265571860829,-13.059026527845301,-10.730602555567966,-24.50193764406325,-12.257079142476242,-21.897607040799922,-10.512892551788525,-9.248281283232501
-13.583852283126298,-34.64324831658532,-22.571700017064767,-25.90741955383737,-25.60119386103094,-26.99907255777846,-24.149563404003253,-27.22938518253899,-29.258890313154712,-28.041388004417684,-22.326438820127432,-27.863530600795254,-30.98548827523728,-20.234281367955127,-18.674113790124512,-28.06631131987337,-30.46518750594701,-25.681528888241775,-22.02362384845772,-24.836501200714462,-35.894135596851925,-24.491587937042823,-27.81848107630434,-20.5330047427458,-32.81296716480903,-26.8398557963339,-15.258887516263705,-26.835746347264237,-25.89166455543432,-30.36300312154909,-21.748060851739616,-25.541616853953464
-28.21634216846271,-21.27924437502329,-2.252257909674363,-11.673249400804302,-16.813929581470607,-14.481862470033668,-17.432043073688714,-10.849811270178087,-9.886439995852841,-17.95784117111866,-16.334010950735042,-17.045795101859603,-17.612610627667692,-8.328571128236993,-19.447553540006552,-26.82265484914482,-11.898582381075853,-11.286220437897027,-2.8160656887638877,-22.8430560529987,-2.158669363908558,-18.23754557463084,-15.43592235963822,-1.8474266449487102,-22.97939025236637,-21.35268833730314,-19.406021704906383,-12.860481016735037,-15.50737451039168,-5.260156451016495,-18.602428442588355,-7.933261598472363
12.4151954518335,4.340914204801521,8.53418639493282,12.948493861356752,10.440857629501947,-3.008220665374035,-8.436275953635636,8.683000537261576,9.541702135003254,8.484460186152269,10.057305023393397,-2.669130820283666,3.743643914093604,1.22470253089077,9.90543450778009,1.6627629380925122,-6.451052928813186,3.809748488171456,14.891423537311482,-1.885744809688802,7.774192479393116,0.2515072648758938,5.450065964586566,3.0446694202653513,10.56425746622151,-2.789907712663707,-3.9174281809340923,-0.5166002887112636,16.884613658746545,13.787189507042036,12.857641929985247,8.28156666216313
19.47660408061412,29.673496776835503,10.236994341553384,19.01753234289548,6.76567911734126,16.160727997738988,18.921363923539342,15.676574970926522,8.561376785247525,19.173681113480963,5.311341625801354,18.375168576476355,11.810091300764462,21.832786486462293,9.436565424578532,17.743624420850885,16.721138020556083,14.633540947713637,16.460700106983847,18.351382816873876,7.2105963973882865,12.585962710359052,15.06613171677925,9.264024118624695,20.901494137799755,8.927662908602095,12.62114231222529,16.297381147166732,20.925477209445255,11.112748198867742,7.5105403213074435,18.346303918152344
11.32701533261903,9.178126821988142,-0.019615402589450454,-5.2812795628531255,-1.4928584182675155,-4.048126985710654,11.17101029526499,-3.564043625066632,1.4528219103892557,12.70656696995638,-5.688713334714675,5.4356632709232855,7.170915669819109,4.409066637167255,10.345673104238783,4.245090784039783,9.880957631164677,8.35839237959063,-3.0560793415363356,1.5139311325375404,0.18985618406439395,4.759753923834847,7.919634711386889,-6.42072926420567,3.7189981841463258,8.924982378056825,6.567795692744595,9.262517935529212,-2.5764419204664457,-9.078722366624156,0.2946491844088814,-0.7267502132392802
-17.61058699175376,-19.794267242088438,-18.083949948478168,-21.844676257211642,-25.461824802178285,-17.518620429831916,-8.175712383939448,-15.399326520664452,-22.184046185429935,-19.168815872278042,-22.007635544460232,-15.63189893595288,-16.617607371576582,-27.61168114834511,-2.956022619355384,-19.1882105301182,-13.421515375051966,-11.81320783129497,-20.052231384140274,-17.939097596853387,-14.019353306461735,-10.32400142443599,-15.281860672546355,-24.418521324711396,-19.214587869466254,-6.089945585653565,-16.58160095717929,-9.649928104859711,-16.025975392121342,-25.258395694005344,-11.213171946036034,-11.203789758170137
-26.33037227206927,-28.94913885718129,-25.201164910827167,-26.922258177120153,-20.731915308156648,-19.355585969610093,-19.343619897457295,-14.076151156482858,-31.263477525424857,-26.241503814343186,-18.644505175430236,-17.125389004256988,-31.555669890336084,-21.657019287206786,-30.407097722854118,-14.35692124529944,-23.275695456173167,-27.446883412334458,-22.482942906766468,-23.31329612298705,-27.406157935921076,-31.68177503124134,-20.04074061983136,-18.292013190955963,-15.83034768439319,-23.465757368962777,-15.50023808815881,-22.633280755782167,-17.97583360879304,-18.021541480649933,-23.16658192841176,-17.469600643807393
-15.7295036486771,-17.227530467419086,-4.363359027754611,1.3041118421733517,0.5739351574511086,0.7966243226335384,-17.101923731560902,-3.074128600391005,-7.312907461246084,-5.143423415619038,-0.7464887754324592,0.4119952320501438,-7.627133872580735,-2.189036460378878,-14.682796820685333,-4.402732007190207,-9.399105566880065,-11.35287785211135,0.021533722351027573,-14.974614830648333,-11.01170936791744,-11.229262690386621,-12.407634101988556,-3.2082264293446583,-3.1283939914901,-6.650755028349103,-13.880620441112407,-0.096276329139518,-2.4101570992187837,12.274439997621139,-16.98963939026937,-11.50441604628019
1.8670615212705255,18.528115973673774,14.488608913259725,26.23557155465055,9.82138093825526,3.385611326430536,-1.0213182152440976,16.76959906787314,13.779902572570178,1.4482655725545346,11.164180467096859,16.444998693533396,12.340980445113644,7.94120672050146,-0.43123420473166,17.22385634489257,8.862241688238885,14.330616775402904,14.61437852381345,9.978334342254724,14.089021333080117,5.60971421827402,8.907012810164504,11.098315993644952,17.803668130220935,17.364849107243355,15.822496016981944,13.000176067173946,23.198896249251597,24.653746006109323,13.627969766382993,2.1054429929714553
19.041158242541012,18.9624302369923,7.976507307908022,14.624005538909586,2.5736003566854797,10.613814230090005,12.144871307497803,16.560374338879846,14.24189165868215,21.436728039247694,13.898177645048012,11.665709606367608,22.299545331197493,4.172458865714988,28.68666686896013,27.745535248098196,18.38584244370844,19.441002508380215,17.883927409431656,16.727245549149497,19.87007652556068,19.99289770484956,11.571229882038619,13.906474381153007,18.57136022483925,21.95078757558729,16.90421635697863,20.37158814153953,19.148781025311244,14.466286667799151,11.37970651723387,17.55694111659374
8.782652187323139,5.795714982278025,-2.1979078129740572,-8.377405749871233,-6.78462933027413,-0.4832811257753208,4.343943457084814,-5.842393347001467,2.849050330094941,-2.54877848657819,1.5666174962193926,-0.3340093197512294,2.930352159204502,-2.361511734198743,7.474884687182072,8.9490415650496,2.7540664245721285,1.817085365263986,0.8422031106286023,3.593891902081834,-7.912446981540119,4.970031887510081,-2.533133260400274,-6.735228217601485,-2.390217824005856,19.308169771149316,4.834267951455092,4.033426967891152,3.6751718576928862,-2.24995190216145,1.9592436396537107,-4.651762593401468
-5.105875864095851,-16.726847480976517,-19.887687904364817,-30.045858479918255,-17.921959940838086,-22.920818013694674,-15.368005988402183,-15.484912937801155,-17.139307896277824,-15.556981457036708,-14.746417009796131,-20.26498145321733,-16.358612650637113,-25.707783674615744,-9.75206470683318,-14.578904466918498,-15.884637011983454,-25.310250132206495,-10.813343519155008,-18.38175784846196,-24.11767547561629,-10.071786980903923,-18.56802335846386,-19.574131361921335,-19.42722189829069,-7.653078757059964,-17.71390809689807,-20.524090853559574,-27.929884658479413,-20.60814320207268,-14.802004095927026,-16.094475244063027
-15.749425851630063,-23.90855831751651,-20.04750988651762,-7.656000720959964,-14.26955959495219,-21.189652317893866,-15.416894850308347,-13.921629714092024,-26.664027298443575,-23.87598685369422,-25.541279307492946,-19.211778484436092,-16.777405286448605,-4.202869273954073,-21.420371349957673,-17.68693121613014,-13.303129757804264,-23.238751508901956,-20.000850004367418,-13.262201419617856,-23.33639749581248,-17.30603743408988,-11.0345097129791,-10.083951191147587,-27.414208389017126,-13.897762185337758,-22.877085835077235,-9.278500142179144,-26.83050914565324,-10.990960090267064,-19.871208231832142,-20.697378092875685
-7.719597801336575,3.09680159791545,0.7867620120280896,6.906496441545874,9.614325344487627,7.014343708087771,-8.265651587831114,15.584224224102512,-7.27189486592429,-3.7320276797345295,4.143638597308062,7.7203988532297725,9.585275070829361,5.307217566409617,-7.903154443934891,-5.042515990369643,-5.167747224714963,-5.804376218597734,-2.3702658614431957,-9.316924876688452,10.269640010969576,-6.4486263466559315,-3.0474816387537738,6.45321929003312,11.226852867028486,-4.224843570807774,1.7930439286214832,-4.922326090678993,4.099020977090998,10.746508453314137,-0.9771392229155734,5.038624859344015
20.18407189411097,23.918080492607867,26.274631179830823,34.56091748945595,24.78203298667646,20.618578176542318,19.53602971263325,20.843044446455814,17.118292764997424,33.83200595687514,35.543937049199364,21.961920384279104,14.435693562967604,23.376790446080157,19.624018892347785,23.675198326733504,34.03825601222618,16.25493429776732,27.41088896493822,18.84616719749248,28.70425906150789,23.31804557348473,19.277138488424907,30.028036139560662,22.10316558614105,22.274690020309084,29.861636578453474,18.23810698545739,28.14693188939974,29.102350442312687,12.620259533221017,29.115965844650415
23.42098103192629,32.151638217987106,24.708806859148982,20.998822500721143,23.464366747839758,27.98674256494495,17.613681589906093,24.073061761836122,23.813733901872382,31.853380128305993,20.656384188216123,20.345949812144084,34.2703140431338,26.54241517334159,25.391231952521263,16.609611099058547,30.23612719842084,28.389352531349555,19.169869645769154,27.99519678285125,20.008789613450073,25.587832253424526,37.85727184355971,21.79099879449666,31.84423534963105,22.359518905920254,31.04762862672903,32.15782874583543,18.770277381886793,14.258549712954405,27.327348363820633,21.691533461549202
15.334627234632945,12.871769477055048,3.1666810693672813,-2.9271322810356355,6.270156823489791,9.25737225499359,16.571520921727927,3.3811010245254716,9.999969229168276,18.50950918933108,10.66997903859342,0.7289438697960365,17.287883157150898,12.259159524706236,19.442533407578686,11.940393930740425,8.823424238203959,13.08615753901046,2.039805527113997,15.108590442320613,0.41068801358598306,13.77495322234167,20.623849522440874,2.3647151467999357,8.090106841820601,16.350571576654723,18.13632065286511,5.900428699284115,0.5742956968588886,-3.2065496936413647,1.2978822593748616,3.858513427609356
0.17214110309118236,-9.168158878512603,-13.591430885970702,-16.94926963530105,-14.180263325923733,-8.744653845063329,-3.9628305832897968,-8.298895859760897,-6.879368225947523,-5.1765170552203665,-17.735125093832536,-16.307789699860866,-12.519929011569316,-7.570645985057752,-4.205031254973122,-5.85138481505561,-8.427290079469412,-3.1273497925167204,-15.61653042556519,-10.260043661795763,-4.171276927342849,-0.9022678492540928,-7.570277315361617,-9.928518653081886,-9.291001191017589,-11.053469150795998,-9.510383216395528,-4.727375408237682,-12.720946682273421,-10.478442859406002,-10.918563579239255,-9.946370977333741
-11.558572793974522,-15.78687188590097,-8.60788797067838,-7.633885435222421,-8.240315002816294,-9.567455094409624,-11.515831684476778,-15.843691656503891,-2.183976998533951,-8.397442689620224,6.673976617360013,1.6614391008104648,-12.071476535918043,2.2349255987773144,-13.236850330207295,-10.051692508161874,-0.07996882528156446,-0.3651288256072624,-1.074752989254766,-8.772099864682808,-9.870018440416855,-12.099252742974059,-9.831416531055343,-0.06974411002402328,-2.7424139938806786,-11.78729944965615,-16.660960955430827,-9.232449102512273,-15.029678469302626,0.5210419509308679,-1.7870047644420488,-3.14186171902149
9.503448115356187,10.451654490613473,21.91775879585402,15.429777585396046,14.729342037465894,15.96488408763187,-0.10134764873501345,6.03013386642042,6.796121239743554,9.931102233031922,9.806105183930194,15.701762085187418,12.274755728199237,11.429663535921602,-2.3708251252609025,13.681682512057789,17.833103888742976,7.837488137962253,6.0745358804253335,8.200564570208353,7.287537054241849,10.62044041710739,3.1587495010430233,20.816595312792764,9.367182715642715,8.278703622836627,11.056433253727608,16.37724938226939,16.891830563265,25.79342464725565,11.551270312002979,27.450949235047133
21.855805830311706,21.718979731931956,29.14535967419809,42.00788687803211,21.895471636876803,26.30476397888801,14.051517510022077,26.28203831819829,19.847396018511226,19.613353245701212,29.440384298377964,16.844671902469454,28.959098743512534,30.322744996463463,18.598948149092767,14.530669756755348,20.487911185297307,19.434295068232483,18.94156830980152,19.088150659941313,25.416586061272543,19.204196187437386,24.018860366952683,23.5980644073691,23.79567374090172,18.98752671645487,26.281107170037274,18.736538032251197,23.321610354249913,29.607426198648916,29.22730975450978,25.03347598050694
23.751991268057058,20.33847437100219,26.664912146045353,5.901773619305657,13.632754611277097,14.596834039013967,11.511526928984697,9.112819409012936,19.05540096187416,11.969441899529334,12.5042884224859,13.213062278808456,16.912115493060604,17.850810007354198,16.75048720253061,13.725090729068178,18.952095018368457,19.6561941527435,10.927812254784284,24.03227591321214,7.341089935894191,18.786764092505518,15.699629870093126,2.582260484063074,12.740357707591361,14.265243466264948,20.616202750206583,14.25191645429365,15.268555465009609,4.925096358260018,22.67226781160025,15.590967993177586
3.320959521997205,-5.121159692272332,-15.196446289271856,-22.14936508369225,-7.380228456032855,-10.762292694795319,-2.4897079885140774,-14.05099420784834,-0.9368212214568581,-17.089007334788217,-17.325522667764833,-17.061453072054867,-16.380704309406152,-10.556801627109888,0.7528749757359202,-7.392393452434468,2.271361706702541,-5.234346597597783,-15.082936281022171,-7.721449737375673,-16.372668815477798,10.39387736716029,-6.789902904036102,-17.87444398938221,-19.39630999719472,-8.280610689007547,-10.916884497307892,-10.379966988720753,-12.472902054991872,-23.435134236106432,-12.570274641802927,-7.177026091950253
-29.544886788466883,-35.64847603740848,-20.227080732276452,-39.34085965853823,-27.202226798791497,-25.430297362499463,-30.465169746855455,-22.66360349358296,-22.03783757121656,-35.84617034287538,-20.812564311123737,-34.47590990515129,-25.5310874675966,-28.859006467766957,-26.996922420766982,-25.834117277623335,-26.97437584849003,-28.663863255629543,-32.33175957590788,-22.579730938073105,-22.319963101834258,-24.058557051130876,-20.80113320595576,-29.603009200580793,-37.88569601052338,-28.655687194456938,-29.158707657567525,-25.8435580069614,-28.719162727517144,-27.349988411049708,-21.893692138934053,-28.98586490947708
-22.424002924433125,-32.28064529384393,-17.23199225240531,-15.134666595878187,-16.219050973204062,-31.93313946537457,-22.64667926495832,-26.16444984915158,-24.455726530771305,-30.533550923346205,-20.364771753844614,-21.82394664965531,-30.724600740897348,-15.9039005825971,-36.79077076447141,-25.279464621481207,-38.56631297768359,-23.937426530920145,-26.615602691429014,-36.20308343960865,-23.01523765389452,-24.709273149995592,-33.66943473298914,-23.982302670730025,-17.48266591746778,-23.7547194962671,-22.518805858526683,-21.653789779743796,-12.594015985061473,-21.944068498797446,-20.999648846337784,-30.164061134423385
-12.2314581313139,-4.662625840587047,-1.0949626894359443,9.797015003676242,4.956343769368744,-4.159706778916107,-14.084955295075801,-6.131011162996562,-0.758751643680577,-7.7982565213234665,7.511375845618597,0.9455412497098661,-5.462094232676025,-1.9435761141491326,-15.580538812751012,-10.649646144592065,-10.5042242937255,-4.910821338539673,-1.8560895602668075,-16.717884578921108,-0.1806547903618108,-14.784347632544465,-9.736390604788594,8.23518477202283,-4.206956108086359,-12.73725285517589,-12.034962174494925,0.008115215261112474,2.685128875064708,7.760665284795961,-2.2127739149606014,-4.831677333447432
7.1530977010675985,15.491134314600997,15.41976557437257,16.70065153581587,5.533330185920454,8.375147857736218,12.68729835324552,18.98672955078196,15.198554838531207,12.20004918992338,4.422583271168268,13.985192887456819,6.218550658860215,13.786528296267273,7.7078965272981605,5.886730526763392,14.499140297539881,12.37610180415341,10.449183151438962,8.17016250930658,16.950894087223748,13.67789414483109,3.4993923495604258,9.440381099599605,0.8452684897886803,2.0671310162081653,4.897598194700209,13.494892975953162,6.037964203648798,13.127097142982734,11.875474196186827,16.619536170149857
4.681835526008073,8.942609759993154,0.7650703820223105,-7.725262330636384,-3.528503303403481,5.650564710171293,15.446995806213366,-7.578501862855887,1.4683120951174788,9.463562685274516,-0.17246817792146352,-0.14960443898561712,2.7549881955809554,3.236754707192785,6.633174184134918,7.214152915444913,10.817908238692848,9.076656985153585,0.3194873667025741,0.5502206911984329,-6.587049223621025,17.792650672047948,3.760185477796602,-1.1784220243210126,3.5557277713700493,15.489232557847503,6.0095369395626195,14.31516536081924,-5.481664398632971,-12.049407903176608,-2.653583097345619,0.6085971645623662
-4.631952577032406,-9.760053044724987,-22.379827647605655,-18.289516875359546,-15.086242003609483,-21.394570680963536,-12.741450321845187,-18.635719306664008,-30.11237163101419,-6.6469468383242525,-11.651739455591112,-14.54144302865036,-14.123851755395455,-15.365342378831366,0.6544248636927643,-13.123923181564397,-11.03853122452327,-16.523829246927132,-26.06211335593303,-13.450911538526093,-15.170634418659564,-4.0770164161984,-12.845974060793711,-22.122337979251306,-20.23782643481484,-18.02538610395002,-8.97601157105662,-13.38476250233501,-17.96973202010664,-20.87879534468144,-10.785750388267783,-16.67201379180191
-21.113388356818156,-23.586120107340246,-22.035592707818736,-41.793445805245916,-28.922163538440316,-27.64272293901348,-27.557434351339055,-19.51483139902204,-16.247074184736057,-20.677296942988185,-22.42668483148602,-21.129336402152912,-17.634773510260533,-28.068798893498876,-15.517090057463916,-17.65608924093391,-27.237320090693792,-28.93815551853146,-15.5749649815292,-23.132886956309218,-23.894441125006768,-21.840897172287374,-14.44566247056333,-16.544546408555785,-33.637495560582956,-23.74903872349148,-24.640888415333084,-19.922941161747524,-24.521648738724842,-11.82069143146406,-13.439679695987486,-37.84715595916045
-15.747198742021265,-6.655245838536906,-7.789178670643174,0.820019474689091,0.2909017551068996,-9.871788346326046,-8.405284759339986,-9.23812514335486,-6.548178210269214,-12.409662402390493,-7.1706695221056,-5.571120556114148,-4.00245674219423,-6.367896589728898,-22.64329022681106,-9.39918979206292,-18.54133944347261,-12.097950280798717,-5.674208749597561,-3.824107091870763,-3.036011442424599,-21.14308400099891,-12.631340502295624,-2.858861623262927,-10.584138231911504,-6.833528932252826,-8.956229070402856,-4.802857339996505,-10.32804438747129,1.0002800364977213,-12.60568207448479,-11.649155648107849
2.329824269397516,13.692857018858325,18.46902334100956,31.55125015184324,18.065084165980327,20.17463165208657,8.635479945410122,16.91181484830964,8.15845294176789,18.714732132115056,27.474037057192714,25.536860572314694,12.758450936899118,14.034260846576396,3.6074846293525855,20.33183052396535,14.373109873542157,5.314450700656604,18.061209771064643,9.782664053798904,19.642509553779885,6.123190082062048,15.873253684407246,29.166820324615475,17.123855371029368,14.304049989350993,12.256913212880535,22.47186909249695,16.193532825920812,25.56249029468495,20.937644963785516,11.440671537882574
26.947162070266383,32.406388811936694,23.44025940049528,30.741968757446156,19.60749882587004,24.211174739775792,23.051293793729947,29.64085785811357,21.039278500911838,28.425183912347602,23.81485750548811,24.772943939555894,25.486528715093264,25.995950775936954,27.24499088773787,36.76337745151591,23.42824756382931,17.972480680857768,29.234267611184684,27.09297303273814,32.50451220331954,22.554882423291293,24.17805199442643,26.980768994735485,28.585694791785595,26.455251556164743,29.53865168211728,26.07502872251306,24.94525521466159,27.005034659187295,26.38666709877921,19.850885182578423
17.893121677969265,19.405959255308353,4.582516910545159,6.666185862849926,10.031503248824235,15.174834218946932,17.127817875474996,14.879958735949518,13.072692829787853,22.271787741792576,13.959590517608495,8.645256609303313,22.10634022325812,17.00729515862955,28.900021275486626,21.187978456657873,17.66177000364683,22.22396016063565,10.329729884227126,29.29732745410375,10.054682036636697,23.603925307048666,17.485494948005236,4.6949369641256515,10.871259140402344,19.187788125208,19.62460958590204,19.18983805096059,3.764839154976814,4.416786302109403,14.730082801353891,7.8856644694940545
4.0891118107552105,-12.534840153269384,-16.328447491408884,-14.000951139823481,-17.995397618727193,-13.203962566487387,-2.5513781540360294,0.031477389430478175,-8.217565025480663,-7.671101942177907,-3.3831502491914858,-5.620382552456223,-7.92032605423408,-13.226311678980059,1.590289634268392,-1.8052951953479497,1.0737851700240235,-1.9984998938752416,-8.378427934085174,-1.6165929982942098,-10.643418239121736,6.488924949207585,-1.6672672273293376,-17.180318467361218,-7.2355708828757335,6.390578028304931,-8.785408530258357,-4.77193544118637,-14.585225517954173,-11.746867714569587,-7.277188355263984,-10.635536051998464
-18.94605203944817,-17.723323999009335,-20.722727137316603,-16.726064646096567,-14.548729933917027,-23.442415572165995,-14.883882061014804,-8.52178070062461,-13.146194282660378,-28.852432431417608,-10.146587379067686,-13.596929398801453,-16.97439503683329,-21.312030147398417,-16.635694934368626,-16.62087233516281,-19.550757447602752,-13.83989337874524,-18.753080537819283,-17.165557004125578,-17.802466636971737,-15.630565585773903,-14.641212983574162,-13.313401588464943,-12.533011540432009,-13.186706900065351,-19.343836679239498,-7.767633038499432,-11.03976443336263,-12.400413480978962,-4.280411550915523,-17.26121515836612
-11.743198439018357,-0.48803258141466827,2.437387471095103,8.567259120638077,-4.004743231146608,-5.466575697992634,-9.952341381902674,-0.9407964528255887,3.9908758493974683,-2.345521966035765,1.4690740374749542,3.0185273542469817,2.699309842751883,-5.256735507112974,-12.493636565419232,-2.8736527300522123,-0.39038529908076103,1.34761211614946,-4.109837961434157,-7.337941772149075,5.249421026779236,-4.743348389381051,-2.771439585770575,4.629474642916446,-0.7693869457809904,-3.176616248452374,-5.725899226761287,-2.1588284034535397,1.2133187731462005,3.707884026331369,1.8916560414280916,-1.0249905835018271
16.702313420292157,12.786288374020417,26.894325093199704,31.283748742062002,19.495668075742376,22.785147819316666,9.47099437009762,21.822293808409565,24.182737391258048,15.042351225763198,15.03192175750063,17.98929522069233,8.319694841257236,23.95063695622246,3.621058693379292,13.106260385292359,10.592991875088552,16.580230676195406,23.050841031985996,19.482037442814068,11.469627703779391,5.748115989760579,10.383342075708597,17.852698570304995,20.532602138869628,3.068745418205986,25.15352442915694,18.681668559428093,20.238898046869444,19.34743647210379,17.831544189924053,21.328815268552074
23.178605782935776,25.850069666442927,15.842724343675943,17.21798839129141,16.562737847822962,35.00504287089705,16.80146720816166,15.24875465965678,16.32075915036502,26.413746079000504,26.512880590268804,16.28872959534925,23.7302154333973,26.54058139266746,22.2247233204216,16.593986516171263,25.25677612717074,27.27464027805524,19.465944805779102,32.16118710418493,17.061967188366967,25.114945696645652,24.572799512979852,20.90367803424857,23.538621280665108,21.660901930906892,25.246379902035784,21.534641428161255,20.974318516672895,25.021494809098254,21.91677083414072,23.41074254210732
18.50504430312439,12.110996660648448,5.531689087488674,-6.641109299260623,3.9458482255443017,14.980059989981964,15.672017872310251,-0.6653226551838614,1.024619403832797,10.826808366426098,-0.981007127369245,-2.854523405080235,9.164377017708485,-1.3238673384141775,10.242405169608574,3.43759332576008,13.849221904487155,3.680347835897965,4.491823502877515,12.361215640522301,10.130294049526528,12.77123541616909,5.681050069628499,-0.7044012889868295,5.386616764466538,-0.7819274898467088,9.048506236572901,10.225944547108819,2.4914994859720387,-1.1555972846882998,6.801602052569952,7.659206376328623
-5.084273474275007,-15.37649331584392,-12.126286942674207,-26.80314935706913,-11.778210359517184,-14.299922880744719,-15.597924886592683,-10.61994516319939,-8.311205067860685,-12.323824731928141,-22.315410577847786,-20.110151371967213,-13.427844191580716,-18.33347123063525,-9.675554688682146,-15.484679341282002,-8.993125991032446,-12.820137190968392,-10.08216558773088,-16.961731109782686,-27.66314680692584,-5.608706895696757,-18.98185406057904,-21.09662737637387,-13.138340571813668,-10.944119443933191,-4.952949709634952,-9.094923314413187,-19.666399237986948,-16.528872986802245,-17.849082658459427,-5.723560051089706
-6.962238671924355,-33.42814352268855,-10.935358693161861,-9.995189181222019,-18.80975069835698,-12.21454035828729,-12.133911641954349,-11.166752003214683,-18.435655625032624,-16.268705519538273,-24.164780013987674,-10.472485107083667,-15.035082648269801,-16.162783363923882,-15.965547943750181,-23.67869364622492,-16.029398307520687,-1.6042424624208906,-15.700454858580533,-20.017005516832672,-8.936660522589762,-26.956185496519755,-13.204826053875168,-13.506124106501941,-19.50257520145245,-23.637757113380015,-20.111188854012333,-18.251289292994624,-17.916523139140672,-13.238123660536779,-14.990691441890386,-7.532131979797647
1.783867055722216,-7.523397498580499,6.933638247981502,3.4963824761313735,8.98349125150076,-1.204512204139125,-13.222071616943811,2.467706893514772,2.1084781627099902,0.4774936742417383,1.953246417553942,7.064888433176283,-4.474138976914615,5.159587364501545,-11.92717483796203,-9.981189516841049,-12.358341921774064,-1.6099431556237618,-3.54774766632611,-6.741011991091549,-1.3040226308244598,-8.568183939814482,4.332707596119689,4.42000703846395,-3.85600034951786,-10.848659791541857,-1.2290012727755524,-12.0495520672096,1.9788395070781166,11.07905125357025,1.3539238950773103,3.435248228537655
13.064537929185267,15.108573436102304,24.070005276967084,17.319528959885005,20.9085316496152,13.60620994071316,8.992909277045932,15.640197307186842,12.451440190146247,10.856422146467157,23.328294583146175,13.809519677280989,14.916902751921127,20.86630306316685,5.608730202434628,13.745234824789929,12.469711492367264,22.051848142097363,15.340787235584196,11.75679831026097,19.25768947263912,16.155910144531088,18.82859884586282,31.600702376828018,19.48243986904005,11.562831124027774,20.494492400489175,6.8404233695272705,25.280545079183117,27.717810397477695,15.752194027044695,20.366317929033418
21.276654637657384,25.47867926012251,20.666208029055475,13.300244168267357,19.619252958336734,13.425030417492918,29.604150977438575,20.54061757903889,20.425009360604072,19.02277049745324,8.245724755359523,17.853521753822243,19.625939514445605,22.753103038779344,15.000133891539372,13.783063948422589,23.91079697881253,18.630238939644677,17.339468444022568,20.4097837872464,19.72285960025952,21.756951183883075,20.700118880875994,9.431047357162214,17.33930308531527,24.418688276981452,21.279703050338902,25.319562770916857,16.655662066562027,20.639033517951304,16.967154875802276,19.981860371701142
-3.550520320959233,-3.330659641644094,-1.7448059393476838,-14.032234894249347,-4.911891260097097,2.758801729411797,7.143983988046597,-9.311672199737574,-4.961372717989859,5.637718952184127,-1.6074200021337173,-3.5737615766681854,-4.408381933771367,-4.17535987156084,12.099991022873542,4.094624184567637,7.61139327303718,2.222020685808254,-9.40913858298436,2.2506940031241593,-4.962587008529069,15.32955560817599,-5.732660515478711,-15.859025807820819,-4.438383619357048,5.471820914715969,-3.780541461684657,-2.466914286688079,-13.92821188673427,-8.015057920700134,-0.6918775436751582,3.133668060453173
-16.34664543440908,-17.143687724233825,-26.33594244592931,-32.149834708452985,-28.70489543548019,-30.80271005671415,-14.467229103117212,-25.977358273681364,-23.14238192130104,-28.03891191522783,-26.318505110578485,-24.16727618227249,-22.930961647717638,-23.25678933394972,-16.085317557052672,-31.39983257205272,-21.86047216199702,-18.731660128830388,-20.573440728563536,-9.191962920047358,-30.504564888929544,-23.794530537108205,-23.203777755885827,-21.961300878186215,-24.882593489199323,-23.045910661709826,-25.942750837765875,-26.857708537753137,-26.98724409537729,-14.851040235028409,-21.479865291534004,-24.450249090183167
-25.008915617258346,-26.22481582929481,-17.893634163315962,-16.58710417460186,-16.395958446303137,-23.932935116046423,-24.063007404025065,-28.54270061321528,-24.687509992641417,-30.12882239177012,-21.793168688190992,-27.25823628712901,-25.930132155660303,-22.742437856775283,-31.10937312043109,-26.38472254682968,-33.7311475367009,-20.925139612447474,-24.501072762957964,-25.932034410397147,-20.004216130368548,-27.771744326478885,-25.4581529124618,-15.926357301604808,-23.262777194276044,-28.563859677554287,-34.28074623674991,-23.27169579616313,-26.296965113800354,-17.96232976980657,-14.65901207000822,-22.293335713912164
-13.627638536223483,-12.685954114664568,-8.380470228912381,4.052549577720589,-11.21597160405794,1.0842961848374175,-19.3534659892768,-3.02316939780465,-4.53697930732418,-10.349933985534122,-2.1916210559033584,-3.6952129753809664,-7.260837657443189,-9.40994911098594,-18.667548929319516,-11.917516328755553,-9.90216315411033,2.4213237701445744,-6.738080866345163,-12.215430464599839,-1.6611985659020798,-17.625729670995653,-6.518883709667435,2.1536212421774543,-13.721387095150842,-9.481204242935906,-12.051053580273992,-12.043334003567997,6.468737636297618,6.509578048784812,-11.195371334228076,-0.8651546524687634
1.1462921546898508,14.97562334784756,8.845899008610086,13.344116869232504,3.2662549581088918,10.914204100955311,-0.9119267087138219,11.305924112891091,10.341751551127036,12.021849224492525,10.552468408961454,4.40082527564873,18.114470852743608,0.381656447013074,4.558632136544719,18.36880120932787,13.733901676219721,13.405302947917155,9.374439712625252,6.541172952910646,7.028586969907282,-1.547657509744326,8.957192039070074,14.750117208557128,9.48870222197985,13.666073599835212,9.082299003836969,14.732841758218331,5.907405038299686,8.083867734788603,13.082861134689802,7.101512412825178
14.489613435632107,5.269285710189052,2.240359788707191,7.1637417451709045,-0.6711254669032904,1.3063690088420272,11.101596614126004,-4.72385502565986,10.949861400993907,9.382226183073664,10.63354983910196,3.6109926425595082,8.655514713215977,6.18794910030592,10.644991091680522,9.616117478831267,12.695709294017494,7.096520094864141,2.6540879705092766,8.923242605716124,3.797158962165569,6.79079283394496,11.96277464030167,-7.661493482036214,9.256940909016212,11.527771752920916,10.672734563860335,4.418237102563487,-1.2080356384593087,11.714843590092496,1.6066654530083506,3.503424218661071
-13.418866440533261,-8.324633737256605,-19.02213558168999,-19.025136137721347,-8.677359656047436,-14.697883181948402,-11.147159926337471,-7.13584191197864,-15.941113934773682,-7.0847759433316,-12.286533699158632,-7.82039869641704,-14.963276367614833,-10.318780120392068,4.428147727730857,-8.085618724805041,1.01583409246431,-4.891216924741615,-6.639192347191252,-8.526914547824525,-13.335195801803932,-5.445994198228396,-13.205116105709532,-19.550720448934584,-13.621702278977452,-0.6454078784181123,-0.6937989567078753,-20.618107786156234,-14.01028836477052,-17.819319677501014,-16.405469126598312,-20.67091952813012
-26.84496727779445,-23.33115625301925,-28.352717356714162,-32.73444357422008,-22.776003935483423,-22.532585244947526,-21.382819595049217,-24.507806883619427,-18.42797008386778,-20.22207913319275,-15.526007565572584,-24.691002765181082,-18.559437252723992,-33.53895133332722,-11.452809652556951,-18.334925899115166,-27.783900055841094,-24.95807104030415,-24.25455874278018,-14.929075126159265,-20.857453727149334,-22.545414666859994,-17.480114487487683,-19.38133994602953,-21.22361684961494,-18.35401131183407,-28.039676124543604,-19.605615115760585,-26.749114494279944,-25.88435457503582,-29.294744660994727,-24.067273336678895
-17.136822319204118,-17.368794853225413,-13.47510031439354,-5.80864312083299,-10.40950141581449,-9.589816682117158,-19.67402733647674,-6.619956436663364,-21.306549833211115,-8.246449514177298,-6.754272897272642,-14.098358136646599,-15.799979799420097,-10.928299916944239,-13.829547398188101,-12.28724229884478,-8.668871297656883,-17.594856025050767,-16.804025497056116,-21.445261528955193,-0.8378007817781061,-18.734203260941527,-19.18746148298788,-1.2349586334412288,-17.292812067608352,-12.430260193269344,-15.02432604481047,-14.402074404234469,-12.48402458588544,-16.520795221984386,-18.69270533819567,-19.1366763950094
-8.147456394622168,14.048550955602188,10.444468058773122,20.456045511735667,20.42730970917288,7.015348512030181,7.934571842012273,11.590887528043055,3.4806097562590517,12.595434951786023,16.727234481872063,19.320472584718885,16.7292181390378,10.9617140426275,-0.4926851481086236,14.07422123009391,13.860717720425534,4.620760672359213,7.984039447007721,1.210578127555001,16.790338137021525,1.4002626073646625,5.561523644876873,20.223733515477843,16.734285191263957,13.486095415125458,6.368291847398392,13.056108746944464,18.71995670901928,22.507203633155456,2.551887904639142,8.094494350092143
26.020831209501555,34.31016073510308,23.124621465766353,37.92496415440817,20.23364779066618,27.093087895306343,32.55100196724535,29.812325406933695,25.42318525247735,28.53605882046808,18.224452586872715,26.924551311694938,35.48294178031097,24.691621375677656,20.74437988325948,32.62344325237485,35.89752314337257,22.890776486477773,31.446570312368603,24.29414878815377,32.145547351842424,23.944320307565206,23.04169542848493,31.875036942867926,31.160881720588854,34.03961586873091,25.56817599694287,28.749941964768002,29.038617274565542,30.469775805563966,31.46902452104459,19.946815173870267
32.71771231978468,32.4179819290815,17.711457357609557,11.568512623470024,9.845272418042006,22.96112977464206,23.9551250795598,11.742076040745125,17.62268203354335,25.82753409530523,19.418128692192806,20.078037835323137,29.047018156371628,21.77924991721958,36.02939608676207,27.910914154413806,23.008638328153268,17.486702444218206,33.07811239527241,21.677870211275916,24.254290161900094,22.24220914626084,24.70544205132314,18.290040230619308,13.614132526478704,34.4446370257613,30.080495769631238,23.53662201661009,27.46759416633312,20.19819828145475,28.723435974199656,21.725688604020352
12.83627368959074,1.5582699227859014,-2.6773745490835057,-7.5526408057636845,5.282738705154915,2.5550421306853845,10.20837448122251,0.6891621502154964,1.1641454752235865,1.530769692717264,-4.8552019749488196,0.881718127025021,8.195155919296266,7.125820800616395,17.426629860213122,0.5188966532845298,3.6803358514950406,3.8856404291024016,-4.944732360409873,12.111208648981899,-3.3264321940168413,4.979779169209207,3.6850310627128513,2.019684374658149,-1.1051842401998646,1.2941201815716628,3.6730812309079375,10.515526385934065,-10.121227948441284,-8.246725016222781,-1.6849992039463193,6.533976597212413
-8.901682957037302,-23.530036154215754,-6.097782173552282,-13.390228154274373,-9.165212919956742,-3.4272154894848077,-6.206223469387144,-14.114835776327622,-6.675875049151904,-15.800617486697435,-13.345247146420627,-17.097311314497023,-14.425777607770945,-6.152153318616953,-6.8481693642750505,-2.94154324444374,-12.481827161146157,-8.97341955300308,-9.313561969318364,5.196444022734176,-12.498754723551716,-3.6010648257618274,-16.327726012578594,-11.701400989561845,-12.54127705911025,-15.75793972091879,-11.40146440815813,-5.686096365490282,-3.8045123603772915,-6.040007442116933,-19.215187903027488,-5.572044938596757
-0.6808003154398821,-5.258689164437294,-7.800781609461292,3.8924774582691506,-2.214343344337045,-4.231795112157691,-16.24225483647003,0.18222846009140087,6.809497585241849,-3.449674547378754,-3.807081173683775,-8.328531357353961,2.8462261894710297,5.367355850497169,-5.66023860102646,-7.1881924142436855,-9.807187384665497,-7.11560199149481,-0.4238563265356897,6.526594192016831,-1.2619248614897238,-10.302185789347703,-9.027180581642233,-2.374124896510156,-7.493149682062291,2.282627128236722,-6.995269910485436,1.4274483143013983,5.639798665586782,8.895420422517002,-0.8891746873185556,2.613909230612643
4.017802934975785,12.959304672851193,22.605066899496933,33.46472002143405,21.74791850207561,7.861380721815324,1.1836536097190158,11.471687206314682,26.743169149454786,5.389603064176051,12.178228182387059,17.903862359595365,10.549843416866567,16.675159548702258,2.1542670069551635,20.21356111159019,3.6286631118321586,13.234848394867381,28.798194561022704,12.817283612828074,15.100199174825216,15.442923294707677,10.426576151830348,20.828049649616133,22.667550272642202,12.52764636881352,19.12162606053512,2.3317134199077127,27.773532450504934,32.58004299373139,25.298639521402613,22.024948825172096
25.36746981538113,22.450293728443782,29.039751415728336,23.039268788966112,26.670949509536655,28.352903867062437,19.24791122845224,14.423705840550138,29.723375913697872,23.680764316413907,23.24013242533129,27.083743030838033,18.15638172297368,20.875936216356717,27.02507437153902,18.90270525980432,22.638384517674986,18.070582023825793,17.983864519821406,23.964214462169974,17.775916240127422,17.899832004172627,24.246133258270717,20.25461440597473,25.7107890894874,19.214785328908263,10.295777475237461,18.75585218792078,18.738288671316397,26.001881600536514,21.51004014222715,29.884566206923743
26.090820698913173,9.17600885260602,3.9830434619929598,0.4170161422192351,7.9600838263310525,-3.6318918537293694,13.150812324410929,8.203659561606672,8.411605571755507,14.381564506539146,5.183669489834269,11.534315544748504,8.919513110415341,2.0968788684413986,15.311144667368437,14.881152728470864,9.516254404196758,8.399263284326414,0.7690904285768131,16.901024534618895,-4.115148855345742,12.021713478020958,11.594652041882926,-5.956008278818403,5.088823244623301,5.780586704506356,8.212453745699728,-2.3425674945984554,9.24550639792593,-5.125261006283102,8.19086609092943,11.168645457320144
-11.75494935876947,-17.297445102738696,-15.453160135809114,-17.971452030224725,-23.292181262555083,-13.648517738107062,0.6289107989925885,-16.969422570280056,-16.915288354935814,-16.453921184570547,-18.824894357575882,-22.380758376630148,-21.240103401820008,-11.14587261052917,-3.2964066839879473,-15.235617942696653,-17.31994537907231,-15.850821975337798,-14.29630275543808,-12.818179646428824,-22.023555277101778,-8.759860221479668,-8.691667510095137,-27.101619196530986,-13.869770740143931,-9.740463411559057,-16.558404850761825,-15.378614990526483,-16.36165525036853,-17.32236872567966,-24.643442921611438,-7.290732000319591
-19.278207832934292,-33.68416447496506,-17.915932563120798,-29.703358790740374,-25.71661052079337,-30.705110057744207,-25.743029191887224,-28.607771364001795,-23.717173032427223,-26.16923565726658,-22.63465189108202,-29.83012569399921,-26.22160599362649,-20.451291115509132,-30.249697537775265,-19.863441281291927,-27.27114998179255,-23.080772658690098,-24.074766940446192,-25.331886501171443,-29.575933940739773,-15.713399090964357,-18.07129070157047,-20.6403400409419,-31.617179194439935,-27.876787155557803,-27.34987056673349,-30.432993903150027,-26.62013011605532,-26.03565751522971,-22.49467484338772,-29.72871638677763
-21.34534237546742,-16.14714960777576,-7.806710045262893,0.4320933692640669,-1.0466825896469052,-13.237177753928457,-22.050902979148304,-7.751510922527423,-7.629720154730595,-13.0370166388269,-15.309896816394959,-17.497617533111992,-16.679158938696755,-18.28995308874535,-17.429272063569254,-19.42001754402842,-25.87213988062775,-8.206346636340374,-11.362837340727365,-23.41009630440958,-4.237889618954324,-21.22038389552486,-11.14518156939855,4.040294967046542,-0.8935454503475954,-18.70605123662272,-12.871068588989054,-8.725482303997635,-3.574623419704161,-8.000535672013129,-13.022326762491955,-8.755862413534427
4.770790948428614,4.922868039021558,12.207215701409906,9.949729905620707,3.831887489447353,10.91244992965924,-1.3359305471920662,2.4911186968042918,9.864568669307522,10.54579166749534,7.029872018403112,11.517310623790284,5.625038535604134,10.632174580649794,4.691124962039039,-6.126027264051777,0.9202557464099643,8.928802125267536,8.973125864709827,1.316142585528956,8.942903116318833,2.7696606353231297,7.231006297300964,14.834370524702106,9.488526763498863,-8.6693238026929,8.154246465631909,7.722496347155264,13.05288142030874,20.680355815151145,6.703063425723806,13.594539533753009
15.997145275416926,20.488929575671627,19.61836005019356,15.066854601027885,17.665931330067824,21.696627375362468,8.73823071592677,13.626051480719784,17.058450108460452,19.755860156532403,7.27358362041433,14.676475389621022,14.221497179431717,26.54593073035084,16.810936151545704,21.73858602124244,20.028998717380205,15.785645708138361,18.0471385972983,11.016657829417085,12.697494888639163,9.836093420051297,18.068574955167573,16.141976935967413,17.627660381152705,9.19350293976623,26.859402543484396,19.273552393356457,18.58830900678796,8.305159607087385,16.055321530472877,15.671197253564404
7.53492577655436,2.195667442973763,-7.909542115682257,-5.154797924880539,-0.205512285039033,4.300040334766969,16.590016403217383,2.1651907397057846,2.3724235850649222,6.792343839490311,-2.769845150790567,-5.558668008151773,7.749974283273184,4.734877274136117,13.688123075181114,1.2371782263446711,8.441453358473513,-0.44801264219556935,-1.3720509580874483,8.944676392903311,-0.02883404301801465,9.854447653663556,1.4796058247271744,2.030252328066879,8.483908520357717,8.922335170818403,-0.659342087598046,5.935492370006152,-7.910400524078989,-6.122066855475856,7.257933457062112,2.6647787359427006
-7.850887119021516,-25.66623872448661,-20.299766753067154,-30.76062419379445,-19.50927719757461,-18.06476691008925,-9.50595468691784,-19.643265111392793,-24.91703360224377,-19.544615289572295,-20.261067481027634,-19.801726952802607,-24.954517642671004,-20.88157356047082,-10.346959456348376,-11.811368127091487,-7.696518187471431,-17.73729097075938,-22.24491734042973,-12.279749234996467,-26.925731269737867,-17.70599924688228,-14.664194928656292,-22.549989869992515,-16.473797604720122,-20.768963683060264,-21.300284299036452,-16.300233670875084,-26.284873036631286,-28.397785772213325,-19.49095730279578,-17.04116269580397
-22.66262228186362,-25.437119227102244,-13.473243276549123,-17.813722116215253,-21.053577192403694,-18.541248493805217,-33.51663955384377,-31.21893346765923,-28.589041004559196,-22.601576062056424,-31.176166388182608,-7.203249131411378,-30.367250457647003,-21.108944119119965,-22.836395564072497,-21.250541036716378,-21.207678564467887,-32.542661573578485,-18.176600239286326,-24.89666595226147,-22.283016432783835,-25.847741292323647,-23.610745073585587,-21.00259757083234,-28.352978370783404,-24.137193707633205,-27.64157476470248,-28.204009844291175,-32.075573309529545,-18.742121123135533,-20.173054023859237,-33.09001010289848
-8.30546659068087,-8.95225298023212,-2.3071659388063357,13.324752187663416,6.0540538143895235,-2.256500436476336,-11.689036833136623,-13.928305225925294,-3.2209007361724575,-16.506561179667816,-1.6217108913153566,-5.51165105691056,-3.160702608723435,-6.824784915523746,-16.41124902406711,-4.458772639087186,-8.06982186817766,-9.401880158375116,-1.0014119154108674,-11.385563461233104,-3.471218479644121,-13.098179053209568,-10.386922842162614,5.161325467893402,1.822390486987733,0.19623881523180509,-13.32435212947439,-3.385412060579379,-1.4881351034302783,1.8289809980608915,-4.0228460479348005,-5.182447005960369
21.92797984910301,19.582256626955484,16.47494051843259,29.491843348947906,19.147360313514024,12.004157787490893,7.524713889913056,14.596412893970369,16.077497519655584,12.23571682670837,11.070585669337925,16.31403414221689,17.787434501129315,19.36491148780235,7.535965745426717,21.47537940579517,10.154276847717837,15.843899568966817,23.250223687343407,6.843054105196718,9.000272935084348,10.102793270243067,12.946221537184893,22.614679234265658,16.909632758660813,20.6571233075515,13.069865087398455,18.104684518153363,11.852379978186956,18.507772471051076,21.785382585562186,10.190299834980246
21.18362568261541,25.910153385281465,7.662151609058576,11.173235543077299,14.937823950033225,16.99986468577428,17.67143664785933,18.796766929705846,16.351719127700687,20.896825567311037,11.246187834331844,17.39512786925449,17.927865483596886,20.1546139703264,24.344191183829746,22.127071588118245,22.462229573289463,19.30704714242515,14.562784060117188,22.787981051097006,16.86766319973242,13.516487916071277,14.70788343365082,13.271107184383549,14.035517045560246,25.26496957292118,10.905633105287826,18.618560074994157,19.689986102139876,10.926184267643752,15.574930858591658,10.185433358867941
4.133272305699114,6.794741985450835,-9.027931525079296,-11.316743266742858,-6.4859752683303,-4.910317723854695,11.241297306933664,-1.5425921655959196,-12.312218847116354,1.6277275967732414,-4.261838849906583,-2.2387640768918855,5.133125885817197,-5.566676962171072,16.449331946029716,4.704378488397863,-0.5997514895146705,-1.0546125768240213,-7.706029888898419,8.717573064935474,-9.798013360970973,10.876817382982257,6.07117196564676,-12.499655797008467,-2.501068460117233,12.000580188511606,0.04977507131267753,-8.096639720466845,-6.658496552897088,-8.700411808599902,-3.5135086589382816,-3.8127697502235565
-13.203068597791841,-27.615783848497244,-23.994305810800398,-28.440101719655797,-26.721797681605118,-16.932708707268535,-4.568558344028651,-26.78871604536548,-16.521312112062756,-14.580565578315456,-22.581557437138926,-31.14596440314117,-25.735931786381084,-15.563528934429867,-11.405379822160524,-4.90205689474496,-16.46492581592134,-26.60891711717902,-22.163518516482444,-10.949310970326666,-13.667307678912959,-15.415129053270075,-14.249714796883385,-22.808741015750094,-25.35069072370559,-9.587359877604268,-16.768135983906536,-20.82177063805335,-26.240300337934535,-12.606994702235783,-29.500475012032982,-21.26822393633719
-26.32850569685283,-27.88506526452811,-20.14728346055336,-14.948847628359031,-17.41465363077208,-20.411418049938074,-20.055360505743725,-15.738378640359372,-16.806924390073025,-19.777808394470526,-14.895262866775386,-13.015054471656137,-13.647997738183392,-7.025643023691311,-22.529325980551842,-20.18678146938735,-17.408278777605943,-24.855180094324826,-13.792640267511418,-15.980136951139215,-11.458769653477397,-19.849538974582206,-18.97228626388732,-11.029605280096288,-19.33037307582048,-19.263473099523708,-15.641711215639061,-14.393217141872762,-13.128866829848473,-9.850953600883516,-21.8377067230327,-23.016758487732975
-7.42220233390599,1.171706917472322,7.384563554446443,21.018999376401247,7.840247715234874,-3.6395220770142105,-4.813215744018164,8.427186956654506,0.5970431972215428,7.141981074736981,-5.040514787707436,11.183006301025236,4.8897247975922316,14.585851048854181,-14.55506334845299,3.5979334722153316,3.2469981037807685,2.6815890306109784,11.317771288947224,1.1044425922872114,19.45633022425562,4.849940948985355,-6.550278864955567,11.40700965619608,7.267107219170624,1.909828322409334,-9.859099921570532,5.657588190792743,12.442450050376245,9.715600712031856,-5.6641239982274625,-1.9993714836851562
17.579407445918605,32.21898699106299,24.435525297155586,24.45761367813832,26.973067530854298,29.291179371824523,24.347630610900517,25.075195674126903,19.15607713681094,32.206144817066566,25.565106290473004,21.933382745003893,14.912818807556695,30.252868686751338,15.127902699063299,27.181731273010016,13.040767127103644,20.42914926986151,18.649209845768322,16.024549726491014,21.44710150317307,17.721041952806864,23.931850740315397,24.003699280753843,20.74974053125169,21.360989529306366,18.57958784675648,27.17392133853766,25.69241332307453,21.674746683892227,12.726044254241557,28.656487582704685
22.200720921292273,28.800286219174836,17.286801491240972,20.670977865272977,20.85906214427895,27.211060651203944,29.60511309445489,22.013306957389783,20.892125480754174,23.04474086214427,18.570796814341268,19.35611886546056,28.989592730132053,21.22560159872173,32.41333043925171,22.964788508270075,28.86767566924022,31.283446141277167,25.12619011034336,20.056755343964845,20.071783310699455,23.485106514272573,27.76796213081369,14.37696206707191,23.28473833693629,24.694939670188813,21.15061345704356,23.68313765732064,20.266173883105242,11.306148844731984,19.742466318144206,18.190415751682544
11.785208592263054,4.068966285418424,6.600934590085091,-2.456299301591719,0.9013630792983938,7.907787845744059,12.391196659231316,-0.22412272147132664,3.5742185909285173,5.240921805558926,9.91085873170699,5.602125251365831,4.563843184503606,4.977125771010245,9.666567153333652,12.592629953841683,9.488182181355366,-2.073693082679488,6.46407972092119,13.441220415147894,-2.697183243074685,16.151418923171704,8.42742951734164,-3.801580348820562,5.292954109137626,8.579412579636166,6.958897807569167,7.435059342180145,-8.909114403194659,2.3204335197220116,-0.06493586815459029,5.738055094416811
-5.633148725591619,-22.395263503568472,-10.63055502697663,-12.262484063463186,-8.099539830568094,-6.150453634076375,-9.306431385841043,-12.168490165451656,-13.34706462882987,-8.21207582393814,-14.611249218234523,-4.401293642461848,-16.616564674197075,-5.417512570058617,0.788989706369879,-12.260109884848234,-15.302777210824491,-9.154190192820932,-4.7342863163120485,-5.620515513550702,-11.805372675765332,-10.943682816648364,-6.662447692058093,-15.314036915926547,-10.291422007967114,-13.353589716801082,-9.53314198404225,-7.485156809889263,-14.377096902045064,-6.312104367977194,-2.320119132715512,-6.988908376564058
-11.56018181216465,-16.736489661484693,5.308006834320103,-0.1306552963659877,-3.6120163707446102,-5.911805676747935,-11.289267909113343,-9.373185020307607,-1.9349872514252793,-16.188259768836524,0.729024061066543,6.26194647273182,-8.661299678122052,-7.116073244934749,-10.3484679112909,-9.018425628959713,-12.83661536135569,-2.53875459348798,-0.745071081768893,-9.759600787110076,5.11801739654268,-5.738646898036882,-6.943836624748877,3.5569826821759407,-10.254491365986752,-8.428164047655065,-5.922024601807051,-5.301576232891254,1.5753381044110149,6.091726938235914,-9.061075293089809,4.686889135364842
-2.687305818856939,13.155924922769104,13.263696834109693,20.280374950971478,13.998032121565265,17.243036311355667,-0.3295003373653931,17.200423254757226,19.457123550775535,1.1028846261838343,12.467085411630478,14.157342284090358,16.87679113833703,20.127326172625352,5.757161488852439,5.669981265259686,4.569717324697164,7.794521215415715,14.883618615702073,5.9027967966336705,20.126996327643983,17.940849146172283,11.334930617560586,21.955094578585815,17.300520071595372,9.184406364313363,9.645840689258733,10.504728289927085,22.569694214747233,17.583364340519985,13.07618079406278,14.632429145476147
26.61849108038032,28.712312242157182,26.247066102017442,32.017418714545464,21.538073175652638,25.148753731485648,23.082352616821783,18.248412355568245,26.90081920949277,27.436872625878177,24.820956119900874,22.210421026585863,25.819449963035584,18.243086028069587,14.715451894457559,19.467605344087914,26.133269344599654,37.79405662860437,27.028490154066816,21.958717862778272,19.001249221182043,21.53880353505554,30.550152131305893,24.870948210817243,18.599213025902202,20.21669927470815,16.3516825987999,23.682408765940146,16.321797812659664,22.269084841163643,22.705796549643562,25.482785080685282
24.86799321041331,15.78627658455798,15.248361796134818,7.763982951609917,12.96353733362209,19.368706824221924,17.153807489582764,13.185002598657812,8.737087422100057,15.49238117562533,10.519644900271661,19.79956773844413,6.339866397875731,8.987979471084815,12.138338870812406,4.595223242020846,12.614350552621767,21.957694752072634,3.759785826849357,15.972528396520126,9.74739387009198,22.268686911729493,22.66485226346395,3.4768183201762373,1.306518754483244,7.9729992927434665,17.35233205639239,13.50177556425812,8.958616629711049,10.11808700084087,16.184513312067082,16.164871044396186
-6.540094401239021,-15.582435745498437,-6.480224328117778,-17.9916311394804,-15.184624999013286,-16.35743119336025,-2.4140794706961706,-20.472937600807775,-10.637214670081168,-17.909627387326807,-22.071048256827403,-21.419840062727257,-19.185887007120627,-29.9278356215901,-7.589476144265787,-11.468726772049218,-10.947258232007453,-7.78516827472648,-19.758587462011786,-9.582982062271162,-16.9133693160952,-13.051948065956532,-12.385371968398683,-22.098131138424943,-19.023464039022514,-12.319817373753626,-9.940795699962203,-9.549309904654503,-10.60823820841369,-25.69335379722407,-9.345029809637378,-13.142527099012678
-27.07644969189279,-29.88487214635114,-26.006810009548744,-29.338183097920332,-27.189222604116818,-34.20354376984515,-26.080967903861143,-32.86882377752339,-22.1979336741403,-28.988720912620497,-27.752156120853495,-28.49104961304159,-26.574671639990026,-29.991200368888265,-27.632148597752177,-39.49937200274822,-35.976400557191354,-20.546765216042708,-30.55756618071932,-20.896716416321738,-31.06670163770498,-25.53694349659323,-35.90272620311009,-32.53058176422592,-32.165490111719805,-34.1254055271038,-31.666636676739387,-27.82548852944509,-28.827842720333624,-33.40411142608033,-27.52474325112801,-38.91601175085767
-24.612802124102107,-36.91268672238439,-15.005034963892767,-25.344091645881385,-20.65046985820365,-17.201954794832545,-31.767409151747053,-17.24983384024993,-16.575873843293582,-25.378308540724422,-17.696209143908707,-21.99973947102108,-20.713746229901272,-15.310092158318525,-32.78717638523229,-25.50206747173597,-28.764077767241336,-29.001355568333402,-19.134852101399296,-23.582496645326952,-19.714094830916178,-24.967535861743812,-18.400582513165283,-14.229000226975565,-20.112323361280936,-35.58768554247115,-26.36917616065574,-24.591649975528394,-18.740397903378934,-15.067661237727393,-22.146527247036516,-17.902773409347965
-4.709559095405544,2.917143470957298,5.8075406417986795,9.293538545176816,2.9031351849043348,0.9592456905783652,-16.799899678454704,-0.06867112107657394,1.569836790507229,-7.45290608638739,1.9324669254901095,2.559395282121886,-2.7603312175725656,5.534840118067734,-5.834957534023059,-7.773552200709478,3.3137432284743187,1.5692074903509021,-0.9315860528521942,-4.82291528309595,5.049886863099708,-9.349008890818114,-6.417283801745433,5.892832221778513,-1.0768557772963956,-7.805311283747007,-6.932010116296623,-2.838868374919662,-0.3112616335265253,-2.099434233801346,-6.83430084339842,0.6715367794431469
15.163176701868439,11.748669858008181,9.397070359336748,16.980623346471308,10.168416329986814,3.1528097406317075,8.438275493152192,16.23239888238265,15.598339173587734,12.760147759636626,8.84486887833103,8.948065970497758,11.53354285415252,13.322678888692199,9.202201910370112,17.44301321602147,9.102373015112072,3.9370019834949304,10.395287520881192,4.7336565904621635,11.406627416718507,4.4828197444848605,17.167838627569235,14.815908655675116,6.40202930317833,7.9229935854603175,17.972058503535603,15.922448514476761,2.129530304893566,11.179281390319156,-2.6389648997365285,11.432383864512317
3.7824046357366505,5.357051834944427,-4.169915556929391,-8.808477776689754,3.0316148686510203,-3.4779457929121556,16.451220339107902,-7.081335533076434,-9.474793920664142,7.818350261284806,-2.396215526850354,-6.289864667426481,6.480172511051646,7.972919548720018,9.569251226341652,-1.0276023130964567,0.7458582490849119,11.612598368543015,3.4848429871728963,8.408850894006106,-1.782157288700874,13.844695207039733,1.38869734423009,-9.40645993216055,-9.873406824342092,3.1610672788051044,4.838570058357925,6.565990282079968,-6.603890933705585,-3.906662069271914,4.508923736522498,0.9823945537996361
-5.746580730790898,-16.562801232405658,-18.288126285159684,-27.997747585098004,-20.69266118770227,-12.642977213629843,-10.09168717865143,-16.52195087045208,-21.93094623435179,-15.557098607278355,-22.59353355449742,-23.28876315831666,-12.779680219401003,-19.03493354796156,-4.981725960787189,-8.41983312435057,-10.559389848390818,-16.668374114545962,-8.992845739555593,-14.550193660697893,-22.595533010516135,-8.589543945007092,-13.163262339557827,-17.355150567189796,-16.82220656760358,-13.981057591841997,-11.102273603036487,-14.18196351237562,-26.011514061548407,-19.39520011478981,-15.457799554407458,-25.576291286472486
-30.219417345049102,-21.77959077871333,-21.461686301800167,-24.589464192525305,-21.122023188670887,-27.286774130381904,-18.631141644541344,-14.252186715425102,-23.406016435584217,-26.41651682024108,-25.298574074505158,-15.704853121831677,-13.971775151407712,-22.360320044698735,-20.8874755745847,-19.742294362155693,-20.707642380132214,-26.84094858273944,-25.4596771757675,-28.229341598652827,-20.680379288922296,-24.52009738599397,-19.332286835837493,-23.274533166837166,-25.606516995715825,-23.552105994715394,-20.111547245911357,-18.05874328204111,-16.138072735568834,-14.12211053059135,-31.66162562562026,-21.16376293009351
-13.602762313226561,-7.185941273439899,-6.286896576038582,0.5405574926867387,1.7578898114525274,-9.969708186006464,-17.666876921918785,-6.863463318151786,-5.249205752593119,-7.7562020432356,1.681724160898172,-4.532891125315545,-5.085775528850538,0.02554014369768487,-12.457711940492203,-2.0998532080817576,-2.9703462533178664,-13.476899804555426,-4.261996694086234,-6.279817448427685,-6.409398338273772,-15.455501832935566,-12.53795729278712,9.121471473881146,4.673726555630792,-7.772664055156751,-12.771521089936012,-8.742912960385366,0.1403478933475802,-5.6481017939231455,-5.312449932302746,-8.804175189642276
18.100010754790688,22.921468077220943,21.484678003023802,28.69716947593169,16.41760903664137,15.90190277423703,7.1954184993687775,21.218942802332364,26.46512528130551,25.27111751013449,16.92034909163568,17.509759924074427,10.712545779235798,16.038170827496682,19.631002490379167,25.621470607114787,10.556974576881586,15.399331909031073,15.488997201106223,13.357723198398634,15.282188871066841,7.523866820843453,17.802602274997994,29.157541492016197,17.552401993899263,20.162548525435845,12.235786297931266,20.315277731506303,20.37115822675911,13.754386110856515,9.980418711829216,18.11997718613865
23.747184113358685,33.911120375848114,15.64605954508265,28.796217452242836,24.478173483846724,20.98621809492019,28.620251625907343,18.55464103424199,24.644815066845567,24.139608322464696,26.22704614995222,24.354148779979326,25.658599008166565,21.79326138359642,32.38206802827445,29.281470886614148,32.05412078189618,29.29940222782553,26.083140764394656,28.871092754236717,24.713171885982266,20.256019942094014,24.206028809325105,22.76400731043268,28.835369616335647,27.603573142145112,23.241871507520013,26.560223982065853,30.78989836259678,23.370457745442213,25.831630930478543,28.082671299591258
19.978072118808797,14.904539824869595,7.217735621021252,1.357201044136715,7.365445828008145,8.840204997570938,24.45767177693574,10.306682050218566,13.961600584812542,17.889747941975607,13.2399604654466,10.784502976277267,13.83309271716991,10.701920942450094,25.31795459506782,15.844411104278796,10.64397627542856,9.344924897117172,14.205062485260727,24.61323011120992,7.806896749911499,17.287930183184773,14.170715521559657,1.8531441131656416,9.3199730349048,27.26248108606513,23.373743074365496,17.344165305416418,10.25670284831796,13.305708755159873,10.166393229408316,5.844481707726363
-3.6460896518394095,-6.767818026100881,-17.093556296346957,-13.305541850901502,-11.414564797330687,-10.660934954001187,-0.4148803009847771,-13.7414876433428,-6.29440561169631,-6.885282944546747,-9.002294248739672,-12.675554640220042,-5.89529726998515,-4.437871361520966,-7.569468079621775,-11.700678265582983,-1.6651863617583738,-12.049512215662544,-6.578722078706654,-3.745361098029128,-11.309873171871054,-3.850394008431655,-9.4691749061528,-15.51332159379886,-11.017919415061343,-14.276286553978268,-4.186413659560481,-9.630252441010866,-19.30163562161869,-9.68133061138521,-13.97430926677431,-9.382263142653263
-18.69332678869804,-28.749835731579566,-18.51679069484782,-14.78166981492733,-20.13478025021298,-14.478306862317806,-15.205824869650892,-8.326554927909108,-2.9642215718473364,-20.578766609352733,-18.147577210002403,-12.069278176377775,-12.475461171422916,-13.375838286750264,-19.728435518651963,-11.434736659220814,-13.344630945468968,-8.864531482317403,-14.763482585833138,-22.33522618436392,-20.971681274517067,-19.286318491155015,-17.5962662522584,-11.394164302469903,-15.493612985713913,-17.12001995628089,-9.265956752859896,-7.275423807972173,-11.87144686552645,-13.115767740159454,-16.87071696474585,-12.875695189219735
-11.4996515706723,-17.72725041298451,3.6229331933178006,15.99405054355716,14.737157249730428,4.315100459244987,-11.972905397452404,0.5853178068343241,4.201138274411765,-3.4369486917873884,15.98103737466688,-4.35239334070552,-8.30659190762474,-0.33845161749985725,-11.973677363573467,-4.798737691265526,-6.651314495910555,-1.27864168338679,-4.630712412168946,0.48062848855593365,8.044274865665033,-6.5299555266411975,-3.6335730688575327,12.959918946927026,0.6722684597378659,-2.9262092459802336,-8.67126687690745,5.089198902940365,12.866220531428977,5.430621400026342,1.5280405586014398,-3.2129381968077713
18.91934824883506,28.52763222248494,26.251759910778816,28.118780365680877,25.778824916824806,16.867860549114198,14.737255746280368,22.044957375365936,20.716059850483546,11.857570451761708,19.113750267611458,25.34801983264697,10.7388247812332,24.133835056453464,9.197516195314371,18.30315967529874,8.87587041771799,10.799612206292364,24.344260093808437,11.679543525429885,26.007976483849042,15.582234040153061,21.205456164192448,21.00924979619898,19.286749466472607,12.544949776980541,15.368795243188224,11.660950742708385,23.63805670636852,23.772430166178534,20.949033201798663,21.129879757856017
23.72708806794464,21.50225672192417,13.305080570525472,18.21877498356921,18.863683704943377,22.990512418214944,22.305161315526124,16.629658633745077,19.690930034636324,22.075859051383294,22.88349248442872,14.862826822931268,19.617339238842256,22.26053040465137,20.486202970075006,16.836334047762357,21.961873591205816,19.13332450112282,18.080937301433217,21.92576493725842,16.15744302265181,30.602960100906206,28.810500487272357,26.423523669576404,20.27105544560502,28.60024428147119,21.621959582853993,15.074701111007556,16.05893420052824,15.552545921145333,25.90486595262139,17.95213588652566
15.006544296903336,9.879350008928968,-2.039472312480278,-9.103638610701164,2.7415338616205807,-0.8187808480280446,13.582592487709801,4.980285257269691,5.97444555324116,4.433737224545794,-3.6175207235194256,-3.26060534532432,3.900077718766467,8.630454584143694,16.164672403765774,5.178112593223114,3.3051043649274034,6.262034798202462,0.4790387815956995,21.192385329080906,-2.441040034234657,12.81755200390131,9.898583318114353,-2.444228125885228,-2.956850388767715,-1.7919057667448002,9.873343980335838,-0.6347439258217796,2.1312874846035443,-5.052615246378453,13.108276721968545,3.870067101766565
-10.39192409143482,-17.916782588883724,-16.50232088198125,-18.797322303890553,-15.119191999864936,-20.84979746155114,-8.236070098511691,-19.371491343344008,-20.716057927080126,-10.485059051698256,-22.573615303366477,-21.16361434747582,-18.008315958998214,-18.218855668940197,-12.752415710407801,-16.789974147448298,-12.84538195830992,-17.478419091192773,-12.99674387844695,-10.382008863159552,-10.13680772379616,-5.44096478681293,-11.296654399855058,-18.62261317821781,-14.936735827235408,-13.98424391607161,-10.114729291575568,-18.209621266650085,-19.383470144469538,-17.412173784681812,-9.953696549869962,-11.522644018185536
-12.356726582794565,-30.40638643347113,-9.426805613133196,-13.408748229159746,-9.558330637378166,-14.888903524608128,-16.936370347103026,-14.844631655032225,-15.000648733488228,-20.572646200166655,-18.440418311592325,-14.348281233837872,-14.086300181802196,-8.767447576241997,-11.825882558715916,-20.34550570952541,-19.378594603995605,-18.55424086234684,-14.602880146947262,-22.42328722635862,-15.484283936577093,-19.295581927233954,-17.252437235199018,-5.0567207203021445,-16.486364380509507,-24.084007093186347,-19.557245448953147,-11.837523630789464,-12.951441489942436,-11.22581690730407,-19.965108949059168,-11.458436658266102
3.4984568808963843,-2.539063502141932,8.872397744754783,16.609480134865457,8.738075256775014,10.058355991677924,-12.336167694965708,6.361976505497627,1.4898034555845625,8.337445674459051,10.08803089084039,8.150507300497894,4.15360221519514,1.8540154597478926,0.5005439615015539,-2.5082799288852065,0.21108166410340967,1.4265683159059268,3.2759929810751705,-10.42037152182393,2.817310931351002,-6.905265322484705,-0.05489843781356697,17.053145503374896,10.765617794531561,-7.073128443615785,-3.602402985024297,3.3952527093319507,11.50366318060393,11.040801572093015,6.206382448591361,4.9265967950147775
22.073827036721614,19.970382694563853,20.576917278696808,21.457407128786457,21.188397089052856,14.363510486253748,13.587476675840243,17.936652221866453,12.632220748374023,24.255953636055942,18.6295310003522,28.346061884576304,20.237818861445188,15.705144554414245,8.415680722938367,13.54388712563056,10.286241698336426,13.530145925686462,16.799908262221432,16.092365174399863,17.31322821450526,20.685519491008566,26.407042303888442,21.92256864936618,29.167416443859683,10.34325232756413,17.11885711107374,20.045748893470066,14.111861919077205,25.89366217608176,10.993194983077263,19.81630603272809
17.126603616472483,9.884066356787361,21.458162917090707,11.310467234345907,23.688778807232655,13.067785169760729,13.778812599875362,18.089613194164723,16.10313224882664,16.279965692711194,18.574487828461397,14.16904982419807,17.085511577508655,15.092676745807783,20.277103873444844,19.210894183102926,25.527193708837796,23.350957079773917,11.082254818402212,27.353138330838394,10.243951714012777,12.515297611671459,12.172478269752729,11.79103400102763,9.706020798641665,26.070388198960597,16.694259678936255,13.474212046345327,15.77871946425099,10.104213187942024,17.637674955039508,21.453779743863464
6.483274571936319,-0.47448687621674507,-6.115230776051335,-20.1400179335136,-4.832119931453509,-5.693416655949215,5.612362901772249,-13.051368094000676,-8.980389312136465,-10.1090932830423,-6.07632861505667,-9.32521175994001,-1.1392036946153832,-6.225068735585013,9.331742974354958,0.7638369636498521,-10.166808158585555,2.8304572492855455,-16.400326794123423,1.6518630387454938,-13.859112787391028,10.208852014141977,0.9900820616533068,-16.736483932335954,-1.257943251181601,-4.002306961073572,5.163224050720355,-9.843760847867335,-14.259977062485211,-11.570445402099335,3.367319904128015,-5.834882380866571
-20.547935971805387,-27.574778823767005,-26.942524343582892,-30.824941435794084,-21.726657152863943,-24.7203692446333,-23.572525867736164,-29.925289190014333,-23.40589848159581,-26.131450630191818,-24.938903044101817,-25.83663926649367,-9.808929282477058,-23.416623751845624,-26.809596616783374,-19.09240281296745,-22.953000859389793,-23.24252126483695,-23.267463501581762,-17.084925501718548,-24.306280311420476,-16.990096486252423,-22.29195977405644,-29.145651636384358,-34.14899292689307,-20.460316467282983,-20.893458771392822,-22.462483513748033,-25.216641571826564,-27.530110250194735,-23.79557942504583,-33.267789816970755
-30.920429245490702,-22.648270309707144,-22.6658174033483,-15.238816326336355,-18.154405405781016,-21.148956087405352,-25.238758910297285,-21.589747231499246,-23.43913111612897,-32.047585392623844,-20.401837526151205,-13.851374305748315,-16.878808171998955,-28.325383954517253,-18.488833226864493,-30.3743332666706,-24.150390605782594,-27.478458692902194,-16.75348329589428,-34.35444560958855,-22.115152672202314,-19.41803710833038,-33.38229993073693,-16.783807491038353,-24.334489267442315,-22.97377403516915,-22.60454132721447,-22.43213076660285,-21.465167095772557,-18.456836435623387,-12.779118405277686,-26.58850679689911
-10.968352992757936,-12.929869255482872,5.051177456049511,4.049358817313593,4.087273191610899,-11.288025506864951,-9.23916355511803,-2.691415200224692,0.13675936242596026,-6.3759791211663925,-3.720776365982208,-6.480684634955018,-5.9032673288139765,-0.2721867984369561,-17.9064671558307,-6.365377261300601,-4.491442654440421,-10.125221167788412,0.707574561827105,-6.101071766882404,-7.495683163662301,-12.95221541089974,-9.455334888144238,1.432587679368354,-4.773154857889779,-6.592155944207775,-14.085064277098606,-3.949094226987645,1.4194686379887989,2.644324749504154,-3.8481902993107155,-4.130281417089767
5.919011488697179,21.767157263908253,11.314406641121387,5.816838633267829,10.830765985943048,8.429790201176433,-5.027450581041045,15.368415711039415,10.470948152810399,13.028120641400257,14.598584213450124,11.279078331927273,11.009441070788757,10.070044027000716,8.56798331701656,14.649255797076066,5.697955543480227,19.135822813364815,15.628029624706295,10.823516193166144,12.291550403302962,2.170848376074816,7.381194811484187,8.365008068321085,9.563017598437938,9.98308547903199,5.161865780638975,14.170525375854416,15.873312195147541,10.097189764062332,15.1750108430734,10.363628234919362
7.182655385305908,12.672587292262774,-6.931642279957349,-5.426509353422559,-4.698649699768002,-5.430364966198418,8.065663725041986,10.44188736901527,2.3377120841859758,4.953463403165188,5.25605316151154,3.9408157604086016,10.8633323011651,4.57348677143054,10.654341214641681,6.34424023122862,11.039199161666238,8.220952122085436,1.3355828000046526,8.838897706032167,-1.1427494182097198,2.435972962091566,6.435726781433343,-6.6715022414746725,12.845778383508085,11.961961870372454,5.075383558518506,6.43658473062625,5.311895031287259,-0.17733390698250062,2.3277141611112153,3.3952903568869406
-9.014658948749181,-7.490973711555495,-23.223009200702485,-28.42209153392659,-22.612567258119224,-10.538629449673326,3.836153825737623,-12.786307720395444,-12.643508809988251,-2.1326465925913025,-9.089748113769375,-12.932097812757839,-2.295540019009703,-12.540554834502222,5.496888811700298,-5.3386669926796575,0.8510436966300214,-17.379652805624122,-22.741851548419366,-5.94521227015312,-17.37465088556565,-5.844651342535488,-9.203646011907601,-16.209643488445074,-19.508173448537033,-6.2749149701882265,-4.613045862335446,-9.746712995273805,-24.10293658642636,-22.89027442680531,-20.051299404997412,-19.64600902692858
-25.610633405487494,-29.24854502473473,-30.06085674797643,-24.468440165780972,-21.638505438306424,-28.158494645597788,-24.98028140395308,-27.360502051468604,-27.330136411549724,-16.18124842357617,-18.0407164420602,-20.422102870053013,-21.60791858439421,-24.79741051777531,-25.103003154600188,-18.01058903744558,-20.86202658211372,-22.518335898481986,-19.62229112693457,-19.34505352055321,-23.5691517519502,-20.111888719212956,-19.16938635481475,-19.71452375760991,-25.18745264918774,-20.719218924654584,-28.98818156464393,-21.511012583709963,-25.09825346786351,-24.913065557380627,-28.15134476342494,-23.97306579670478
-12.935027984906569,-16.334043349219314,-9.301032392241456,-3.0618584517359957,-8.179970863361614,-6.297540984455402,-25.068891942771113,-13.018080476700904,-15.669661174275586,-1.9597550124370393,-8.820165185387486,-7.643419808001594,-3.797256201293657,-13.36141346713205,-13.216149076037683,-12.156881192876273,-8.91180559418251,-21.727936972269582,-4.224102779778375,-21.24147769438948,-3.2835996294308853,-27.643583599100367,-21.43510608786347,-5.121241599269546,-9.153156121860643,-11.748475929616369,-13.42089416391816,-10.512617083326319,-4.008333339319599,-9.29024571251434,-15.583792825261838,-20.80669600279141
1.861397068022312,15.612309496838284,15.791390044438973,26.247043038735004,17.81992821755398,10.441923527381665,-5.484710511591099,17.609293213483607,2.0257246557236943,16.700236392894446,22.691974619880877,22.33071253128326,14.802231837386906,16.260859188018262,4.849278383605446,17.493561660138226,3.96921717994121,6.127112964526725,11.770122888960513,4.551361553848191,27.305973613256086,4.37581248636451,12.09716314197166,26.186856876439712,19.092338991936398,13.434923951292285,11.86725937386504,10.616539949994717,19.855409810127398,20.75529038284724,10.08583866051969,10.698071406437736
23.015992545057184,39.938755261557276,26.154940619833514,32.99785485699377,31.127829712412957,26.47668668516363,29.819027226684447,26.788017410298796,29.62676328700088,27.2970981593862,27.63707211356684,30.753762607308612,34.93975868521065,25.849869734408703,30.87879838530221,29.80963360841903,29.829884759428193,24.056006494770806,30.92785878236707,19.53722131432635,33.71465100517281,17.48570997954105,25.592701916954013,24.40481122760068,29.961809867277815,24.983197105053684,32.61865478488168,23.35986136452608,31.8869040231808,31.677655999966948,18.577883324890102,21.722209832545943
22.08915946833399,29.30144012391982,21.622183469805492,13.858073546394992,20.400275504441574,23.59791627896517,28.707626752433015,20.24528172056943,22.047048639991196,27.67344875569118,24.568744600212725,26.030604023850515,24.00754636779763,19.69205200692886,22.890105731027557,26.37403845206043,21.553288338131477,28.588444662426763,28.712277024899596,26.30009011917705,20.699744566512766,30.37191140506769,24.215879436331768,8.153555479817419,23.456882042414705,26.13398647195777,19.674302294017327,20.44296181338106,16.18712945984624,18.601775799817556,19.33352933318448,9.357034155796175
11.844381712879393,-6.369023466842314,-9.7989666546698,-9.478966635204168,4.021513899354545,-6.171832313396469,11.23132326480877,-7.592102474249559,-0.8203513796027538,9.54622453803781,-3.6955348364663987,-0.43597192591605394,2.7603476978533417,0.17896063993621858,15.567012556467164,6.846739276382244,7.48747529940321,4.850041785765992,3.561144385684341,7.4008668048947435,-7.469050012461685,6.866039985266605,5.497784274155275,-4.434606474994399,-0.11188736922736961,5.018144879379895,7.125956632269793,-3.530225216635651,-11.245002298726924,-1.5916700884438626,-4.096569602231534,2.686293147239054
-2.609575311200445,-20.924440521098905,-17.62449498385863,-9.141376948063476,-10.535520261095915,-6.6764737850098275,-9.50182076489127,-10.320358551025528,-16.611433824603022,-11.386906849806069,-15.011676726733906,-5.397661203493202,-8.77553909595487,-19.403732306653193,1.1310747329069115,-4.716761560320975,-4.69756159506971,-9.523766943217389,-7.259061854486079,-7.1310339643986325,-12.799780018384926,-8.367883842281945,-12.104373740773255,-6.543190413780707,-16.79184353994443,-2.1967500416631207,-14.213057467398697,-8.702657404837478,-13.345236655913991,-6.7907780014045525,-17.848918540491702,-18.049444127434523
-5.873589110532782,-15.765998470525236,4.157505451643602,1.8041074222705533,-1.5887432196967701,0.1773554532397312,-12.141825722547106,5.196643699393619,-3.689682726171662,-4.542060227785152,2.9583213401904125,0.6082254546654081,-0.8040363134323567,2.8687867058052343,-15.267641104194649,1.2028440316081905,-6.947207326934928,7.187491333716391,2.82486185862336,-4.902419231747508,2.908344645825569,-14.846424440319058,-17.145714783118706,8.84908546852223,1.5647024217149368,-4.852673801409114,-10.271897572874217,-5.446101285600836,5.734541755198731,14.658270617220419,1.0287863145192186,-7.231699940648181
10.527132263987223,11.33247715147321,26.21327790398897,26.466734558143663,27.639243654774702,20.40536819795303,-5.599652230625455,13.207514873315727,26.19951919036731,8.761074443030461,10.62383972696857,21.62478573757697,9.523063592572353,13.22954164793694,8.548813633865091,20.61621008286404,11.754653667000401,20.685990893594234,21.65195813640966,10.838249402658743,26.463664664449613,14.250368664951772,16.97347336660091,27.23721721593387,18.826479266066567,19.695831507683682,10.928145474815453,15.590067729526572,26.868304112976556,16.022269575756816,19.27751770917487,20.447584696860286
15.130241941442385,22.424436561385637,24.401791836073116,25.429458677810178,15.4771054413139,18.566502874641344,24.157574912875475,16.630758614128975,29.255133864196036,16.668416097228896,17.750022895569998,15.747754605782358,28.794749989681932,16.48024280717357,19.280080322804743,21.81491216956853,23.438233027571453,27.714590428882946,19.603244915581385,27.905845281535136,8.257093108386414,28.178301287548653,23.253137543859328,19.205938585497584,22.742841951487375,22.780696613264087,16.205326785801912,25.914271552480468,28.051665407074523,18.40338381121353,36.149221963996176,18.124266270707746
14.270813029160951,8.819907134239585,6.97957015617212,4.036057161602227,-0.7002690123406137,4.580608554371092,12.572388236081565,3.3658406011604782,7.555598261807247,-2.9404060447431837,-1.3132824871026343,-4.2946996300907045,5.806933537112415,7.250408939175559,13.23814006227011,6.233018049995634,2.9289049302478727,4.183253036625718,10.053213601217736,12.775443311248036,-0.04475503564834671,18.468401871801017,13.407352038767868,-6.808102271051041,-1.2609406801786893,5.842712300300922,9.740047627583884,4.9881823872333815,1.758098984862995,-4.752033826987017,8.11775819433738,14.271115944447425
-6.924460554913763,-15.11557602977713,-24.694981119996886,-29.890180488494245,-19.760392462577563,-18.95532142391299,-6.802303895025491,-25.756082228012872,-11.954219986113731,-16.42679889288128,-18.58229677913807,-27.508637344759975,-16.993834641332985,-13.483216285879568,-16.90305763749174,-22.64813535497079,-10.038473771787828,-20.968337744207638,-21.18628129468777,-17.31791139413251,-25.18877202004898,-12.837281539084358,-14.674016469639703,-19.62278124303583,-22.511325064525455,-21.309457584248985,-14.83010641959736,-19.89196948873522,-15.639585738637876,-31.1321591603119,-15.663629484892972,-21.063450666278285
-24.912362715847724,-34.87500448067456,-25.654820056288653,-22.818349171124964,-30.110618682894124,-26.367601276825738,-23.920839560602033,-26.59909139715401,-22.64709630572305,-21.61830983828648,-26.918001906970193,-24.798075361695414,-26.67734273124952,-31.545789636671408,-20.322733301301525,-25.666944721708088,-30.18098733026571,-29.451376243273018,-33.87661853763418,-20.34258850047387,-21.730653123572058,-32.95403123972924,-28.335269773490175,-22.03844738986015,-20.850010509259043,-25.33108228175294,-28.077374098759392,-31.62920028209361,-18.377370462303624,-26.028186797712905,-29.623394918021276,-23.955927162543112
-17.202203729590263,-16.742062210592472,-7.177641443944201,0.4175415272248324,-7.145142385116395,-8.847142238723471,-21.257376209686306,-10.155302935489154,3.0779241261447887,-5.702029748449815,-5.71914774972096,-6.188004947370423,-8.74033878818913,-13.395834801160715,-28.727913926552738,-12.668056746870086,-15.39941255451409,-10.111667783699275,-13.638761471430245,-15.816517142868133,-9.86159449628956,-8.582796318303817,-8.759213275090731,-1.768679527940047,-1.8673554548467357,-7.4222408714910495,-12.689532108955625,-18.17185825433399,-2.830143982629118,-7.788963979136728,-8.300246692621428,-4.59041526906126
9.59534613360667,11.405295154768362,13.88757980148779,19.961481790623594,17.909018639697223,17.184645184954732,8.875440447668213,16.197493908779478,8.23483330015745,13.455091548798041,10.314012039131537,0.5583705265755018,5.407686357310219,14.074273924677444,1.5617933289088697,0.25136669240859166,-0.3704058332977117,4.438613823618319,18.264829413168005,-4.5755160566033775,11.470671119102056,-1.2966005736033384,8.203813315290098,18.624926470919934,7.180848704287177,-4.148566690983561,7.986650683448088,10.49106865814628,13.077195112836385,6.40263710479025,2.0820023655239837,22.85236171211261
20.46438341395716,24.92831118440749,20.959549015755247,12.845675595525835,13.468250191712487,15.521847962419177,17.520426241849858,16.32474964057981,8.951917448720044,20.534596644186532,10.394779432877025,13.098226964373247,12.604328005266675,10.039802113203697,15.917751568071706,10.050705380693337,13.33158123238649,15.966304693349777,12.510356915704529,16.40658641327141,12.758018272847346,17.242629252711,14.674217775322717,14.080632743818665,16.675659102746017,7.265224882183248,18.853341825297928,16.258564410707283,12.475706374169176,4.623457982645236,12.346679356656823,18.882104283902095
8.861763947166311,-1.0889006029625734,-5.239554810955439,-14.233785467256148,-0.9870368241813887,5.4843087750619945,8.313057140350994,-4.975015667434332,-2.581371366692886,-0.4354320225493348,-6.555937352488533,-8.953601321422227,-0.5020647015490967,-2.744837595269578,7.219989219312693,4.668459059810964,10.36382242256785,3.117843321251633,0.7743866908353445,1.1580975131564037,-4.631968690037623,9.723283217399498,-1.2650454541495924,-15.553393674773751,-10.235353193524835,0.6587757511980151,9.819494702967365,-1.0723374141152477,-12.040704952917686,-12.995195039205937,-8.878302832679717,6.076466899175569
-21.11763222359155,-24.146307170288452,-20.202908740124897,-29.397841058304426,-23.827136118033486,-17.496393910294966,-15.625869637575489,-23.732150038727575,-24.625899683532108,-20.01915606415866,-29.337645980526357,-21.07809911478025,-4.459596356720226,-26.924295415010242,-9.137016684661212,-20.76064760071083,-21.102258002834105,-14.91498033739318,-20.46507200422575,-22.138104998307675,-14.779404943473478,-25.93237267807035,-15.08884387145184,-30.174594923831265,-17.168924861271325,-15.484935935214008,-22.87452588904121,-17.03340846683747,-21.16700281452155,-27.291845710922825,-22.113678648509037,-22.94649760162863
-24.441090312523198,-32.57214164154709,-24.052340417419682,-22.929212784049152,-20.236630239115755,-21.57842978175196,-30.58265931501593,-12.082241927132765,-20.823387590770224,-28.62435974427317,-11.925024673272734,-23.750908521087073,-19.77832633832358,-21.093358132845225,-21.036293670469647,-25.412310075590582,-24.437537816994286,-21.673908789625848,-14.89800303692924,-19.35931614198794,-20.890427997775767,-25.252778684741898,-18.745158234441046,-9.67951905535702,-10.14243415679515,-26.398590556853883,-22.42512079114092,-22.73051481561704,-14.500805819854731,-19.091254574528357,-20.198351311029857,-18.196727105403937
-12.147631125475725,-12.292652200267174,-3.949227246306875,13.749794970600334,6.768899785129333,2.8528620981145965,-15.991609703921304,1.2577970576537867,-1.3305894749815645,0.6730746138767113,6.8546428203466165,-0.17948176955452408,-4.793860944695074,1.7848624257360444,-13.463203384766759,-1.4355390683865867,-8.666560483889329,-4.196881084279481,0.49977688835091694,-12.982177956724422,-8.760782248922531,-2.4612394129977306,-3.5680052180235733,-0.669168585941309,-7.699875457722028,0.2062115755058666,-6.69192398558105,-1.8243436434735436,3.543331864976325,0.5852832143082193,4.504714280610901,-4.927481450068239
-0.7288725085858422,22.977345706913468,11.33680205279759,30.154787123081903,26.383365870715615,12.002955722263762,5.9542618050641245,24.743645706402372,18.175337754301626,8.25072381743131,23.590104614701374,17.90598263870747,29.373409324806005,24.774069898766903,12.620821334597093,17.036820546499023,13.930520643463737,17.571374257871064,14.750558198547399,10.321134678808027,20.786243137755903,17.988483633864846,18.784405538589855,15.8777830620073,24.23281564989861,20.96989212996828,11.266544131826812,12.435478046751808,20.140685030543995,12.398729031725829,18.963545419191018,10.134935172691945
25.755899618332077,24.478687201987466,6.401005468425417,13.920913722047969,10.594439876546005,20.36994196216403,16.589935731617103,22.20764475264425,17.188886028119498,16.60361258864447,18.065303010484765,12.914389717559416,22.556114875685058,12.503244694737171,16.23175430625203,23.911842140990032,20.242988512046804,19.466953912323156,25.014073707278285,17.08137729742337,7.252578558539417,21.956693993687338,17.101606819192924,3.5558241827084593,10.803674431183353,19.242441020686062,25.417183036188902,11.509926522794435,8.806296510518578,11.56537893860214,14.955801110521797,6.994457702402145
9.262719500237036,-6.450994820982129,-10.594729651660062,-11.230870675207164,-15.941290912334802,-11.18347083024046,5.496295443962999,-4.74816044534767,-1.8440279966675586,-6.861418432087754,-2.1525288620776095,-5.0184104724743435,-0.5368303953474431,0.4945636384752092,0.624169535222018,-7.006093996153994,5.913654961024066,-5.629635535345433,-5.333323988773912,6.583027589241849,-9.771772483514642,4.495936354675004,-1.560880870116602,-9.391925729416036,-4.368721772443751,2.404225530119293,-6.366009794637843,-2.004497526432022,-9.297533505860633,-11.638965634865933,-3.356988192303953,1.0194633601468346
-18.738582146934355,-19.120822788317373,-20.759814345179873,-28.083595181171223,-25.57602550188723,-23.611844064031867,-16.072695854769172,-6.3368106566810525,-27.189674239691087,-19.070063749836688,-26.42066113943829,-20.628893496361506,-20.751457790642828,-21.75696952541729,-11.714187670356136,-24.5347667050897,-22.739794271830025,-19.948698946945562,-18.324650939681987,-20.50462234926926,-11.471576189133836,-22.31424882415872,-18.551509264327063,-17.3053489563286,-16.414066757513275,-23.49918473879509,-24.992390408766557,-21.90890370349903,-19.7883411059093,-20.177945584664126,-17.19366568892057,-27.483016121134057
-18.651019151997343,-21.590242014027186,-15.187616935901865,-11.57424174169995,-9.081780668828179,-14.34219306896596,-22.363547409841676,-11.565586893606156,-18.361218801405457,-16.74051383994673,-16.131099273397513,-13.788871366054282,-13.899710922220173,-12.870285703059137,-22.069249042259184,-17.16786355753819,-15.899209732674455,-21.391792554832428,-17.45242518804465,-17.851743084033288,-11.463375633287939,-17.751832274358467,-24.655633709632106,-14.660467031589487,-14.209811281988653,-20.09783922720001,-17.98980936113581,-12.341449365889192,-15.26823945671994,-5.359811718097547,-14.99743177690476,-19.26175984678603
-6.427065054146773,2.725591232217351,8.483905986601354,17.77756860854704,14.408280255984907,12.621408309807006,0.01589980433289881,0.3713428102433447,4.110440750952903,0.6080974013818613,12.138863553159194,11.031607573121494,0.35192732244675146,10.214598150456785,2.135426479684242,-0.798785457716365,5.023518399155607,2.8848787568240257,14.230041195912042,-7.33473931049641,20.756488406982655,4.646000481104048,5.415150450973544,18.343579384514637,9.04360045998758,2.7602133553808,6.1651642542894916,13.206503961315772,12.047006602272287,14.676954492501165,5.606379734904346,1.110741068106257
25.433994710628795,32.0901645745449,26.46802035842174,35.3429076901936,26.811888013938773,26.54653216570033,18.02879627317886,27.255891904796744,22.36098974997278,38.26081512737262,13.606019602209662,24.345247048711787,20.472013391962268,26.202469757808622,22.675643326344886,26.63372720447398,19.966521163178427,20.875466650728118,22.897428596758445,26.41219775828128,31.16506777423679,23.788937836508932,27.07924548775294,26.552088865182828,25.200619395023317,21.126691946549307,34.11583960204995,29.208784935223782,24.2438305404686,28.838808069332245,21.563183735211112,21.482096912642657
19.452448493946484,32.27226293595022,19.16788773537792,18.264818557622142,17.677483120397454,22.072616947771863,31.354049876989656,20.738109198821945,21.802719217450807,30.04355161416474,14.103602723661263,24.435386635692787,23.034784066652314,17.75811726865958,26.695612064261816,20.92707824752029,24.822287071186086,18.684203352538976,28.14300344633859,22.465119089200837,25.320943436001436,31.768200986312486,28.559225192827512,11.470321112663932,26.537234240251415,23.802897092480848,26.880338254803345,19.471085605734586,16.633237242582037,18.857415121940964,22.469593429727496,12.568231710374263
7.5286600872075455,2.7786709024649436,2.321791954922729,-3.1875436930205634,5.510983209149362,9.231439774705217,20.17755158455851,-0.7363713936333784,5.478177361467091,5.148253839483577,0.6306241131030654,-7.5111575300388855,3.943134014910795,5.9781059114444375,13.620360638311217,11.571053205127045,8.249034528343568,6.606112905068592,4.3303297637068905,1.2051264523245435,3.079490137125362,11.013992742019544,16.392963950670676,1.5902672744547621,12.495772909635253,2.2272025196864496,10.782782695233431,8.773234538899832,-0.7833153577003664,-10.66600010061749,-0.4206791180682304,-0.3549137367881826
-4.167412734406592,-11.802113724950162,-8.525858258167215,-21.7353110639053,-1.0087524869147195,-7.940658405109778,-2.7077713954113856,-9.043195259064357,-13.362358888063767,-17.627414229034457,-16.23940953845836,-5.432699699338736,-18.5961680138934,-12.378049749293401,-11.3029396093525,-14.182645487025969,-6.429653018682433,-11.297968576523443,-11.991842782788963,-11.189481032046842,-6.509066937749972,-6.488557679371727,-0.4755516192726189,-10.160203058146863,-15.096227829651804,-8.706647662626569,-10.906439487452243,-12.37150029504281,-13.927709551089528,-12.398229467217819,-10.641736301494909,-12.013367157548004
-12.131675566647619,-12.023079954140302,1.3779647283474898,-0.1685903699551368,3.865171883974927,-1.6650698603161267,-15.560533655978793,-14.728336796139075,1.9893225519359357,-7.181613090093739,-7.173173923503252,-4.937636906779198,-5.9008970174601165,-3.9814304369553675,-10.770346874235537,-5.444697218084661,-3.3564686885544477,-8.5691536408747,0.9548856385598153,-5.33079436637672,-0.9148381998806653,-6.404758860283485,-3.634900660897558,6.282805434293632,-5.762767942787757,-16.81137443470309,-10.455731240201912,-7.6899344120993955,3.5209918487866276,4.339179382643654,-9.680758926324199,-1.8977840675232058
16.261189112641688,11.838764435140963,9.129146378288233,18.832771712743853,14.404625924674086,14.516474376537923,5.323483002779806,18.99043059450951,23.60765522928626,4.597503754167951,10.257217022432368,14.454391377731483,13.303920331789296,18.98030233581871,-1.555086918310169,6.095587198046867,3.8795818656742944,8.236071068484085,20.95092370353683,8.886459800861623,15.467518002945393,11.239269294503124,8.38900016981395,18.029099636424554,19.685257045775003,6.951514400806489,10.112668298506636,5.866837073788559,22.031548533226964,25.584800546124185,20.405463443542807,12.858734128835714
27.980869506241252,27.614792633784432,21.73467764606847,29.36553699150454,21.72747997591218,26.36259305582823,20.62301083134931,27.25543894282153,23.238996515977167,17.413146623839474,20.78925124830925,26.90473480519678,24.8120248849351,24.10294110993979,17.888787357583027,20.461571730152116,16.336608176177403,27.43376284213096,34.62687026407485,21.781659371490043,8.414599530587356,28.697250307336237,19.313131589377164,21.21175637573593,21.580867290339484,8.319233876072383,17.9914146939435,22.653004865833783,27.005391659658628,24.07101223283922,30.366220818816487,29.51383291819863
17.881731391010188,10.352968286660658,6.038097988818758,2.683006324302849,1.3003140165181206,6.450583456538958,19.232431070501782,12.224194569202316,17.359251552796273,0.5606598875060165,11.390417636839226,3.542207927881173,8.815760911077867,7.987668814510133,25.58108553317129,9.131125252642116,13.046012110215605,12.959866158518128,-1.7486849798431703,9.45259010617691,-0.4089718236954266,18.589983341232514,5.826109548979155,0.6867182830709803,10.820600237760521,12.171438325708689,7.32298711310969,8.994842402846805,5.574282240618601,10.182131875241485,21.40210213165585,22.505708240898826
-6.029904405900182,-24.662637756969158,-14.642015204955925,-29.979836438885936,-20.276706075158046,-12.921167025022767,-9.898137673465019,-20.148439007519194,-16.338280676253305,-18.615847262075008,-24.108161426430176,-16.716363071847425,-13.116334177075203,-20.397851995272024,-5.906891800732127,-11.181865955431189,-19.168957962588514,-11.609292697302948,-13.475401895937358,-2.611803111929798,-24.856785333760754,-7.7604978871100085,-23.76978839601858,-21.238269782853227,-8.688590873977237,-6.294085541793975,-12.55931443609701,-13.7192751610287,-21.738077279106385,-18.3235369912249,-11.38390505504329,-5.05847629351592
-24.126854112613294,-32.59536487818707,-21.45865581843074,-36.56364611180256,-25.220025440302987,-28.048573310857268,-25.165269059214886,-31.23430247506938,-24.53126234382057,-25.96431791903874,-29.671791690936608,-31.948956003779152,-31.2943183889372,-31.973417022291788,-38.53111337046479,-26.38407820521577,-29.9447596028365,-29.529573181084995,-37.68084436932562,-29.043695205992243,-30.228567603092987,-31.341639553393804,-38.763848452487444,-35.61546953926023,-36.965868604415085,-33.49950762991982,-23.41285430121725,-27.45121134227912,-34.10076975180882,-25.27076727792249,-31.092083683522883,-36.954348231257725
-18.93646993748404,-20.986863038344435,-9.070504580644734,-6.631962470207135,-14.863607905913508,-27.40993197933724,-24.287844896385117,-21.236369441378525,-17.711079033481546,-24.514152851263834,-20.308162681566074,-8.82415660789977,-16.06555455517271,-33.09177899877279,-26.809640885386518,-19.333130321700175,-22.59347804216492,-21.343849359127496,-21.409774716499886,-27.2514220715979,-9.181849088310377,-22.76117357961397,-16.058801740355488,-15.589373840987715,-18.216650687886585,-25.65315061366831,-27.136114702788838,-24.916043461537665,-14.633215789897928,-11.976165958544353,-22.975973389056847,-20.36361515506308
-4.190573882249102,1.5692842717921636,9.359199692729307,13.325647124131766,4.905309039652175,-2.4492832643203393,-7.525975720527837,3.5406559458999536,3.2326748926640274,-1.4706604890289265,1.9347909069932325,10.972259173665705,0.4099928797936624,3.153284106598945,-8.664782967404266,-1.9884126997005693,-8.766610025446731,-7.53472679295016,0.680557070518766,-3.708097837527588,2.1599360916979884,-2.223376754832909,-3.115441505670648,3.8011966904509342,1.5706373889579135,-7.290874867398346,-7.107367198746066,11.620149396485502,1.9471780048946647,6.422825609964113,-5.524627286509128,9.247087542892556
10.78509335009743,19.73358554573771,16.46205781009821,4.563587015222179,8.09585486552932,9.541667198077308,12.339263895087642,11.088203647933847,18.15097504929102,4.037502223638512,12.020431513774891,10.687361461610084,8.159370022888002,13.669820606013985,6.697588253361898,14.120172498650545,12.005426091108344,9.639109460850005,17.509149714659547,8.074805229444506,7.626597840791755,7.805988302175369,6.785206778346271,4.926474633071977,7.0919398254079695,10.954155512101837,16.858581904755717,14.69540084682777,5.537635464497082,10.789890980831371,6.8620174907250355,7.624424374238607
5.735457579087936,10.49861614185842,-2.0709667463463077,-11.490346160931193,-0.6664920437750826,-0.3953016161584881,12.294761996599652,-0.47995495166069635,-7.520024203546477,2.5037869620441078,-9.960010920986408,-4.715550409434536,-6.546512723276911,-3.263462113185908,16.87863724973155,-2.274270338284698,2.730128802486427,6.246719252199171,-0.20745685273542186,-5.190866403734863,2.9266452156260145,3.260724363895731,5.911971346046169,-0.9367911420989394,-10.573112284341754,3.5791401773925204,3.3908823464423947,-6.096213384663766,1.5476581579422755,-11.584939171624471,-5.591323458171934,-3.5906210462941868
-13.353072474626309,-11.176020845891108,-14.377240256910355,-30.476585291429508,-23.54143674054011,-21.510910927732652,-10.3708802450469,-17.807612850744682,-21.475992648802666,-13.886693512429233,-16.714329656959556,-19.27519983615851,-14.621480656480305,-13.133421071154483,-5.214400966304271,-14.541426572728838,-17.26799049333706,-10.241627757171312,-13.36365638244026,-16.665506667196905,-13.233659495831926,-14.86957363927539,-10.611137034892682,-25.014401723641196,-23.566834853620875,-9.337738996763244,-20.543750985480422,-22.33917689291657,-17.684300688966474,-26.43956185117456,-30.660995168110404,-17.78723300402188
-16.151544105620967,-25.19360796744536,-13.905459995241415,-29.66354129456171,-18.56066971318842,-22.698233793342226,-30.706239834863972,-19.680756241399052,-25.102136392361338,-8.65741094243068,-17.47098561563941,-5.230003803497051,-22.119720090092073,-15.659683523044485,-22.399681768392806,-32.54237502251131,-24.36319102593871,-32.42247988893094,-27.918435356513037,-20.297479525335874,-17.20657743687235,-21.982665346185446,-24.205957341801586,-16.503309077198445,-15.481465377588169,-24.15416453879229,-20.434046331228885,-15.772154905905317,-22.905329092334128,-25.935297718920438,-30.902514429195847,-20.807792122239114
-15.295132823347615,-9.13370419473545,-5.367711060856854,2.740146021606279,-6.846401542670761,0.6424800159697898,-8.338583603322247,2.8516479127086245,-2.7510553662833104,0.8291807639284093,1.7423464045373116,-2.67474328146411,-6.087377795402503,-1.648828428575511,-7.9166287827919914,-7.4608860549567755,-0.39137582880694993,-12.35623405580369,-4.8739908964673075,-10.900418479716368,6.534258660758728,-9.500401694215833,-2.3475984031054247,14.532183637403257,-8.351460206706847,-6.594549184389085,-15.405806152613076,-1.2769383062217192,-6.989083334969951,5.970250649832338,-1.4464631036961941,-1.4898364023886412
13.961334522422769,18.044704143354803,22.21165521362924,23.754233010657572,29.72629837408326,21.169405032038213,6.579072051687933,23.982820790427414,16.699656788861503,15.260525222024324,32.569642603218206,18.703251660765638,11.717095350606257,25.881037562760966,13.30562001619084,17.123463915162876,24.3916658843338,16.9291534040975,20.671284858776396,12.956416503123327,20.149130405219395,11.236105440573068,18.070133928927675,21.29733532741254,24.37803135948729,24.218265114442364,15.463849657030458,14.97825289252219,24.15325047578237,18.452174012494847,12.111697103120685,21.2096723190385
26.67174268359216,35.42543970451118,18.61718891888282,29.159798655083353,19.713760861655015,25.91239567002391,25.879771768375583,29.43001590613403,24.220863302658493,26.756086852197253,27.194665234370095,24.65361175510375,19.86743347201897,22.86532084523389,20.217374131169954,25.09857489868669,27.468328260324324,27.8336873916473,25.444646651750087,25.481497968013194,28.81107216519083,24.918891087017204,17.036552500788016,16.136842761882995,22.342243918781357,34.89515597151394,22.451418415908616,33.1106212921548,25.57076905250586,20.842478640513963,27.492262188627148,23.25876081848471
17.46667108807381,12.430504582645083,-1.0712470840286925,4.344950730824672,10.189357165036872,5.928963402405723,31.545735001051906,5.358283911460232,3.622276214438645,2.729150962545342,7.739125674916497,13.674056921887033,13.509379093330997,7.37603588223974,14.22625088486403,13.315669741388996,20.517369266041644,8.038603502402921,10.032973411891003,11.190789137309572,4.514186122453987,13.318064638971284,12.657077015577048,-5.990070318240093,4.674384709800235,13.652248875528532,15.148696569158718,14.115596614679937,12.836000328636572,8.343009626231897,6.98797406067458,8.576637782460924
-9.808603022476175,-17.871790833254046,-14.340138247766086,-15.282452103605648,-14.83930204643908,-6.75124011525955,-11.905357802264389,-7.012995581126355,-10.446046513092131,-9.814366033516762,-11.655949357812482,-15.283688844342668,-13.511524515773738,-8.801440294087023,-2.930885626024587,-4.399917154106481,-14.030124830588276,-11.047099144009863,-7.242529661335942,-5.4772625848044605,-14.378397651365571,0.09211521855894272,-10.809103664506175,-19.59475740096444,-5.563825856063561,-1.8577522108695472,-6.194467963843514,-14.24746778242113,-6.284109982091188,-10.580430049408044,-14.725838172118497,-18.358388202583285
-21.652057171442618,-22.53159173079214,-15.219199704757912,-16.673988011818157,-16.18453991187633,-8.29256306897258,-22.643101599933033,-6.780563526824814,-18.34846739570149,-13.554075448357754,-6.8968768846795765,-8.995266216993206,-17.248981586144286,-9.251644820992036,-22.777936657991685,-7.990905651954393,-18.384681461256413,-10.475562567593798,-11.643563314805506,-15.214111907045925,-10.648000707815411,-15.481629149208638,-12.3193750289963,-6.659051289073228,-14.521016882406613,-17.171318555141795,-10.405025480619447,-9.243599564105356,-4.694625005316014,-2.4299325717672398,-16.04654003902091,-17.498557125655733
-5.919292635502692,1.0527461682699237,3.0423300947205068,14.573686923445498,7.4254280174970795,5.093692837491129,-4.3309388478828525,13.42880997319196,7.463196324185498,0.22036415070459803,8.792893686597793,9.882099713642699,-2.703516198729555,8.022189165760386,-4.459009630537598,-1.597004610025577,-3.6504453411769258,1.347267279835915,12.29816681805897,-2.01761302462049,2.156055496299489,-4.62014933413029,4.2848104459260306,10.629588079436889,4.9595807930543145,1.1757548156281166,1.529964655768703,1.5060298117242286,11.562471278610875,15.63716248596773,0.10228960508921608,-0.1676769757369255
18.32201208973803,23.750751067867707,19.185456783604632,26.500344947313568,18.421830483398896,21.623284488701774,8.218470065654252,25.325330968266137,27.479376835153833,21.454478455797062,23.97566920599369,16.16045239286959,14.993981049558752,21.305906666374426,13.932194517945845,20.04160365936187,12.088875718758153,21.870595224108737,23.76616394105082,7.036123541889872,16.10642706623656,14.867758904996572,16.456892114153163,39.677215992255505,26.94606830412564,8.968948206484132,18.011615700830433,23.297327094111186,21.67142117779366,24.219357402708184,20.577578994342613,22.056996990801036
32.43718172045074,19.5553332744388,18.83455608881021,24.481013296702272,18.529246362203757,20.33737109121514,25.93453740604759,19.644744130745092,21.04947349449151,21.179329833089156,17.048714339978332,14.989012511073602,31.348622365076398,17.78991957278434,24.78326049626671,28.44816162588943,19.324461611366857,18.17295286156957,22.956320375455014,25.57468787124431,10.616866034204875,21.894351548430137,21.753827816037553,16.570751341030114,12.30229453720878,18.43836577435232,26.16959537103442,21.88429204304243,23.698254329371718,17.034805364916824,33.70487694322785,12.804556759030728
7.833680283874781,-5.073703073457024,3.092352319165228,-13.558335712101435,5.3631027699403075,8.85813995809184,11.428994385132905,1.8655208267725514,1.1783662874854537,0.6681078487075018,-7.1152092306643615,-3.827346747540607,2.9199065188082836,7.5540565428117485,10.881401074050023,-4.038532962100215,-4.347292151340493,6.28073717243818,1.5707506063014522,9.078008846454352,-1.7419745006730643,12.239155286645094,0.6729706795322038,5.46569472264189,-5.610893508953854,-3.1906847795948337,1.292743142249997,-0.533322815490005,-6.82407199865888,-1.9342441341979753,3.063482636301037,4.728278588615012
0.10586441134664004,-15.16468452541475,-15.576414734565041,-27.0250940191461,-10.253587589584296,-9.363026895342058,-11.471234054791152,-17.528895354714173,-15.502986936816697,-14.935556320754342,-23.188188704686908,-19.36462546983624,-15.09291685287671,-15.717633798110842,-2.6569394551870764,-13.093759084085892,-20.16952512803511,-8.996897506115479,-18.540111643155463,-9.032863972236195,-21.741737897994106,-21.184509435574512,-17.432403608942018,-17.917578969095025,-18.622868505903657,-3.4556517958704274,-11.83001962793613,-12.342601748139636,-22.99973371742706,-22.433606651692628,-16.290835935830778,-15.52924210021255
-13.729673347060716,-24.04836118057,-7.116141417782363,-5.932376562347613,-7.128841554262669,-19.925242873639068,-20.344493437093007,-12.513109321522062,-12.574389204699841,-13.131668442642786,-13.129282895874447,-16.024833089346913,-14.252515665644268,-21.41120328178841,-23.283658447355915,-25.052500142814186,-13.289783165102424,-17.504284538953666,-12.55298439511162,-19.93657473948992,-10.035017593720761,-15.39900832567804,-14.548569614915966,-3.7067627163697696,-7.8391105967104195,-29.2389019625226,-19.96896536485997,-15.773300856412192,-8.062752159687392,-9.516719791717755,-8.566816852451588,-14.04101436695808
-0.5077964382435138,1.5248015646010027,7.841597616673104,13.221389963803096,8.94812466534859,-0.31603849530877,-8.476459990623574,2.694795350767407,10.13115623737052,-1.293067077682749,12.113855588156062,7.314565367201672,-5.462557844643221,3.926481839883828,-19.549992034223,-0.8474668134846937,-5.488750062126061,7.007650998243208,3.7016266219613354,-2.834066437727185,7.308792403196626,-1.8083225423180966,4.8630874201251375,20.831480500369977,-0.7903183904617641,-4.941408881535806,-2.8176822003871207,1.0762362427234835,9.616041342943289,7.68312397326395,11.684170489350215,8.551090018149468
22.557859514689554,29.231569683313165,19.98062181340988,24.80416527029,23.345721324065174,30.63312130383997,8.936990395840063,19.151338259133137,28.52262657133684,21.756559531237038,26.98549592112992,22.484055456046118,21.58343337738938,30.768667785574195,19.98188393563953,15.185141136566253,12.966733308991172,22.898165228437016,17.917280115812733,17.281205447345556,19.002837229392174,19.184101515555422,18.58074286134547,30.695978263171067,24.768163012676396,18.939905465541397,13.279573245662068,17.31577403382629,17.357160136215207,16.425053213752253,22.128811763354644,25.97865435602347
18.70798020872934,13.56375704745004,15.347377915383499,3.968181849192426,14.43780369055398,19.045887678812576,9.245044625348099,11.69721844242152,21.120440539387754,10.949398325449124,15.458177198011464,10.158240367953082,17.06537179579565,11.419434070542923,14.597361555964053,17.2477656484029,16.484845570990487,12.160638753210012,4.669550088606954,22.734637950625668,16.657994664950134,23.82487606467184,12.212416694475692,-2.790911524281671,8.985274975598731,21.522165699181954,17.73096924435717,22.90109705176955,11.928005237048533,0.5986266869274326,16.298596454016263,15.447879494055375
-1.9538141641631086,-3.689426950609296,-6.127057200878057,-23.222344918073,-21.00101236564832,-8.381665542589529,-2.2103249652430064,-12.510165496694425,-12.39396324531237,-3.237554649519288,-5.549591894721098,-10.269362575115426,1.0930847521586016,-11.16352180965389,10.51853450831427,-7.372559148630335,-6.5967559970344105,4.245605445188292,-8.48421364661171,7.304604230513001,-18.98419401220561,-4.813562591077795,1.9315290182903553,-22.653440743127575,-3.7902003426167195,0.2979577511274309,-9.819097349505787,-8.237085285125097,-15.95300426433344,-17.460833099799128,-6.1725594031979645,-6.397059386724635
-25.308807591889455,-29.62943958118885,-17.580805291567668,-35.64512017127233,-32.17855364293495,-30.891017929872323,-17.815250873479012,-29.91160533855248,-25.245441526924047,-29.560176288756473,-32.6215611615445,-11.407792360769884,-19.79119269092373,-20.04686594518915,-15.423091078191392,-26.44272646013851,-24.302002251352295,-20.942578045582696,-27.37808294411732,-26.806551096017227,-23.268201470767288,-18.304160374282127,-32.131231858973145,-23.55823452218508,-31.22037688033027,-19.74451028479545,-19.96838268743629,-33.467983208209155,-25.388966999191975,-15.035973797646916,-25.848434202457987,-28.917636077779058
-25.085127236430193,-32.5897181690717,-14.358813499569624,-23.17922006332291,-20.312623724481124,-21.884999917155074,-33.16961880198531,-15.299302879030027,-19.433697522746098,-29.057478178120817,-18.860035451780583,-22.82361732380885,-18.363411692608583,-23.6144917578705,-31.40138020314426,-16.28014183430159,-23.716548368094287,-12.89858300937948,-19.01434395715402,-25.59541237520329,-15.156879180324932,-21.556925358887142,-33.51264611877065,-10.846518050279968,-18.91288830631887,-26.10629759262573,-20.708875046682806,-26.89443372441947,-20.043597763595244,-7.379787691243394,-21.57073285467828,-23.431849507638642
-16.69685554483163,-3.111715977231797,0.1447153608072345,5.239638183390593,6.383848637047692,1.7451303559065785,-17.98930735599167,3.295717132954922,-4.805426877466211,-1.8399054596995006,5.321972399654624,0.1791297005917128,-1.504854974215799,-9.188659297391094,-17.30588658324287,-8.617214986346138,-6.579195561602718,3.155580323892113,1.8972964451382288,-12.914737958037145,-4.515684374843117,-0.2676913017156807,-11.90447612856197,2.642050755064656,-0.3592030403815611,-5.642061091060784,-4.112378774219191,-3.409587389778702,-1.3759237870245302,-0.06679353028519158,-6.636198256702819,2.1052778715320484
4.66803977267629,17.7101643104771,11.01497170592252,19.305826191615854,15.61921418950866,1.3933743843619069,8.330244392580651,14.21206529844928,11.486128469499613,9.19796924733996,14.981139470246791,10.535382748605178,12.179934846100771,7.679834524424856,-0.6301603699653489,8.909056808272847,8.816599874914983,9.241227611056487,9.232212641889026,3.059870348361769,7.822063644611029,10.374137750993683,21.095144809748696,5.09893942094831,11.533443972786184,13.923864529025872,7.7398109979054635,16.99979599438193,9.8431241995082,15.079474059108566,11.660318571375925,10.267099210749027
3.8122572956444283,9.666955921182549,-0.8020026942052981,-16.50621208242736,3.0646988507732957,5.351949427399463,8.626751712156247,4.724261003146008,-1.8760222195001093,1.4800315095445047,5.01954039710238,0.8269685353628555,5.734126802141385,1.650865627082698,17.12591723500629,10.299461510413554,3.686846192519873,-0.8811069407788003,-4.8152559364141005,7.904075201864013,-0.8392558546797281,8.397966790640421,15.818917867362142,-5.973475070397798,7.151260332298166,13.736440779964296,9.368258889494824,7.98445073042694,1.5860536424853788,-19.000968262715567,-3.0160004780762613,-7.319416954024049
-6.22912166951054,-9.138194476186225,-23.62944339850124,-30.385816182710613,-22.02235587186039,-14.109505960011932,-17.718745855223897,-25.596820812771718,-23.997175997182143,-7.693010278516768,-21.72370513109436,-17.747795266251618,-13.971758316881749,-14.42925775133116,-9.292188266869983,-21.175473018471124,-6.474148401363773,-23.848921610444272,-14.909908862468932,-13.262074629863278,-8.585073102675494,-5.722983572921787,-7.669354462912203,-24.330318733870193,-17.723483106465988,-0.8106937195459235,-13.25439600043046,-21.61137477213866,-26.617395578301043,-20.61833763121845,-8.498869999281466,-22.257561037339336
-26.252319959482517,-29.206142907885088,-28.760214763129422,-31.89871148899695,-23.894825771069705,-27.438296686833887,-14.996172623455637,-20.572837140579338,-22.618316657519234,-26.16015408094948,-20.33583180116891,-18.98902210426189,-23.10594164062023,-32.89159711112779,-19.60442866831328,-14.428686500703387,-19.122314746442164,-32.487104885984344,-23.855936011908558,-32.51742564530376,-21.851405866548003,-19.772485327909575,-20.748709479695076,-25.80540978543933,-26.222382562956366,-14.286124878618871,-12.516202937933654,-19.570350229860097,-24.997905167870172,-17.820054174267128,-25.728036900144076,-28.64661234746266
-19.73899872312267,-7.776534530936413,-5.7157913094449615,-8.338495636874114,1.3673475736542073,-8.246732646600039,-12.08089858530247,-4.784668107423001,-7.8482099197800705,-2.3099479796420006,-2.439595796301558,-5.434093655346339,-12.456782198500264,-16.388322073727522,-17.3150575543514,-7.3934862135198305,-7.580530899664791,-14.264060891720158,-17.09300609928844,-17.30620102204115,-1.5098316269588816,-24.011899743399166,-7.972330793241444,2.358769421139619,-14.997943486620068,-11.811459473013489,-10.44539839592939,-4.133526793105817,-2.312314142933537,-2.3220002153231274,-13.836692332873207,-10.091603959556815
2.0051942958150026,29.924106353946637,19.342958506446156,28.25626005466572,17.987276748979877,23.537634709950257,6.209659068966887,9.170363796213286,12.893587445349374,24.47397971830687,24.41561149703497,15.43047859009141,19.276875943097828,20.31549255451865,14.525031312740111,17.28688264525759,15.73925733938196,9.227142062918432,14.948049574553497,9.560331949715232,24.85742485131785,6.4679521926089425,13.37946281427791,22.809992736029876,21.330863600107175,17.738533000403194,7.615093862821053,18.75063495187052,14.932918533399986,23.299871339162262,20.153119362316886,20.458322669525675
