Ch_1,Ch_2,Ch_3,Ch_4,Ch_5,Ch_6,Ch_7,Ch_8,Ch_9,Ch_10,Ch_11,Ch_12,Ch_13,Ch_14,Ch_15,Ch_16,Ch_17,Ch_18,Ch_19,Ch_20,Ch_21,Ch_22,Ch_23,Ch_24,Ch_25,Ch_26,Ch_27,Ch_28,Ch_29,Ch_30,Ch_31,Ch_32
25.97283038316985,11.6644189184472,20.825494717280076,15.324198526631468,24.694445259134906,28.24359224431134,21.56324479147354,18.84669591468541,26.379875402292814,14.14566567945087,11.828814004535168,16.454267060088245,25.482413056461,20.681177859698852,16.386540043873346,7.970587575591996,9.980658615969418,19.149786328352995,19.410408932328835,15.552109946530306,2.7413649727025313,18.096751651335445,9.524427288989134,21.13867417415745,1.2362998609293423,8.41094911368558,15.815254516553816,20.82846515251117,22.514666153653977,14.582429484810538,7.989384607686575,22.74287837867906
31.9025079291786,22.630002213218336,29.88177373876273,24.396015822256935,31.829696437537443,33.37153870719893,32.9014524121764,27.112377331625535,31.187136797171213,24.042130567673464,21.633305613140482,28.721495901561987,27.11828046527991,34.653231362955744,27.738442835438455,24.473831239936075,21.95570943076207,29.24125277926528,31.312781121144077,25.070173937385558,20.963928874233037,28.76609957988854,24.773624197455256,27.496266054915814,22.28811410044798,19.40836714300286,28.576023832102358,32.96010543159559,27.825600651151184,24.895281425584646,25.962515638730146,28.129696037545486
31.226268322153107,33.50312876171596,31.133216627556454,34.64489799730901,36.5999425731156,27.554358533121125,31.506389517710726,30.12626736751885,35.505041489644086,32.05657910703774,36.249304152374634,29.80369512522881,32.26070710625809,36.22669917167906,34.42049865160895,30.40871405467353,28.349050918584947,31.515086946458688,29.573686205065137,32.172668980492325,27.233587316848027,31.44530937889735,33.236070562704654,30.135166573781046,33.549085029541814,29.265076484234175,31.64512387836027,29.183305689155457,31.821186003731842,27.112407605701193,30.82163510795212,26.38893100612165
25.373320700528083,29.624501116885693,22.49383548046841,28.91616157095816,26.55156069908006,20.219877105087566,30.647010642141556,17.70340745722869,22.935006464815682,26.475978424288915,26.211655815265352,23.78944888996874,20.967972607342638,26.991484071449214,27.95066940320501,28.747837058280766,26.152174029292098,20.114787191208908,24.800886235534307,28.581954152837113,24.589440881237188,20.94603591699205,25.270162017672508,23.03745993285177,31.4587716368666,28.485036151090835,25.731186830620047,11.81209712945193,23.8334886818579,23.361302460447753,26.141271257496605,20.731276626739632
8.79461659951765,18.122649301535294,11.243756225120082,13.816376838548482,18.33340819945591,7.346784389270167,1.957941655794579,9.804335494569509,7.727279891591198,12.518748320985734,22.729153201704676,5.705228738433944,12.888913579905036,9.228841868168711,17.9661358335038,20.15024716278521,13.7578756967124,5.465906099273346,15.306334996671895,21.425180852427243,27.21071131207587,5.129661885762314,18.81018698184605,10.25874208838812,28.532256190980515,25.038175898625518,14.13942883234542,7.961837025635492,11.009983584175684,25.16161385417273,20.507574645848774,7.603476134483196
1.6186000253450208,12.987788762716542,-2.5679770205550585,0.08030228440214976,2.188821758814423,0.7803202434404742,-1.1144585642380618,-2.6364562318317164,-11.127461336622305,4.285799194886808,15.516954461943012,-1.817058390236855,-3.902972168656022,3.678878031008472,11.74279116439856,7.100247741482424,12.387888421004282,-7.371157737872311,5.70609588642993,10.340790331033093,11.051589202641255,-5.71964634830501,15.088652974256856,6.117788848183488,11.011185797898841,14.85068209772272,3.739027793875173,-2.4881218347790472,5.944016241043069,17.47188447437206,15.038703144821277,0.42795962608630367
-13.119554353882489,3.8983952910886805,-7.445088487408696,-3.054789904649087,-10.41062530800383,-7.170925601560732,-16.554953721341906,-11.476248420529105,-13.839340723367313,-1.6675947451650113,9.244909961940145,-7.823897947487838,-9.582892348560668,-12.032592912940329,-0.9549614938966707,0.15997411449706997,-1.734594089069025,-13.563917252717692,0.3589019585172111,2.6105536729206835,5.563098138072359,-6.127922824587513,6.493253359512053,-1.8968756767196395,13.781741719771347,-0.8140498421926359,-5.5363474138468725,-9.492270505340452,-1.9262653806374355,8.390855583546061,6.229085187825882,-14.140352912873036
-16.750109097991796,-4.627507182416341,-12.92129393465826,-13.054949667931115,-18.405465611456037,-15.315016536281643,-17.155509847162786,-13.979172825286556,-14.15758026272076,-9.923347867265177,-6.36399489566157,-10.71212324121857,-11.980123690235411,-15.522712786587485,-9.31047665553115,-3.672069947437152,-5.968441125340021,-17.223452029597123,-6.2533630523018315,-9.897339171347864,-2.836449960473299,-10.65271833689364,-0.4103262300328758,-14.690058744679996,-1.4387264442999834,-7.89828060224334,-14.826166756976267,-13.959050209706735,-11.635034338169133,-2.5921578703126653,-4.270357191130231,-8.355602772101777
-15.316956818491402,-13.589091224902214,-12.362497579940918,-19.56208491672207,-14.497029708541328,-17.18609669628843,-21.562682061578546,-23.23321730673472,-18.145198026227952,-16.10936988723167,-9.669808026225937,-20.1445776511467,-20.8192485234182,-10.367430874964425,-15.89615276697588,-13.771479545448928,-14.591664776975863,-14.988296243272481,-15.051456054446671,-19.001603960532286,-7.544778773299969,-15.85547097384983,-15.859139919227943,-13.185392587774619,-9.195852066103445,-15.170345296422642,-11.075503126666169,-18.463692892703104,-14.56302140519622,-6.3695785450581806,-16.590177376126913,-13.73620132050662
-23.519245621534825,-24.425781529528656,-10.79656974027294,-21.31737292072627,-25.087903636005905,-17.193903435673217,-18.184552412292597,-18.506856791179956,-17.075389872500306,-18.596185493393914,-17.80836318625584,-14.994189618492298,-21.683611510966898,-11.459120686509628,-24.883629362341598,-25.24276464240556,-24.401326903716004,-20.748294437775158,-23.648473382284134,-30.664838408884417,-19.345574900207012,-18.19136375147176,-24.648692122036344,-15.285277758594859,-15.190717840959504,-23.563924849797313,-13.177455333753445,-21.43439193893886,-22.34161542005209,-24.003413652884387,-27.21956354783396,-22.487618006641938
-18.027003929300133,-28.199261329668285,-14.169078611598648,-18.541300327534074,-20.414611915680368,-19.610830137254958,-19.434538400261253,-14.349678760073795,-15.123368784635746,-16.400921401650102,-31.438348772626888,-13.81548618796067,-20.632449564327036,-10.109091391817785,-27.091712986679482,-21.174387879512157,-14.520304644461733,-17.164758179758262,-21.773903497646394,-23.287609589866058,-26.54197734350253,-11.830178138230531,-24.05785282992128,-14.95941795102482,-23.325998499176084,-27.564308570879085,-17.68357060117784,-10.175105986911015,-10.981681049290566,-25.604222547859486,-24.941873140505628,-16.40896661058216
-6.711087457920318,-18.614163195159865,-6.708626468789785,-2.853272679585687,-12.338938472817068,-6.5728592379052495,-9.592847920153506,2.196118066493794,-3.1152957086437643,-18.51145849688799,-28.68460628492718,-9.137391567138064,-7.794448665149142,-6.287448070537741,-15.28352225611531,-13.534623824504987,-13.061847848684979,-1.2296517041338728,-10.322028702606957,-18.977821090963474,-24.826237152660692,-3.8680454840452154,-24.257529137886944,-12.155800045002131,-21.34431095650607,-18.01705486078059,-13.330400967533391,-4.749613602027554,-4.181332627521704,-19.806279505868126,-20.27617329792009,-4.525126344757629
1.757910853190913,-7.717350825644428,7.559652295755825,-0.620996716368683,8.511082425355568,8.090749531084631,1.873498506856332,12.042922629008737,7.384369151674749,-1.2384290331990626,-11.429549363912713,9.458163811068541,8.606894925820477,9.341079797515036,-5.072681700541268,-0.7107089567439383,-8.516707841895812,9.35075907758091,3.9168475083984915,-5.493700581966767,-9.913086455086189,2.720491089225451,-10.824589702532222,4.88793896315047,-12.503224922949396,-7.363669198860528,-0.4001653442518275,13.982192670996833,6.06522543610411,-8.901348082843484,-10.044429149288067,3.73505811949381
18.082700421624647,0.30367006701080806,11.873286384489713,13.304275660283045,6.8791889504239325,15.936841548327763,17.693672583696998,20.84772652305275,19.31102757164073,8.813541169837398,-1.3645163544867802,14.636054395660057,14.682416318206874,18.65537466561887,10.636175477719455,11.78934938886293,9.838146313495185,18.884756754711834,17.291875806552568,10.661854773529166,0.8488112784909472,20.82465435349274,4.2128441365433575,14.2989411345579,-0.7491868933790415,7.593180800633503,13.249892013814765,22.687781702361047,19.894415878136567,2.8755041393458427,8.168607169718925,18.962736024946622
22.515190568259108,14.757265805709757,17.792290185003097,26.80207751049188,25.77001549921668,24.455494122599042,28.455546464710714,22.513061390732418,23.233246595684093,20.284219151928585,10.85993418398171,20.941328989649353,20.71105167755012,23.037386847480903,18.884504669479316,21.22405775438849,18.813588124504626,23.318933581506943,29.237260136189377,15.886335057401812,15.027860862166715,24.385712553559618,11.92033277960748,22.497397709826497,17.294947222148277,19.9180293837977,19.59314840761023,26.041564836336082,26.787166276456816,12.647216433673371,11.641405868036836,20.78577060594716
14.607704535546683,26.003268440425224,12.68719392190656,22.1996982786385,18.547136774510374,15.914561436227357,25.870102188116494,21.050039258021293,17.453707376506557,22.20940962170401,17.593222548109832,17.522043303254343,20.27290177851458,26.696394206240278,18.58887077300452,21.720613264554004,20.81515739700075,17.88025985565269,25.781790360365065,22.311195478742693,17.971200405423232,20.519174352024184,19.758717726348056,20.257666948782767,19.24025878950388,19.65909463938963,23.5347241117208,20.68134044494634,25.777433168450344,17.296994422846915,17.227637926791694,18.46638548244498
7.48503050568005,18.955422221224033,7.575691163928582,11.065420014756134,12.317289077306295,5.515340739446122,9.461867212225155,11.42671351879457,2.056243345741761,16.129614460157146,16.884820977846783,12.871055835123597,8.450843756315251,14.684690172029326,13.666819775606948,11.95745651753611,9.35826308362187,2.91262943056884,5.7208940787814075,17.347670867395045,19.195204818461107,9.397331345771425,11.73871247606705,8.174483569976815,14.992753364319645,11.740747177850743,13.819173546091259,3.5275757999240938,5.844280662222061,16.608147090096345,11.788309245446472,2.9876641718204873
-5.183127787442686,8.548042076921682,-5.757434054906333,5.501935084675403,-0.8114350656529419,-5.335877068067159,-2.204678915794103,-3.411768347871494,-8.760342984997692,5.02172682429377,8.934361477854361,-6.0666770923084625,-1.403476122491922,-4.557819434370724,8.959570114011857,7.22828352674511,6.09455472688425,-11.609711543171132,1.3037586702068598,7.70266897412245,9.882089927677558,-0.22144552131699663,10.24296343754879,-3.715816266618891,9.82399988062377,13.61054869796639,1.9708575197049787,-4.844629043340446,-3.785607405128817,5.757109956624367,7.215090358865529,-6.517526569989032
-10.031011281479078,9.2137690824655,-10.953016669880142,-6.444242966494193,-7.884595328054894,-10.934216380040509,-15.063225833974817,-10.299510608847791,-15.790065906927445,-9.060111731638216,4.057931921680125,-8.96317549164627,-13.283429229593168,-17.694483604970664,2.9806872997288285,-3.3213589956727194,-12.149913486688632,-15.339112684710791,-6.0912087002339295,2.897883489626643,5.40300011991417,-15.791006868994643,5.642895137171328,-12.682373630070359,7.930940128019236,-0.4245606356590193,-5.902765797313132,-16.34388716650672,-9.597313136693057,5.72103675282412,4.122438223827351,-15.437776441558933
-14.521678656087598,-5.038307514442694,-19.931986199833595,-17.028213239527492,-21.080091207058594,-17.386777477252714,-14.32131799308182,-16.310644973895624,-13.186881993602059,-12.801617769370194,0.7419215742859299,-16.803614021404147,-14.486265231280138,-20.993958973194083,-4.513360769899475,-9.626434683883664,-10.990341632569182,-26.40698560919178,-11.782229734137754,-7.384544272553388,-2.9375400205431954,-18.79868451696154,-5.971056627828125,-16.60768518184463,-3.410973403953262,-6.2383931077952335,-15.454650098095353,-19.644559854468785,-15.911366461922027,-4.189015383025911,-6.612158841083945,-21.699444715663148
-17.043951111214376,-7.16929747961239,-23.98790974552421,-16.008779884206955,-25.00253799066194,-21.14990730055347,-19.837106140619735,-26.198575923416406,-18.012381637004818,-15.559875331845692,-8.615350042152599,-20.02001484208592,-14.62966361575557,-22.895662499500673,-9.117953869282134,-15.790288198378441,-22.047735045198635,-19.232024656620514,-20.78201888842314,-10.42917943913327,-12.598062761362879,-24.296723137169746,-5.861963321230997,-24.976218592853172,-15.51802392740832,-11.04572996660143,-18.407731653102058,-21.356106698240424,-22.918626127746716,-5.739190699140213,-11.578491185749916,-20.761140177694315
-21.198526739636357,-9.252505068034552,-19.306054595539994,-17.67569300596668,-15.137605862328199,-22.973728124542788,-18.666791735082107,-26.23779883045794,-15.737084115755273,-20.467778707534322,-17.949030552379604,-23.81638356375808,-18.915114751530613,-20.563749021225203,-14.10786695992991,-25.416620697664246,-28.210327620086815,-19.207419197225573,-21.15752318722389,-18.071164644481502,-25.27211816937414,-22.519413806632972,-16.471087602695043,-26.735214867073253,-14.840793461834581,-16.763497013348957,-21.853868974132382,-23.94855199973967,-21.247361332054048,-22.47056540978229,-17.719237635509373,-25.651168288184504
-14.296030592232414,-24.60405004249411,-16.251475617783214,-20.518251567973003,-18.00533399501844,-19.296965367828058,-16.16838712632044,-26.056889556348594,-12.485028517799243,-17.47019135709507,-22.44447861917154,-18.270016538053834,-19.42741074923773,-21.449061590431604,-18.882000113521464,-23.450434427590395,-17.084627643467737,-15.995044092283182,-23.715317737998642,-27.649195905032016,-22.2051652833045,-16.40552621940322,-18.030526143209585,-19.816235151510934,-22.77687087862296,-19.870585077906007,-25.202238314424243,-25.461643780768163,-29.83659304653859,-24.659716224077982,-23.252312964429013,-20.52010847847003
-12.140012750261779,-19.023390826516675,-9.735426587273185,-15.856191540256285,-9.709387420748348,-13.724930205578975,-7.9471630082182445,-16.118024528266254,-8.105375751648523,-14.502615422646898,-14.345495752912068,-11.011439875307769,-13.054657999247134,-9.515646675174784,-21.37734216588933,-26.184648225549587,-19.42746922758112,-6.657919805330376,-17.022310585572882,-17.795798091311358,-27.005924631492366,-13.279223085155497,-23.020777143695128,-15.413019996376859,-24.44130801740481,-21.15837993952118,-20.9858394576074,-6.5255017249452125,-16.03536230815565,-29.927337941696393,-20.942878414131457,-13.37801338875384
0.47000453117648283,-14.027923604295568,1.4931594122510417,-7.990514420568529,-2.3341646159761797,1.292426681838665,7.885578581449182,-0.538674514189592,5.912984512323467,-1.1231073737263446,-8.343577529519797,-1.7314521888482095,2.461663857665477,2.500876163790052,-7.608000078327744,-11.126846389494865,-7.910500687678735,3.5278202269443106,-10.76565392001249,-3.117583676222489,-17.10894198234921,3.788419777950222,-6.464741336325184,0.4349389511178084,-22.9636680417985,-8.680396212384437,-9.626309025449988,2.997730223636911,-5.855874659974113,-8.300113753810116,-17.43842649475871,-0.5768302434523043
17.87558472196044,5.627683204543179,17.101030581410196,9.00331597703725,14.09758876986305,18.285188856774564,18.00366231518946,16.612527259116735,15.201724965057014,10.80270296766162,6.293950331743935,16.74101353607101,14.196243394276445,14.54200160764294,9.56450285496525,7.82296520884178,2.2660505727614346,20.816136245098637,8.762369054878334,10.015034499504148,-2.4229804651746916,16.438146956954014,4.7470877204774915,15.263655182953569,-4.1264770020428845,3.0131194759820987,12.22799600110629,17.01797574315764,12.21298337399211,4.4332649885595234,4.204622190953286,17.912133714090185
24.371187556080407,19.79512782518511,25.719534629718076,21.676476974098836,28.347156985432214,27.91916879717488,29.388357060617682,29.94268711887983,28.093220063537007,18.38906506308713,14.398082638395117,22.103917571050193,31.047661422879557,28.194174742299477,20.383295630358123,23.557134834604515,21.967590236032404,32.62801818580043,25.459792039404416,16.594701128553975,13.472825110209644,29.81184136346796,18.385791926208928,27.747548615413134,8.290198365465596,24.898071255775655,22.264164355670257,35.32006735687104,28.671971393526988,14.764871329715783,20.2483950728669,27.16009124267204
33.98866922518421,30.614223078712307,33.37811623007132,35.40100093404203,34.88493386583899,35.132004323496304,39.45027277284643,25.92995685398186,35.645452513002354,27.78704645269115,29.85440348301494,38.17930712549232,34.840357147900534,44.43765876363979,32.05371382961018,28.483232551636835,27.86683884390386,36.644239628517425,28.86247395568543,32.05783395065219,25.751946798448607,37.55331866825843,23.429600498065156,41.39209905448516,26.0771655549941,29.319221686266882,39.93078407079616,33.27115794032783,35.172951452371436,30.016351482936926,25.749966753901752,33.656370782312166
24.53595557901703,21.684052888364484,29.666283724975465,35.38832716077991,32.20956271567678,29.33776466339527,30.01768808316324,24.08346426657787,27.513442002396836,31.553220067709344,32.90020351894131,27.03382149337639,25.645199014653734,31.79237362132907,33.61138006269925,29.76635969882275,30.475247447206307,26.889205304625335,31.56182355391423,30.552417503355592,32.653524977411585,34.17984216630017,27.548214145065554,32.782045976117345,30.810598084837505,30.593240369497348,32.08058791788101,24.036707323987784,25.89291311081605,33.817192549125465,31.035520595187343,28.231364305811407
19.875513933532186,24.460387867431614,18.27741737730147,25.30985915379667,18.088070509450947,17.04667026616468,17.135225543998732,13.839949138396095,19.478260698315562,21.610727800408885,23.127740146574876,12.771125681438887,12.624275619996897,18.209352225736026,22.019991545825626,21.659694824873192,15.412457426634624,10.609912103333482,22.702805669575177,20.69694645097368,26.26042856696719,14.557683674009365,29.264087454173385,20.30939782864627,26.879533437959417,25.329111216579573,18.444216314440848,15.174162868079325,19.36026710007831,25.710710054599417,24.841430584672096,15.517459760688917
2.449153241763047,16.12135834966556,-0.9611574273148624,4.069017947586505,5.980123609581721,5.337400160370096,5.093486523136565,6.038269318129369,2.0861766442166174,13.035035984187534,13.793397380398444,0.31313333002420507,8.871360423363111,1.7610325607912707,12.170746643114976,15.702517008787432,15.697098450295513,-1.9481880400321396,6.641909773149829,18.61253254950049,21.789087488270223,3.2298862619528372,16.688106831229355,7.254506960532125,23.933464154083286,12.239733731026911,9.68749891181281,-0.2808097425964473,9.716522284448338,18.19013029172618,15.829310914751217,5.836614882778047
-6.003578634464205,4.725500604547676,-6.540670561704492,-4.423345313306109,-3.556748652295627,-5.679263809786893,-7.4115542345694125,-0.12757676364628712,-12.00677546157704,3.853742689815998,12.990048277570855,-5.396249561808541,-8.990891978393389,-15.785343587712152,-2.1818192385378197,4.266173800458552,5.526167776486797,-12.143414317028716,3.6043616729037513,3.7422120444858753,11.839377383526012,-2.8286651838233987,14.426964450159982,-7.257209874780349,14.93861247677482,3.8112929376508333,-0.3955622618477978,-10.100992329241185,-1.7302425848933518,7.082170163286639,5.752139438108796,-11.882561657643922
-20.137015898386053,-4.812094826113348,-14.9093364816149,-12.715432321406452,-20.210640758627044,-16.726072428677593,-20.038599067015323,-9.166645585234864,-14.880771451392773,-7.572370085514336,-0.40507179459697845,-15.468583674349395,-23.194651856631996,-14.203380355381617,-5.273892859068414,-2.2472118663303693,-4.802508162622988,-21.009427333154793,-9.831058604658157,-9.606896984996382,4.26206095287387,-18.35342200397697,3.7345587611240725,-10.343686035123419,6.424714101604206,-4.980864466940615,-1.1444566653684922,-14.345638313594002,-11.694288898441055,-3.4914033656106302,-5.407153186746748,-13.45510472274551
-22.221289130715707,-13.775907240867545,-17.597886532073318,-14.613567703730544,-17.22008077013875,-20.58518471514677,-21.675069878199583,-13.875260028967432,-16.18812396338812,-15.460556924292423,-10.595707277538077,-17.864871137722464,-22.614988856093976,-18.399763363215186,-20.8606199337529,-12.736004458177852,-14.645924076893255,-19.31317819996126,-14.582865512334301,-17.81310872185637,-13.245762695921869,-19.899797716837938,-11.885949897864915,-16.56340351945992,-8.770118540628562,-10.275718794017497,-16.858181426637383,-23.858174303131218,-18.257138754039755,-5.294231873664084,-17.396815834361185,-14.054909429570207
-25.23127817859013,-19.469185058367895,-21.555919647296605,-25.77653810706957,-22.22680592321447,-20.121753449633836,-22.40977446548709,-17.342648943552746,-21.142827686565457,-23.158619075272977,-17.484004449034693,-20.79880241329589,-22.44517811759514,-19.60221686441871,-18.893367015264076,-18.239109987216708,-20.180292472832033,-22.761971871804377,-21.69047377409016,-27.8657742651938,-18.95908204902036,-22.49397448866497,-24.91214028181033,-17.487151297175842,-21.276074860071386,-20.604139987318746,-12.351008355420076,-17.380448373374932,-22.404709656740955,-19.785212762492836,-20.08604919167571,-20.265466771765517
-22.192770888474225,-24.090673348669416,-19.08275881283365,-25.01794720698111,-24.92728058692353,-22.851619447560466,-18.127321030863037,-16.048539035819918,-17.780344857763215,-22.78988208816283,-30.580374202526674,-23.927815282750775,-23.507891579664232,-20.078135172795083,-25.591550910605655,-26.968726619276314,-24.98610089607557,-23.971806311343855,-19.921866313365207,-31.719034323108293,-25.524192238458546,-14.362171417905845,-27.419347132693872,-19.66018275463992,-25.5034180075409,-33.00753651355116,-19.81277220323232,-15.66732450225145,-21.348219378415774,-26.0047306722661,-33.405476887215386,-19.965333947229254
-12.100224939885168,-30.656707091582046,-11.062492206732898,-19.382473097255122,-15.800461827909034,-21.005644403590715,-20.23535946616093,-14.077448874820366,-13.73559917171412,-22.621965370784423,-26.7142150334651,-15.280589694991127,-23.658594769842455,-13.093294722523456,-28.600977415493055,-23.3577889396707,-22.903375637634667,-13.119532784983758,-25.592279653824306,-27.582829263096755,-27.47445424998829,-8.875077822209175,-34.28170056414137,-18.424198867383062,-33.06962398268141,-25.50034326377723,-15.367071532620134,-10.69646224627623,-16.564094511410524,-30.11606262919342,-26.346414975970568,-16.161898997955152
-5.574427093548167,-23.698566263036774,-4.2923376596034695,-11.190714721538633,-12.599037812212364,-4.004674618840072,1.5560040745899264,-3.486808569643771,-2.1511953886577606,-10.482434651114309,-21.938613778034476,-4.756703583586221,-7.085874709428655,1.9478216022067758,-18.20619969420191,-9.243088972002301,-8.595413330466744,-2.5688453309831343,-9.935895070888158,-16.664701264312143,-16.692459497728642,-5.491897234160901,-18.088887690360302,-0.4939731372850639,-21.20535572615569,-19.055652070839276,-7.511574300920978,-0.3374714438852732,-3.5801096351324864,-16.657242859201197,-18.937966607145537,-10.042207553403573
7.996804528765342,-8.986662622816835,5.028668694483825,10.799585051494331,9.381356188558128,4.964786483845683,3.5214708797925725,15.471134725441228,12.393305050307315,0.341776241727745,-5.6802060804121375,10.082411933446757,10.406067298472328,11.279174002606572,1.3799654277663647,-1.0671315482281805,-5.468573165939615,13.929904650859127,6.513823427156543,2.167800575000005,-1.0044339416240342,10.65181708496718,-7.851613518340249,10.464168251150278,-9.328868222983166,-7.550936332887118,7.067952368462428,8.11284435116708,7.488595937830748,-6.46492284859438,1.482761907123269,11.704208266584942
15.933793078383422,10.192765635202177,23.209867180568676,23.106070127675263,6.481740072906456,22.16007697181397,17.295324311568006,19.701579285339534,15.861970119206745,12.689614365150158,7.551759236790623,22.864976204258802,17.710499124400243,18.48586830720897,13.872515138116826,12.622274572567568,15.732736180804887,23.090911728279526,19.445248621894443,7.282956460780508,8.272196112484044,25.006652695773735,6.6130997346903015,17.63417839951928,4.797151833633019,9.201505921043337,19.910318055912196,26.259197108267117,16.407628596516673,8.050294331232031,8.171130966328858,21.93584736104824
19.36990880298585,17.861723751080913,23.030235825411705,24.571072117542435,22.629731769780044,21.508275746423422,24.26309920379774,16.610930487611995,21.334175734715803,24.001207981268166,21.25194915991409,21.621359688571918,22.335026864497905,18.903654551617713,20.221933751111745,14.926884639215263,18.535690016849756,22.69166040075159,23.443794701475976,15.446512543538779,17.760360356881186,21.22402731089581,12.908792080471386,16.86786151478129,21.208354015079326,21.574113562745442,24.491060203874852,22.68233729752073,17.292169525464352,15.401825322394789,17.674248101890573,15.499629500213537
18.65772259971743,20.231419631578397,15.582438576286716,22.27939366353505,18.352893916964753,12.064170231394971,19.32666629262257,15.74126962944328,12.902860113413162,20.23102719627308,22.040070919367206,11.853764605188777,14.992302387352654,6.867328707365298,22.25018235614328,13.21812208711992,15.721199116835374,12.05131036152743,16.727394411788854,18.383931283615663,19.819152491153297,15.141131154298852,19.148809165518088,11.742691579555842,22.148656396087702,21.675313094021227,19.356239775830637,17.550752122619,12.91662437194583,9.223009040326167,19.45309551058258,17.695052698537555
3.8959496413011987,19.27832493730039,4.784478933145349,9.736494426606841,6.242859406857388,1.1110440258332057,7.120686800444503,-3.3006477039951334,2.7998473159926904,10.42238425172269,18.9654730614044,2.4183250610268523,10.195773259956383,6.167838855456876,21.254300095189144,11.13501952406588,13.823811740329264,2.353096252446643,5.646599428500424,16.98787932519123,16.025106074448786,4.145438510608703,16.28122392096147,2.859004608734636,16.84275333229635,22.94434256937724,5.657160891719177,0.5459063855197279,3.6388564003383266,13.774598623695086,16.100073547736105,7.84973634124042
6.6462082266869205,8.829653707659164,-7.180079410920785,-5.700441755255216,-3.441071478385415,-10.089613331524966,-5.754606893090009,-3.407504066259788,-9.95312934798449,-1.9865525803459936,11.32932093635077,-4.577584720468651,-3.6381285669531485,-5.774037651477449,6.075209940342827,5.978693281766484,-0.5476305370542129,-11.122586626944885,3.2931079503494125,6.591468625889433,3.091907352809159,-10.110879613134344,11.434122602840214,-5.504409008016599,10.988216653913423,3.4699648892311026,-1.1323126412721525,-10.379356147646746,0.1894571015904828,7.2100299860956,5.616241142146523,-11.17826343286082
-8.272931031265488,7.0939812789573535,-14.581188386439718,-5.631732723008261,-5.956790735390516,-16.1031951219999,-14.189098685304874,-11.857441809991634,-14.900618673794336,-7.742070437677502,2.3220081070957135,-13.43483171682131,-8.454380784487626,-19.709128285727097,-2.5508787241491553,-7.532132035568114,-4.037167819136543,-7.096574124859576,-5.776790300295194,0.3881951031951861,1.6016344034856262,-21.38857710747195,3.194743053484426,-11.214226925510497,5.321896859971538,1.269601822553367,-10.836534622613321,-13.81298556924736,-3.8333199407569976,2.248273216330443,0.7414415111374486,-14.759885795294906
-18.68009479086766,-0.3305837685780696,-17.601123414772086,-16.085659265435662,-10.943246510061448,-17.851169215996805,-17.574405356799037,-17.67814421571606,-19.57164534623047,-10.239311539321923,-3.385925800368384,-10.788061075673538,-6.101062927127969,-18.514006705435968,-2.417950971534296,-5.5761751645077675,-16.372116359631104,-12.745928691190569,-13.749984374796444,-2.0452417848162514,-11.178826301459804,-24.106669769317897,0.22599888034603532,-16.425055405279593,-1.7216842064325903,0.21948523594465752,-14.912675530424323,-21.84403172873754,-7.459252372510171,-2.7727553977192176,-6.857042961066998,-24.680302368661167
-13.95876736477818,-6.675997630122727,-23.41344424579574,-20.45013882779488,-14.206147325518812,-21.647084163478784,-12.916986183758713,-25.670204726100344,-17.711326479628408,-15.744897285860448,-10.461755569424279,-16.14079540950924,-13.869785807682964,-20.912286506317805,-11.346996751300143,-15.002299425485745,-18.173622419515223,-12.769745510293088,-19.965441764601938,-10.672301504758662,-9.761572727312174,-23.38238572488341,-9.13744742969543,-22.990185598234486,-9.608525052529926,-14.184302274562457,-17.965457241167158,-21.83627741890901,-18.893385749178194,-15.396613824348883,-10.294549578480922,-17.64524325715801
-14.817647344886671,-15.060719247430628,-18.403147464194728,-19.329195123327285,-16.575235161463016,-16.504044095170325,-16.324275813807812,-14.02719929778778,-13.96326944365085,-16.37759888519903,-14.442140787300204,-21.605833883538576,-14.7444809938121,-19.252512740798096,-14.70523365369112,-25.696098223214197,-23.770797437504253,-16.88962744209466,-17.62406179604988,-17.927888000953065,-17.000584468240646,-18.74013120361728,-14.305797043624464,-19.07550399543054,-15.587298035472966,-14.96588862194965,-18.279929807127736,-16.709753151989684,-24.777283566791457,-17.758606036391846,-13.28929487633283,-16.228169991670633
-13.494508968007143,-21.262850188719163,-6.318494212491636,-13.908054746277084,-13.683205328249077,-17.354002957317835,-15.068034493490163,-12.332061885435357,-9.3409607750891,-17.017123853373608,-25.999398596102914,-13.973046819168383,-13.121776101656664,-12.344162878931417,-21.049128077909455,-21.191015678940158,-22.983406465609736,-4.914052722287842,-15.178104499154653,-20.510972651718003,-30.249291577163326,-9.794576591312756,-23.086874520661272,-14.852633734936155,-22.32120180502865,-22.352583681445346,-20.252552603222714,-8.450904257708647,-17.673180209740412,-21.528884195753022,-18.679453070374333,-16.734133892550922
-2.263492250176923,-17.2539491710126,2.0307382360444857,-9.95576776068518,-7.19524497956095,-5.961252985678534,-2.001074380302655,-8.631196943475269,-2.3576061882740897,-8.66153846934402,-20.81006476240359,-4.059147505522296,-2.451363832951739,-6.454719822659961,-17.661905719002505,-11.230743890574155,-20.10010160961211,6.1840737412169196,-6.8248000609276405,-7.504368847571729,-20.352185185832077,-9.496703564388769,-17.89733824276085,-10.210442808521838,-20.725165681896684,-14.92638098156151,-12.62240249639135,-3.1865129040860185,-3.1174839898268316,-18.245785379720214,-13.88593854490054,-3.7361169279792388
9.63730981439208,-6.378462335413641,10.982065068820628,10.755972760218773,8.207196497541444,11.534092729166572,8.640928015734831,4.121557123496825,7.410836016809816,1.7544470737093327,-3.006012466723513,11.160315044706964,11.048241091382945,4.299545247433051,0.9200937648029722,3.140334980204617,-1.772144697002065,15.89911044090832,2.5068799981383267,-2.4296004259711994,-3.1006594554947196,7.30633046780627,-4.302736027361025,11.197496546920812,-12.46832523833546,-2.9470544775106426,3.212178003231685,14.373083350311195,7.569027475095776,-3.889549404130896,-2.7315463079605755,6.5065888060326005
20.413374677753097,7.65879658581524,25.099043715516977,23.823603869017013,20.030814207415972,30.498665924604577,23.69970270176084,33.105944541025586,21.404265986827983,13.27608331381041,10.5239293491737,16.90093351863253,24.064169304117755,23.77801139723636,11.164598991399943,14.808831030941242,21.524152821454493,27.56856124566246,21.046489054906534,17.491934890149466,8.754924242688373,22.726015132640917,15.545382933103959,20.127929995370124,0.31905406203749154,5.197942660031999,22.122128495331474,27.470667022287618,22.656736356423377,8.588352418640747,8.402540470234923,19.637447391943926
30.24698293440162,19.05466442946637,36.11921051889706,30.583939046619527,33.62877273155535,33.060335256508466,29.532532633359533,33.79261751141705,33.10557291509292,35.69157462333684,20.44505196738332,36.092019176567426,34.81127047724044,38.856368364648326,25.119975534239433,28.341934266309785,31.630766204361393,30.318605384837777,30.50258856739759,21.713777695726968,20.204953592495404,30.008025229270032,23.99230695803784,34.58465819582696,16.964045287007586,26.26221273461982,30.809986923499082,41.5698660402532,32.52370815826121,19.667583462901504,32.32934655312868,24.055360733847696
28.26563909807118,23.340894149541327,32.53008995231659,36.65711637623029,33.12449040764728,33.2197483317668,27.92939697817147,29.23064023168067,30.689434147252246,35.2276021661281,32.6359543679735,31.795913729787962,30.602533961274695,33.43748483463441,24.466626300652177,30.93994518669139,31.118797847385675,27.75253960532152,30.44422963961474,33.17839402321984,33.323841583254634,33.01395636067327,23.891474250776565,35.263883549617276,34.96752976511227,31.901390935338405,38.09207525581626,28.19386935061239,30.063507641880726,27.711596687638608,25.04120347577679,39.42307032747591
22.530662838672594,27.176371432172818,29.76975227152503,19.18941308786162,23.86451538126237,16.8176718969743,19.128797016757762,18.24843798527646,20.68601023882574,24.912572104016743,22.29859371866531,20.441849052461308,21.95801107899005,27.25945884436072,25.50774678951049,23.376680522000076,29.475413206994524,19.332479771908798,23.300560417623746,21.302161028065825,30.08273986219041,24.898920103197028,24.630597077947275,20.581074996953156,28.432162507924694,27.241634129401728,30.487994328628194,18.327531332118962,26.00985040642773,26.227119181993782,29.055606649620763,25.851552717854844
6.1731608870328385,18.219339469323256,10.612340076545937,12.828215226664536,9.849679685336607,3.857129337580259,-2.061007385885566,5.526539075752923,8.457167028294348,5.23514476291897,18.5866241584316,5.0504962991291364,4.0144932739330565,5.085826804903292,12.079698535999135,16.468068725758528,18.694039914299772,6.33513672282304,10.472734287533974,14.473856797660325,21.924532771586072,10.07529587131515,15.88552116936914,10.995174481563005,21.144401853351212,14.889806012450265,15.902759532961749,5.613281786805394,6.869616453110361,20.34542732374141,17.839874731392513,4.926519658918158
-7.95294150368192,4.275314854275313,-4.873138657827446,6.720002797940636,-1.727461728756111,-3.568426326300727,-7.652270820846177,-3.052965858724708,-9.95108655171549,3.8132464309015552,8.162954466466358,-10.363966238405029,-5.155462624937898,1.7504250268144972,1.6641441141723028,15.325929567748734,1.6198682007050744,-8.000730382711984,5.8036657755026555,5.595499787736635,8.309174595506882,1.3834689129400826,9.212209793814752,-4.108702694213741,17.433134256574775,8.00242557789413,-4.265024856373615,-4.886482494186913,-0.8494463571440825,10.318482819690269,3.3892260236535305,-2.771462938501483
-16.844090284788287,2.1921746537860805,-20.125042054520783,-15.58615239596076,-14.201803898096106,-13.165994908841556,-22.93868241171725,-13.047077653369904,-21.244916140150654,-12.300845064875375,2.041446169980911,-9.968797332679237,-20.631670292337684,-11.079919637552555,-1.301252977716888,0.37569840380816205,1.9903352056479395,-20.499947911541124,-2.3445303689571197,-1.2979548588986909,1.3618639581956629,-12.754456451840356,-0.6602337965574697,-11.186205551270724,6.316358830687907,-5.041110100510063,-12.176601603372871,-14.479906290778494,-10.178542860441517,2.229071170986621,-3.5996720781276497,-8.587635471148324
-18.667457028627922,-12.327132845194086,-26.747831394139293,-16.53082414047075,-21.623755357413007,-14.701850875778579,-19.98435474001965,-17.536489233367135,-27.016605504672324,-16.233794071448134,-4.1640914615624105,-18.32307288091852,-23.527955778255247,-21.73204688481797,-14.01025412329852,-6.085789124558084,-10.972224879307738,-22.45257748478788,-15.014766104654353,-15.245198701719286,-1.1489648670305739,-28.352380288910258,-9.457057941295272,-20.390483436986713,-2.1127579111540697,-12.253795124188356,-15.483565719932196,-15.34518005929327,-16.0362737642287,-7.547019340110128,-8.728757114490197,-22.83336362959414
-27.81476390449285,-19.24472948542818,-21.30192730133285,-21.831642762472764,-28.914205725009868,-23.555275211443142,-21.652676716788616,-23.57275269983225,-22.288279393453454,-19.87526723447312,-18.26179958249444,-25.884208403286834,-29.83129011519741,-17.530087537247603,-24.313115926556407,-18.03624349452682,-20.484145536236092,-25.998992330399314,-23.848519508968916,-21.653983688085486,-16.20768486897905,-22.169151981788747,-16.36716365603456,-21.685939819017747,-18.262533664828986,-21.729796615548604,-18.51786524822427,-25.742698259141427,-22.06878929702371,-17.553904336324557,-19.53783466486454,-21.271247444352085
-25.685496696788842,-27.35509020525858,-28.056198431290397,-28.560506267148384,-23.32015586759865,-30.42508497540883,-26.253435170821692,-29.102117155465066,-20.774832574425222,-33.498709878455074,-33.775329782123386,-26.65822864466372,-25.622036820822498,-23.035622889562937,-27.425154985055595,-23.719749545934132,-27.902325462334865,-24.80003452428376,-28.27368344449465,-32.14599031883676,-26.922028653224316,-23.184146190528956,-27.886024716436022,-23.514685238843832,-22.92660735511121,-26.79078596244834,-27.039918540911174,-23.356962174182005,-28.502716715533918,-28.81996576923971,-26.617262533187308,-25.07640431411608
-23.54771682907084,-34.78615099389925,-21.205975350071455,-25.97732315499509,-21.434765350763406,-26.30789349024611,-24.482999828768172,-15.628057114316503,-22.35303141826106,-28.35054030975108,-29.71429100406129,-21.769647521364313,-15.02408351362863,-19.07454783178493,-29.503109775780313,-25.73730592028269,-26.373901291337866,-16.359778333112516,-28.156624367633842,-32.016693112386456,-27.633636157851335,-19.11388707399825,-37.06589864149147,-22.371811523308924,-34.032933100199976,-25.499479927171635,-24.395985041443016,-16.04102185162682,-28.03435679071878,-35.566625247522595,-29.120411010796296,-24.060515873406178
-13.920489762983813,-28.912108089204455,-13.025990756166197,-18.20233339715264,-17.299089731804848,-7.757691848286164,-10.04777865333829,-13.370230261414221,-8.64127198439507,-19.184564112625736,-23.240328651789177,-17.943020620742157,-8.768115768399166,-13.377632763113075,-20.349506292789716,-20.347295696990443,-25.05880239343003,-11.776964984696502,-21.180325852957353,-24.9303756036915,-24.2717707325913,-13.945242666546259,-22.490586953331167,-12.537075716882,-27.987841412444705,-20.640211102692163,-17.3374976355174,-10.416535529326943,-13.847893181835984,-27.554253651456076,-27.1723034638678,-11.51083379620649
2.688145726719599,-13.028345645724448,4.093930029983516,-2.446826664631731,-2.1902471897425766,7.952313919583971,5.172572695036743,9.882193789690035,4.222673184451474,-6.919757681941558,-12.857284650324912,0.4062553752751831,-0.5899249123997112,1.509391500022703,-5.262461473795923,-10.82123974007493,-9.884215570792588,5.387370856383327,-5.366430425024808,-6.130337427338968,-18.112145173517526,1.5121150268070385,-11.715498083525464,3.142100192286944,-17.738564241809787,-13.414262290084197,-10.058394805714542,1.1576744444141442,-2.540130986046139,-16.010930357144957,-12.407873359122487,0.1201235141281512
21.719059981280523,2.0969448699472566,19.300414970894714,15.520290948629798,14.322733748922833,14.213310404612306,15.319881733608518,12.524155755362678,17.81445699709192,6.805272923224769,4.639454582924091,17.953408779093138,16.041516090417154,19.70903031332389,10.85274879112812,9.825419645636876,4.307444193529367,18.45192933777544,10.643928548300114,10.819394114379238,1.758247811313652,11.607087244551963,6.178727554616669,13.573249825717282,-6.409624801413452,8.077488410517345,12.576473042995186,17.48368676592119,12.510496709924558,-2.1512299405555066,9.084930069517833,10.069555642458365
29.608237167252014,13.582083734757147,20.918198827607245,18.85968136919376,27.61891949840473,21.985120536589744,27.13220708832411,21.581993450627674,21.916119115609877,12.701433951045084,16.936254914826307,22.976992883758793,29.186396553760346,23.300344645343504,21.12265977837371,18.19189758332752,18.72130549740966,26.65954843366271,17.016285472069235,19.136317859082432,10.984462756692464,19.744123023066358,13.163195652310907,19.23711196790636,14.544252565842724,17.868336162776686,21.464510611256166,24.501313618549045,19.778701075056727,16.050271072145055,17.97362121828525,25.72261702890795
28.254875253538252,20.042313898142158,20.005321182196376,24.6008746792317,22.274331490524165,23.600490556779683,23.468961263230074,18.618430795820863,24.3331463743714,23.984487571738317,23.157435652624905,25.607804701148208,28.230957251288608,21.531062400991548,24.570197365703518,18.615478651255707,23.8711567389437,27.701275902156024,19.774755463408393,26.054400669458996,17.7286307353297,23.9297175768512,22.553903381168023,23.94196328862918,18.6155171062252,29.292391004786506,21.598126125124487,20.086361329281214,22.946524525857246,21.032274447745333,22.34140203110575,22.72291117112188
17.305753612059895,23.410598183142174,11.940724483030056,14.341334273272167,20.271666496708107,8.687712925469341,17.59179676106977,8.078876846404992,17.247070234145692,19.34195724065559,22.146652814453006,10.884859662032257,16.72204195327567,8.708445931847551,22.128892331158692,15.27263641299502,13.10790457556655,13.17349414317134,9.64288834043128,28.02554090277782,19.150227230934142,15.251492270479362,19.406907732218787,13.814463391378567,14.287796857097868,17.75390216450891,14.70470696625849,17.16780677268799,14.518132136916309,22.935828794149007,16.287822004909952,9.741636344676499
8.250566336608884,16.134061536735533,5.793100188214435,6.800678353876995,4.726096231714562,4.966879405005252,8.877102231430877,0.16305204579392663,5.003654523041837,11.17500876434913,14.662679664033583,0.8658965209999742,2.6777069192997045,1.477189760432309,11.52893287078643,5.228907769324207,3.9282205472082463,1.8274934937855156,7.3916434851729305,13.27463837863651,13.314896319700164,-2.686183416250368,19.03161653512249,-0.23401640608887664,12.791300291937903,14.932357189548021,3.8807269421359867,-5.094142832670466,3.598327011983022,17.763062372218286,9.982701061102233,1.806772014550267
-6.246215208815059,14.44433165011706,-9.950220459611918,-2.232437897090757,-4.112625626711413,-8.704233847839994,-2.950341408763369,-9.786623058193365,-9.478554766446116,0.9680797083948902,12.184493143927172,-5.119646438128987,-6.529223644173154,-9.718731885561718,8.676550452341939,-0.6805344060991702,-1.428882518567367,-9.37368998962115,-2.0383459697050905,6.583028307326214,-0.594075930337169,-7.238148177550708,16.45324347432343,-6.172179229192375,8.739722228834685,7.389603445209314,-1.8059551551942332,-6.4056217893718665,-2.7930264770222553,10.971065618752267,13.49310568962715,-9.101689497812465
-14.497568009180926,1.974060482082757,-13.004886348697756,-9.769401054208515,-10.432560624484058,-12.449927920792394,-12.512716420197815,-18.4205509471089,-11.50669606762975,-7.779348476784796,8.883414732453407,-11.437644274665615,-6.587857099519033,-21.30354067888796,0.13710640752685488,-0.9101325124485395,-2.997367839792285,-13.659608995224579,-10.97953024903391,0.156462976911753,2.367069172203468,-15.186007522267355,6.357596187398407,-12.908592756538454,8.507809755212369,0.7778824575274725,-6.759114345774931,-17.766175359230587,-16.16955052427299,-1.0504780617130156,0.7395205477418891,-8.724020152446162
-16.656470769599167,-2.6556264940378087,-9.688380664278228,-15.141682341956711,-16.119755782955316,-12.347969421880416,-19.12492505362921,-16.05239887842462,-13.153014114091063,-9.693387008088392,-5.14117075413064,-10.92761955310802,-12.388199781093629,-16.43623039051328,-9.96772215335157,-9.07232548561133,-10.663108957121846,-12.701411843173554,-10.27943399361675,-5.088868359951897,-1.7917012482531063,-12.014372748607089,-3.1669957360222303,-11.123422557753468,-3.165599775766141,-9.425752461384999,-13.796436643162755,-20.158797631689257,-8.852401682001172,-5.716501041994057,-3.2557224815829033,-14.6302767027903
-14.889396894128206,-11.360744657566952,-6.598618931121832,-14.566746520903429,-14.856443240276167,-13.956229708277984,-6.102526710208194,-20.239265744251707,-14.214601955394883,-16.010902478849882,-12.5368956225132,-11.339539785598296,-13.45663544917445,-16.886981413335715,-15.89797410816211,-17.77638948095844,-10.344081045605126,-9.23093821295765,-16.57721995355362,-11.534832894678635,-11.62973444797709,-20.95960170342275,-16.577830333697364,-13.728598060730656,-7.093012149945866,-7.326191329696934,-12.537003772558377,-13.968897358302629,-15.422010173019897,-13.372186455904268,-14.20175379669843,-16.31913445716244
-12.219928839501245,-18.22937775331839,-16.09984300548294,-9.562978397082649,-17.928637934462596,-14.389729994379447,-12.793637991201063,-13.228329457988302,-12.718123855226525,-16.811903466601184,-18.651488189357693,-17.948380237444432,-14.907201724739195,-15.011166808851964,-19.801058063740236,-28.753499206318807,-16.664150460834705,-7.751555376762501,-19.510262379100862,-24.514440977164895,-19.68771756619815,-13.011020399645068,-14.94931755776278,-13.553485039116275,-15.80159470600658,-14.613779350244496,-19.77723349087562,-14.85997320953959,-20.47421092444116,-17.55279187694661,-20.935311374761554,-15.213388980502382
-17.612369938161635,-21.393908234970226,-9.627493199519554,-17.52080282414325,-13.527306665690396,-12.495428378505721,-9.158720379626658,-11.902634343722411,-7.020748417483982,-17.31820962072449,-22.93190494426213,-17.13111289896404,-10.663844088000674,-10.114620046579445,-15.503512461651049,-15.10861691743715,-18.047297929478336,-6.511773172571083,-11.710422201054866,-18.5632641538288,-15.363329433536004,-6.238862603257178,-22.442538799944504,-10.191024227813084,-16.477016566457888,-24.79048150733378,-16.70337118437504,-5.898685877583045,-9.566224096854922,-22.437299936821027,-17.79352557441351,-6.89537560771965
2.300992129661748,-9.545611426216901,-0.42872681983417177,-5.415383498654249,-5.581752759901726,6.002123883135775,-3.2519419277889465,8.600572203959082,7.6925731288316825,-5.102319670119557,-9.980263017901535,3.725363609930883,-2.9210609915500543,2.4933369909048713,-5.9975423490815505,-5.227124019252239,-6.818041567579958,4.908434106544662,1.6462979070043737,-14.980695175103083,-13.392909080655455,-2.0383364655906937,-12.511669315686564,0.8748766447689531,-14.292538973070451,-8.201413979992981,1.0682112871900062,3.6288289241807177,-1.3690404622416354,-15.923596811009853,-14.869652797868412,0.6103622018606636
6.535029639421358,0.5349406019272616,14.998031025074075,10.154687247278805,9.93233881422191,15.358982358640947,9.547180196112064,13.31706921272456,16.95519405707724,10.082381562683512,3.312889167911428,21.34660459278892,13.587190902055937,17.36568413003952,6.4265393847217265,4.267245582156952,5.14554365469187,14.466600012314823,12.918059665334441,-0.029542037637620144,-4.2021890911328565,17.333312279220472,2.4529868922098466,15.112290816312782,-8.83520280173301,-1.5646468976834624,17.07198904934483,16.964859439438076,12.627575117842635,4.477902600456325,6.50514452349053,14.117164868763842
29.85507622783218,15.140329429691677,22.98331139047481,22.529883634522058,17.830228292295736,32.766656314225656,24.537514618619056,28.62887583828138,28.573243184935016,14.11442607116541,9.988698226391708,19.104124142143352,23.773362958629527,29.930658888669782,16.95558864109751,20.209188102907216,22.160603479918894,25.929438454852296,24.84594229796698,16.112633749944536,16.28533560928349,24.999004157635905,8.90277694707843,24.834981219703725,4.922238756368218,17.157975341031623,21.76390460742217,26.85185522616871,26.102212200365166,14.426462335360185,21.046642451226923,27.957379267524352
26.207328417578392,19.522367165717323,37.83394730624191,34.13060462216099,25.583766378898567,29.907190406718136,35.47376753374888,34.70642428359186,29.41550165670554,29.230949204404762,20.64074666680694,33.955409581094436,28.230527987567687,33.56961890032163,21.823258846586192,26.389502217418947,28.449824709953425,30.157139189588257,31.62436866433389,20.180163863584024,27.008023346767175,36.12937721063839,21.921157644053523,35.473935866934795,24.69014914417758,23.925656149972436,31.553281263948747,27.744674178382443,28.71269043025905,21.392683434873668,22.83232492878755,36.39691901362633
23.82536225540559,23.14313476522379,32.06181661056265,29.616552057358028,27.593988076591472,23.990218612713594,24.874492238984836,26.95218132195849,21.049038613320565,29.341338006322502,22.054326173457508,26.67139602175358,25.02318704680973,30.24423638447326,22.79151257060003,30.43008281925686,29.243951918062372,17.1085344047827,27.283515983674175,22.53547782938359,27.774198254966443,35.43359330091291,22.074244633816733,29.71029152528908,29.22009046914878,31.05457279336978,28.824289269319507,22.60295267017837,23.544742503955085,28.22588123927062,27.424753181321723,30.7722854175299
10.027771323850482,19.279449675260707,14.673984558642232,14.327013673555891,17.770561630388165,13.502884640983623,7.271889833976546,14.772508928984404,10.833872688752297,23.337386529308503,17.82631312209586,21.32921236808961,5.636652069582341,18.918026384042793,16.487321834182225,17.32707765346888,21.914736470501595,3.1684490483467878,17.721229382466618,15.91541457552496,24.126391628566743,19.680240407693987,15.189572549062794,18.427338107363823,21.496174044244945,12.680111411677228,23.17361652833042,9.421131249045798,14.321548924139547,21.600848423283576,20.272820874141868,11.555713498189283
-4.565456706029233,7.60841228215948,-4.850544141517265,-1.9365196470867028,-3.3421020732102753,-5.049447298373243,0.9855480136653958,9.480274925492743,-9.072374258644075,-0.3892211193415923,8.985942641246812,3.1856812500785123,-3.6162371035759864,-0.5619067355832992,10.133271629729485,8.137358883652002,9.920694433210498,-8.553615176972562,6.947572743440257,10.974581260449519,14.080950116279498,-0.32611551180994197,16.525778878132186,1.5755950262362342,16.81664742199101,8.750637449414787,0.3638957126849196,-4.402745786503565,-0.3183547563530116,12.810165274273247,4.149037500256341,2.0106732137910046
-8.924664267656361,-0.6829869021123226,-18.265482080094266,-5.318185966629587,-11.885009922063109,-13.403129273064236,-12.883101197795154,-5.866226845491906,-19.82567297176783,-3.2267783171961297,0.8114934780794284,-3.8626351877509113,-17.632651712316616,-13.274617114890614,-2.5514516163290866,-0.9454983684441285,1.0935929322870703,-14.020433081373898,0.7590502769329532,-2.231805045865513,6.38371954181122,-8.778340988361899,5.487723838479102,-10.885232751069823,8.04773112497763,1.7857553429711832,-7.333786958664683,-13.57149055994546,-7.067917968778145,9.035377972285186,-2.4205770579998047,-10.332750184067176
-19.655205792120732,-4.712507593481599,-26.124185285199516,-11.245043378557197,-18.66354550284824,-15.73824667254784,-16.18626501476396,-17.547633099326884,-23.406659360610977,-19.932205068057154,-4.566346423769743,-18.367005216771272,-24.262750610563725,-18.739422954144878,-7.9534205317900675,-3.7577069574891446,-11.944108692938768,-23.910934827171868,-8.094944821069612,-6.573188316626484,-10.88918511210694,-20.111718349158803,-3.8457949005325807,-22.960182306539895,-4.126627741306143,-9.933123679260145,-11.061908662140205,-23.763861968197002,-16.169601615662277,-6.617321087501883,-7.926564303122204,-15.539754617888415
-21.347531208752603,-11.576171250183497,-25.066336544890973,-24.50704364386889,-23.499700202654466,-26.539729232341223,-24.27158209960548,-23.182012022962173,-26.02523952608952,-23.862132994827224,-13.474024467376267,-28.708726426572834,-22.900350323315443,-22.47160372286264,-19.624043759239996,-21.93971929913891,-18.195557119251998,-27.506559253212796,-16.295295361823044,-24.26317927775581,-17.970577397312027,-19.23342634858163,-14.071048411033445,-16.93587010844005,-13.168856397195778,-17.482018113734394,-16.580564594591117,-27.488219297883965,-24.1450822174046,-9.674752612488668,-18.471196253034634,-23.688662800347924
-29.890871887872745,-25.494277832853204,-25.189860261912962,-28.493663098655315,-18.077714179430675,-27.096077979437403,-27.79395261848584,-25.11663894811985,-25.777483626748953,-28.945420888035198,-23.557737508645914,-31.11643692654189,-26.64417278937875,-27.80898281943966,-27.51031750404589,-26.58430398989557,-22.639084967515554,-27.010726171890987,-21.55777014168119,-30.76595504092412,-22.1102595094282,-26.628766859893368,-18.66981885543098,-29.930949696479644,-18.31979812994977,-26.619530757761922,-21.933177814022734,-26.150008833115375,-28.384484020421905,-25.17798842795352,-32.501563675782165,-25.6062131360045
-19.960567149709277,-35.54301013691672,-24.407033168774767,-27.30384154769331,-23.10248119813919,-23.335257561347245,-21.14472538248456,-25.740264746517596,-20.338492068541566,-25.71912336043431,-28.666891881669613,-25.432167787025335,-24.664351776845137,-18.65638714854097,-28.44340499064638,-28.785354049294394,-22.354517996904104,-24.81139304661001,-30.615380434805722,-32.98684830093778,-30.711036269331068,-20.553415901530876,-28.8302426588004,-26.970172774092756,-31.61583648049171,-26.9254652968084,-27.26570847879706,-24.250917824730738,-27.44468945806221,-35.27319288669723,-29.651325850536356,-19.666772998220257
-14.247646333952389,-30.836235011157044,-11.253322397023268,-20.2687885251111,-22.679442591789304,-22.285217702517464,-17.631062659206954,-16.74426363670502,-17.890705451296338,-29.610624732842737,-34.81215971350929,-21.561059005725987,-17.371411824726803,-14.068465081272034,-26.790337085827353,-24.255729562627646,-28.041343681668,-14.980316575573294,-24.13526912964974,-25.685991947204542,-30.787018969842098,-23.952843650019464,-27.01517178798094,-17.358147501822227,-32.708267847305706,-30.52431415952385,-29.193150802661435,-24.04646996454656,-22.601648018067795,-31.261413585812527,-25.741149697812254,-18.610247218155312
-3.1034590413885623,-19.238366832549655,-8.685230396551953,-11.906596344650804,-3.9243736188248715,-8.280487259371034,1.4703405753944185,-0.47333910449750827,-8.22291636279012,-13.27729651379872,-18.051628700354787,-9.748831473814835,-6.767008688792046,-6.649984440366383,-12.46479171975511,-20.281853435327676,-14.614408707067819,1.1534615826091192,-14.830031034633858,-14.76607738347309,-21.03960592693393,-7.422807015203707,-14.572524437285368,-9.58008233733745,-22.03977153337834,-17.895729758932553,-11.691518883422866,-2.6672670477371736,-7.553397143539632,-19.64728239475063,-18.64163613154247,-1.6117659695976432
13.587831052075787,-5.04779760314649,12.274356265358133,-3.4012030269384015,12.174619777292992,10.64967998729134,9.874589362621295,7.311687990842533,10.614527176332482,4.260619347823861,-6.0880353953568225,12.685794230680326,12.394445464853693,8.960929696278315,7.030689496107042,5.231532426669073,-4.5804232434261385,15.557736770195792,1.8886374231822847,3.380329084204319,-6.502613550852997,7.6071403846772565,-4.161569623693562,8.897338289023487,-11.436216092443825,-4.998890457570509,-1.960244339579186,13.87042480761461,6.174372549475395,5.139990392405822,-3.7309933780445,11.929794907402673
25.852889490622765,10.783074074598044,23.77046683322963,15.32676384606242,15.15898549350953,20.838172199376945,24.979075343135143,16.02417621005898,22.62838652588947,18.57253963180302,18.83925268762097,23.324610458842116,25.31651132878277,20.755373762868132,13.416060887040814,10.165791449014781,10.155702246246733,28.85456078987457,16.871358746635135,15.826895487852074,12.826117780259274,18.764826622769817,21.466105061209618,19.69584856095952,14.142571915254349,13.623132385392019,18.829061763731097,22.333749569965853,21.273059993838242,9.786130265900255,16.72117394541748,26.358843395041863
30.55911472991585,26.565890984110318,28.791899067942573,23.35194665256079,31.731587099454394,24.17564208967965,30.411973022531896,22.381189143892666,29.271431068767296,27.212312691276352,25.335648233065488,31.23231197429608,24.963566213762135,27.310724822599372,26.651533393641465,23.77081307834466,20.563440274248222,30.063484003763488,25.248024556330126,29.532447059599363,26.493480869754066,25.63975808464331,20.44392168355583,23.35531519007636,22.557701554715695,23.68714747058774,21.436405253838686,31.964690557978198,23.0013960347789,20.845289039010307,27.925850788408095,28.30074814890241
25.18112862618452,27.09010575746284,28.549833966995283,26.33377933818157,23.86914865008195,18.010530876914995,26.77420551372215,18.515625989545743,26.434268879304636,29.222131501020463,26.25762647681431,18.243607237926092,24.417893323980692,17.94372796485514,21.640577653468636,26.759658939597003,17.18907252862504,23.357385259308014,26.88443320526272,28.789232774522958,24.616369741737714,17.04378210425489,25.14944996882292,25.562063345569157,29.446422976254308,24.76360961559249,17.14731777943763,20.61501447117004,16.169138838510914,24.99952845259481,21.542595502157805,21.356561541379644
22.25060019506885,19.45966979229238,10.13556991232316,14.67117391756312,21.25219479798182,5.4881785562954315,16.570855542516902,10.153845245567284,14.005259698641254,17.933718634206638,20.864365327410873,7.022621133359531,7.852614075153043,16.405537585773573,23.280448118230062,14.363655621762637,16.37934895055957,16.07810908014645,12.595917612689604,17.785512040251653,20.46916794814662,10.306369449962167,24.056280135556825,14.223730326283675,23.164898053240794,22.187776647513395,20.364880709376127,11.882148167386882,10.535558326865095,20.26142795287016,18.891456861289324,10.394716598124988
8.687139422004636,20.6984479236301,3.4062722676355683,3.8366262280012284,5.583168084749013,7.4478806033819165,-1.760543310026896,-3.436024271560025,-4.471878891252616,12.719887589823381,18.560956815407287,2.2144060444071636,1.1339897456233081,-3.819503482989421,19.83944686747848,5.53207524751605,13.421818362017053,-3.8196003921941637,8.71572015895451,18.03341665080274,14.617601024517622,2.8412229084219724,18.31289113186204,1.3871909152950153,9.84370023280201,13.118985510621556,6.391899711093048,-5.815476712093511,6.7699000668844995,13.894203591638403,16.985069829969657,-0.0015497344903756677
-1.2214255883676652,11.79072939507016,-9.9676034237709,-3.890068538566936,-1.5546133072559798,-5.449377146028758,-9.759535528052037,-1.390127085687656,-8.52880557105518,-4.330020449304208,16.57208129950749,-10.360948543522289,-4.206349038932877,-16.216677756891617,6.75199530516769,2.326813860905955,-6.3304673652380945,-12.706009349893112,-2.487033805526352,2.8895829065124574,5.8099258160606,-8.700475628971908,8.825897112582421,-2.4287756808070364,11.378712309541417,3.4026912836989895,-1.5374131201159722,-9.694468776117146,-4.2484265307604865,11.31495892908132,7.141034973817689,-2.503607262473817
-10.835735368434392,-0.43416494088772933,-9.618995671276862,-12.17646947877151,-11.372502512109053,-11.155463863282689,-15.112274402155496,-11.26168888434015,-21.048241787014753,-9.284894873181935,2.5339372041821573,-13.278000055394278,-12.102831492322562,-17.83528296413141,1.5508198042222916,-1.605409818874711,-4.085120292632332,-20.106518763626326,-2.297087531409649,-3.2629709941370195,4.033693184485339,-14.026570951497591,6.439466591337293,-3.2622956163793226,4.546462458675084,1.4342927532055212,-4.205428434539556,-8.66320241639074,-11.325447234896828,8.168513159960149,3.5561146823542114,-6.3903124443937305
-15.5296649996573,-4.496343364597207,-15.589109738113931,-11.994378791485545,-10.471486160640817,-9.275690345089078,-17.86731100877036,-16.349771130989307,-12.171867989461866,-12.623130168974946,-5.598671002600999,-12.165439587442988,-10.117750685171027,-14.063937417559533,-6.991325188030226,-8.323786412403816,-3.9228861112124602,-11.593652477714272,-13.264314251987324,-11.889839294028013,-0.03457826951056148,-15.431910640749111,-2.597893195325457,-17.280085724041147,-4.696772990204362,-10.7612811301912,-11.876053761959152,-11.441456905148387,-17.55652203931428,-7.746749084362602,-8.816608584805198,-19.619764347058936
-15.422619661548687,-14.105151677058199,-12.539205641463603,-10.908609912604625,-20.285127535838296,-12.738961844471156,-17.57887462094321,-16.86794013067695,-16.91251426639984,-11.044016845990036,-18.793742005268413,-11.46999129196574,-18.94862616033545,-13.618924842651055,-18.917916774323,-13.709736373068356,-18.702689086621902,-13.53447088191083,-14.242069623763248,-16.907251658236653,-12.520003568815708,-15.839080798491631,-17.898582498237946,-14.38514826811625,-9.344806089776295,-16.04733585863119,-15.869549833925143,-12.335699205626995,-19.557046540139833,-17.238666879482643,-13.92630327697046,-18.50451603845713
-11.945483880484113,-19.123288205433717,-12.46060089189166,-10.913214440949794,-19.716363750843254,-16.53420015148605,-5.307121146116765,-11.173409674188918,-11.36975183113397,-18.70773383699528,-18.255958986132722,-17.664461336692067,-17.28620887601492,-8.34647368594585,-21.19325176237133,-16.361583596062378,-13.278307413357826,-15.6566428650312,-20.695281096927108,-21.98464359912658,-15.503037374819607,-4.39663941130503,-19.639284699496365,-16.75987099629502,-16.421287188455228,-16.529185151873985,-18.62325229284718,-13.688475654062088,-12.194122229321906,-24.24822104149404,-20.08557617918417,-10.001692717291123
-16.94347487201948,-22.31927371984551,-5.822723007556169,-14.670468036514103,-7.935959888941429,-7.481573021869977,-6.675192766511962,-4.398485697081112,-3.9909700142231825,-19.074298581810865,-18.13758220946079,-5.818955748143,-10.647104255259093,-0.8342966888752081,-22.04897096337327,-13.678670729316439,-6.4641253534749215,-6.3165548954202,-10.159455767081546,-25.107700483928593,-20.021552550155377,-1.7154030121977961,-26.023568166949726,-8.207688166914702,-21.670876601270127,-20.181417221086264,-13.312484826688785,-1.8885729475202147,-8.869341291000977,-19.19181905954168,-13.530440335030722,-13.071419002895915
-3.059992236331231,-7.469543218309401,11.993841920649675,4.059528086683828,-0.8011134040368009,2.7802518185104175,5.613864719940141,12.75187078869887,4.0146630072414755,-2.8950344561151975,-14.922993117998196,5.222055765784506,5.251108973428857,8.235471564196256,-10.47245712274195,4.111034349624168,-5.646407738237365,6.739547820592883,-1.0559974487694521,-10.702417137238156,-8.557546453095961,3.38534736275121,-18.3171865738214,-0.159008946226194,-13.505231005127028,-10.553908447596193,0.6797614776250314,6.452897172995123,1.722091798298243,-9.020677062762735,-9.57066409818909,-0.602499114803017
13.041398416830924,1.0489502628829828,24.911177388199988,16.272873124617494,10.840612483596935,22.12207904629102,10.298349740784559,24.483982380638096,18.670642237414558,8.597760817078488,7.1046384636676505,22.945589027827232,20.352807842096865,24.30533607628012,0.14313680455295852,11.81216093159859,11.603538030378438,16.93202420692023,18.97901113325213,4.650042801717407,1.8052915606777638,17.769808288795407,2.384879252082874,22.922146692291378,-2.5469662582344434,5.656573004741394,11.405733378766701,23.659443021328435,16.55955203976374,5.414134658432493,12.479776741124327,20.485595877093164
27.40600801072341,16.378818687090355,24.879737663240114,27.45569435920535,20.06944473039871,26.937994285725612,21.163203492375263,29.081052113594108,25.28485736379955,21.936977150402708,7.890082403965788,29.679423571308362,19.474281743840912,28.773927227610546,18.56091246814582,24.943466603888798,25.167930426437618,24.172405345539715,24.450077456364614,15.707683319383438,13.66674414004343,27.58735649448912,13.181400719228483,29.487713143307253,12.043928365492643,17.747390058582965,28.028308209280695,24.665329142717606,24.101225726905287,12.590860134292498,18.018902686577405,30.412297418308363
21.93769667626978,23.366702024584484,21.045985734554737,20.354268337545037,25.850339602840158,21.16022766628551,22.628831583015256,23.911554651431533,28.682685539440392,28.91693276100319,20.98558373605595,25.17086777925224,21.60868099819503,20.682143612179036,17.925913102199022,19.94159260456942,29.73819832091762,20.275991945970006,24.962081624835815,17.216800118433653,24.81832675292596,30.330884845691408,15.961193405927258,24.62725870582692,18.961590656494412,17.816464429263483,31.107688653640466,21.950203459667755,30.035365445369827,17.891722890192263,24.326300663626938,28.387179528510707
16.734805112476646,18.625392949772706,20.446093584103313,19.13415388043272,17.09806674250129,14.173481441215674,12.694827062292584,19.637307719405264,14.347897975105566,24.052576200205092,17.16563399579401,21.16927299772115,13.027876434895305,17.313883819645355,23.885146605139937,23.545478098298524,20.28900708919802,10.818325088610525,27.974792229862537,14.602020361615452,28.015164641705503,18.35650600987888,14.849194578759898,18.965577534371068,25.201990344026516,16.84229218762256,21.929778755601376,14.157590560322491,19.088783334895478,18.14639340855232,15.444758788253727,20.463930908349
0.1188127294615833,11.917317012279891,4.9943101791775995,3.2749104542218683,7.762920562785035,4.93704731629791,1.5954353979744038,7.339356766985223,2.498563816156805,11.563797355782153,13.175936628924251,0.8451189810902366,3.9054159401779898,-0.9536834386512096,15.02356548328361,10.973423610865735,8.194666415750614,-2.0337408604852243,6.48573223026667,12.549856650139905,17.46698586320403,3.3579221631887477,6.12511941762318,2.960281446353365,14.193176833842235,12.70949802575661,9.248595131245002,0.8835005479177448,0.40887741742725,7.924168723090156,13.301330395341626,4.903276102328645
-9.846403533974078,3.3124184334901123,-12.428700387313055,-2.7163592477704315,-4.323241804391207,-10.068316575932725,-2.5198355869623947,-1.6776081283589075,-17.383456051387075,-4.213963850244077,4.463766622818924,-5.959669666831594,-12.201870554989172,-9.863515029773165,-3.20349578392762,6.992498988206722,-3.3375407680922375,-13.73858266644923,-5.6723066752018765,3.3295028785536336,12.755688515985566,-8.48438631192049,2.1920558130573244,-3.479333216152055,3.992287528706346,6.7535777900656235,1.908556455714438,-13.494863309278816,-3.1867912533391953,-0.9997130852143374,0.2734911190663006,-11.022898263785699
-17.523243094381847,-5.264249211941583,-21.596445919683678,-14.439167083652475,-19.72887409971189,-17.431251175386535,-25.065665471276933,-15.038495478361861,-26.240701200488772,-15.14955237255827,-7.38311324637273,-14.100816232237282,-17.87073262512645,-14.950824214447351,-10.937486578827748,-2.4964079547252824,-13.541615981867164,-23.61602191368721,-9.143462932693218,-5.369608628996287,-1.4109980455628741,-21.265851999750172,-0.5178827545047238,-15.560505512657006,1.268499659233511,-11.859521820294422,-14.87710016363659,-17.91049407794226,-10.193952462599004,-5.013154121194056,-6.1814275914362815,-15.84282967103266
-21.47515458863616,-5.294608262234297,-21.409132821431342,-21.49103842610957,-24.39615300109857,-24.319195403470292,-25.831181515465477,-17.87699781497616,-21.491964436015383,-23.656541928348663,-10.059560928713987,-18.0532401415778,-20.176074325818135,-26.994167113285556,-15.565913934597999,-9.498185481295197,-13.34789108530139,-26.70630445794627,-24.058981150309794,-13.683876492920863,-14.87268595273642,-23.1519668430578,-9.844318463962413,-25.028013301036076,-6.8294459132661975,-9.846373013655112,-17.798592235296443,-22.20423952889325,-21.00465155766174,-10.364299244589223,-12.798805847001649,-23.74127393573154
-24.05613967246885,-20.188137650923508,-22.92206316575085,-24.19668065607302,-25.668166803109496,-24.974823466328694,-24.701692669330964,-23.12274626347047,-27.268810693848565,-23.5773658592434,-11.575399825185265,-28.824412704083652,-21.350270888362147,-29.98066014313643,-16.925449456914873,-24.788713112419362,-23.826579571566192,-21.699696400659345,-25.87847769447888,-16.718146869948157,-21.949830713422358,-24.989456257265303,-15.011617833492336,-25.602379561732363,-15.13215568751754,-25.76260031126637,-24.283194057398045,-30.38389623454322,-31.63292356146598,-20.594880460677523,-23.841475796158033,-23.788610823862626
-23.97142352959743,-24.599024233539343,-28.08409412046577,-31.216692626745424,-23.061020295531296,-31.595396919715235,-24.957711867598313,-28.8238819872079,-21.58820387630926,-25.204906998899148,-28.98307648842159,-24.428894083963975,-25.282672258297797,-22.27388168249795,-24.465955849599382,-30.721879675149346,-28.32964527263571,-18.007912587562554,-31.271624012099167,-22.300064324497004,-26.727805312995145,-23.931830791696626,-25.672219737283523,-26.33215674446711,-22.650988238407848,-25.531507245542343,-28.92712761402005,-25.852554843597876,-29.60031147790459,-30.768489917249692,-25.242477902881994,-22.39433677428428
-20.664595036554193,-24.66732464688862,-22.757532497285638,-25.899784819070987,-19.802037170499425,-18.51575660368742,-17.078582903571526,-23.837371647912075,-17.26235193840824,-23.360874084799306,-32.90490789838695,-26.50850850410012,-19.93334650732805,-26.160564852550937,-27.37347502847273,-31.644160613360995,-28.894480080597372,-12.177542945457413,-25.302319211224603,-23.722074128211887,-26.75275126595071,-21.72371170292611,-23.52548601773653,-24.27869904017791,-34.8898922656647,-26.366310367967838,-25.102566940451638,-20.942398478120786,-24.88501800999415,-28.94023869513894,-31.84610527726563,-20.368007767774248
-13.704555387367886,-24.17195728504868,-9.548288957934234,-16.676940688843732,-10.449672056528883,-8.982774214692434,-9.560460973483247,-15.565255800760822,-10.549970802093108,-13.92721436057158,-20.236709510737917,-12.883693967766016,-9.67242851293034,-7.379942506357935,-20.451420298721242,-24.27616810728434,-22.53034135982084,-2.744964088263715,-20.9218646003873,-21.05724274878575,-35.69962302937447,-16.712611657703555,-19.478053007316838,-18.14828111182584,-25.66099012817977,-20.190255719377163,-16.26009559477166,-9.481116034407004,-13.90216755239869,-22.712517984859993,-24.78280720824329,-9.252344729342797
1.0301550617177209,-4.861794741567118,7.332758203164464,-1.4143509784409873,5.630686848104242,8.529059418222753,4.74647584918103,5.539746039430351,3.1283336583162606,-7.869450126393771,-8.603675932473346,4.204560603613563,4.003051632504673,3.7644730820734122,-6.5627105024389,-14.183286115411628,-6.439816776000927,7.960864372862039,-0.4861922050963194,0.4843775672255525,-18.938780683593805,5.5893732734775785,-13.766483193453963,-1.4002393309851309,-14.855109204310034,-9.58204199750934,-6.141102638629585,5.176323324432166,-2.593939388403229,-10.131978155225466,-5.054412655045653,1.8812539742643062
23.695589767620426,11.432342762233358,16.147368208386347,19.97056384784448,19.183566143244448,22.041736215219657,23.314710422052688,25.02607480036125,22.882020847796948,16.478994378510784,6.963257480188907,25.334138956415398,25.58153846713029,19.96864035747301,11.633110547635777,9.534095096186528,14.52310091254743,23.072806765769606,11.07760765823763,9.605502417521924,-1.8560198898219007,15.306842857697143,7.42851429057589,19.293143867862305,-0.7972403131269814,12.255705202506809,14.092971343130916,24.275845434990025,16.21268558798094,8.64870013387934,9.940937077218225,22.32287398587886
35.769370653034734,21.788447680448723,26.648503565251477,25.257963902339597,29.683315481540582,30.75444982750277,33.44796296359282,30.329999138442524,32.1260651405385,28.202047099238104,26.92800573179103,30.63426353790976,25.92206251828968,26.39326179956403,28.359402364638047,23.542926083493544,20.535272104368048,34.157935359167986,25.016382506433573,23.080132292405082,19.9249990552384,25.716393282932472,25.25019302318731,32.66062001974248,11.294638972791194,20.08912267412965,28.793694314161385,30.7501977756833,27.09696468919671,16.946708117375007,17.54652645058264,28.285543714042117
32.3846913789161,23.956256393764132,26.761020511176948,33.15966536919461,37.2812902639071,24.898344150959424,29.065105039568884,27.288506613808046,35.86538819788025,35.35044068029594,26.506394413865497,28.80510595448318,29.46714169951952,26.43297261222793,32.8685926378918,27.80682932722214,29.002332946167584,29.390182228335842,26.671235299325804,27.108105698518283,32.58286661822573,29.65436480621246,23.451779998472954,32.39897299501456,26.6300943192617,28.096542205996737,32.034636521464975,28.100141100700707,29.979847939326508,25.449074422218196,27.21465437248139,27.806873121674695
21.74459640931859,27.630317811840577,24.528286108850544,25.581739808467304,18.050884911112593,19.560358729964022,21.668826681297205,21.382354430490942,24.103592436907785,28.156594337488563,25.84883279862854,20.719276575560272,18.715769433370085,22.809332114629175,21.711856936174822,27.815567271062626,27.626265415568838,20.262620349025397,21.224616010201178,25.152753192258544,27.32769162715012,26.609806924246637,31.608425159121346,21.626538482723983,25.620687360223016,30.331581030727754,23.486322434810397,19.510744221355584,20.139156106867926,28.524059176234406,28.358233939797042,22.68220069062354
9.495989491656328,24.61370499175153,5.951712062756652,16.783603901479363,10.275192695933555,11.132142041035237,9.82412068626734,8.05591587032377,13.249562853812657,9.61094475835038,21.262003982497053,10.932120710534821,11.332834208734646,9.482627679466255,16.281172511409917,16.838176207520075,20.609094926452368,8.528931718055887,12.711435207114553,16.11993505417765,21.366245489577757,7.960351999313848,23.940739392865847,7.745630369389415,19.788732061473947,21.82334354595936,12.464439812325587,8.557311892059081,7.582968566502812,22.004316605552244,20.709030054862378,10.318312527027633
2.822974052089663,11.553774155973803,-1.74419941603629,3.373037523622091,5.80268124095202,1.2040804701176122,-5.178841881481286,5.021426786752327,-7.275656480527888,2.2361932151862822,15.869678016992042,3.3937077234820907,0.9728268490406913,-8.429386515606359,10.849838752049552,10.39215917952029,5.459659089599927,-13.401274040635183,7.516664818674537,15.36970335234739,18.052513877461354,-4.475277691316358,20.139164320901962,3.4389996412198047,21.678551184729663,11.432335860077053,4.725640362462805,-2.353073347543902,-2.4919653676285725,14.63855674107286,10.184693433540147,-3.360216841848107
-6.944873718138057,6.74196781742527,-4.335983874519454,-7.185841244207283,-3.090714159326761,-8.739359389615906,-9.114114833237547,-7.752622621025437,-12.694546386220903,-3.5814108835423855,4.538712661536274,-9.154573222058684,-5.852776071703283,-7.505820744033459,2.8262349280998134,4.748863981285478,-1.769884759829988,-15.483911132341074,-4.092985804394648,5.686727783900969,3.852319968871414,-8.636992505176009,12.970458533751469,-4.917661641881264,8.04491691199797,1.523698438454995,-5.4248357819502,-8.646277934534666,-4.5503391906410675,8.425493275736864,8.655036236942559,-5.522983825189492
-12.252127656348158,3.5543336945737223,-12.590798667982991,-12.962467104689978,-10.501155913769319,-15.936152723368874,-14.67428131287091,-9.212026431416712,-12.589537179116897,-14.10304388184261,1.6100296153687275,-16.09732171751168,-10.592289869739844,-6.486317700665188,-0.6986677691000887,-3.51125209392022,-5.66347084738266,-11.240172136667077,-8.273592128984545,-4.654879134355504,-2.8223326912325084,-14.294887250326678,-3.8552835484175723,-9.866207931301565,-0.17070381085044398,0.05437369893459276,-10.051017369962514,-16.706288913346114,-10.438186029691195,-8.761884734800006,-4.65678745082582,-11.467883859683772
-14.527393228913565,-13.1237619607107,-15.315800847531182,-10.062375323688466,-19.887346406171154,-14.5967769159375,-20.981264089957705,-15.627424383349263,-19.994404859196063,-15.859694792677782,-6.951451679016873,-12.587815619178304,-21.680722590431905,-8.228836806841464,-13.379798717699872,-13.838027748269985,-14.043033549567802,-11.979739063436009,-15.195042704561988,-17.617822654063282,-15.335265375670808,-17.091487311321693,-13.78338248127953,-13.366122793730252,-1.7104943009241085,-8.491391742219454,-13.93500846073793,-14.008194853162031,-15.716873565320043,-13.088807101865493,-14.061962484422255,-12.671030486610439
-23.58905163892661,-21.88443848067809,-16.566798020368903,-16.53740716877513,-19.44103079043764,-20.88366393308422,-15.169546603194215,-13.10831735430816,-18.195858473082893,-16.85403041309226,-15.520064215410779,-21.29216649969814,-25.949116352746348,-15.547383591816963,-17.93051696269202,-17.469833429796573,-21.392745752117264,-19.659963929098684,-22.686177816742795,-25.07163097043867,-17.126911143239195,-16.13537785173739,-24.589809031902817,-14.058930437259486,-20.43007520475079,-20.500519979311456,-20.195634337452052,-20.793778262933166,-22.389130436814003,-15.014661084177751,-22.086127529721633,-17.691658935033885
-7.374451161331769,-24.964499218310202,-12.26474826191502,-15.359375630860876,-16.16453812122309,-15.37902561904216,-15.851097281427343,-15.872146041714236,-14.22756110234833,-19.05168726439239,-28.241425310016247,-13.731874993128297,-13.306761589501122,-10.991263998763266,-27.247719105920982,-25.055682427266845,-22.073546312253104,-13.952290699657018,-14.71822924732134,-32.796431905653336,-25.479610094839554,-11.788146858232533,-25.41437811142784,-8.698259380548224,-19.56953152294756,-23.739115197388287,-23.84374778897161,-13.63551852208684,-19.231617962105908,-29.68839695839496,-22.520387194700422,-16.43339556633507
-13.312793283991562,-22.56169294040447,-15.14001571628127,-6.241940634952457,-9.806604636369546,-5.64718459144113,-10.246786248693434,-3.451167288394619,-2.75055741324013,-12.223505631164182,-21.159051473022696,-10.018358549526235,-12.803126802979678,-6.859254426732912,-20.94439533628592,-11.685689985286531,-15.305502283750165,-1.1036438274470652,-13.675318486787177,-14.601667226270948,-21.541754613210383,-8.580716815059358,-25.440492392791313,-4.659207185284181,-20.341096837064846,-21.159511767886396,-9.503705266855292,-1.57118801926073,-2.851002753874535,-23.99148608015988,-20.84297479815817,-8.942608801094018
-1.0823746861402042,-9.613417266324538,4.8434003082617325,4.604452164966794,2.1511645490830924,9.04219743121795,1.6297116557896751,9.272676754619544,5.006966145712326,3.0146775759659485,-10.1835601492529,11.198957597609477,5.198422250855584,6.932305607173234,-5.283943782937231,-1.164613993041879,0.15743632596101328,9.552659475368259,13.877798343443034,-1.6541649041019146,-5.126476483428259,10.515876701504915,-5.19179848317192,15.562068510712209,-13.427746148499136,-5.428381746709892,-0.5081741443491583,9.83875579476099,6.981098675790839,-14.991877573866999,-6.252970082565178,9.53541207203116
18.90871357923857,1.4003662631420635,16.642571046451984,11.937014764655663,9.846202101953663,17.65178655957094,14.32364618624759,23.194822437772824,18.055109825366088,7.0209366931425565,4.091548598231301,21.272764230495664,19.519892152605795,22.059256267989433,7.3163381448724305,14.577897868041651,13.698274880024435,19.755683193153224,16.576304342067328,11.595043709089099,4.396923936404432,19.89675442086982,3.1710731300774158,19.076639209809855,2.6847379454151046,4.583278264468258,13.54941337214349,19.37287050157685,19.944348674159457,6.949287377069089,6.816793584612701,23.11302885606278
22.546240819305833,13.68169152274951,21.099724964705693,24.083800829682687,26.862774135782136,22.9857319139681,23.657183082995576,21.672911404564072,17.912643788327095,19.095247745647104,14.432292868593064,22.693698914672296,20.733022140228254,27.605959386296863,20.037215410339762,24.11952827508187,24.350348802399047,21.047690689343685,24.0750931751666,14.953869482889534,17.574966483899523,31.543029606563376,11.094102889474186,24.092597571074606,15.37259865124813,13.377189142033588,22.868686774468426,24.848836045431238,25.604730798880954,15.726485292597047,15.32098988698349,24.508690826994645
20.018780602360998,14.881992249778586,17.398926349262968,27.287422148843504,20.524131325783927,17.516598836789793,21.294060116073165,22.27092020821185,19.525688054064887,18.503839075762706,24.319690005899023,21.240630936227152,20.777368649572317,24.556959979856,18.80422723257701,21.70637986602422,16.469773076784886,21.25553704400423,25.031691190280462,18.632188773163964,21.79628423038632,17.167015590719934,18.689018914590456,20.413622260669502,21.461124722480363,23.042085794306484,22.12434365159006,20.555329761168995,19.140955219906168,19.924316270554584,17.3144842302194,21.776704198705204
15.231706498916544,11.532488263452311,13.161316414966784,9.770241436341179,11.005632317591676,6.130793216720516,11.205707123664055,10.043150101661308,4.324272859239821,16.29660928215516,17.7184816754161,11.299435114969151,11.721977267677952,9.52443581395505,7.0553683509438585,16.986632459206042,12.416967956018336,9.708271536337811,11.531078985662427,15.869736183910494,18.780684415942712,7.624147145582231,20.294230270198955,8.814823787194888,15.53900239498211,9.53723052794989,14.832879189047375,3.7767779041760035,15.205431715533273,13.437428340736538,18.39797041944412,13.024237528919697
-5.328470349829489,4.724934868137392,-5.052192405051381,-0.5130332104627375,0.7152361077072258,-6.734873445925185,-5.415870925128589,-2.3624455733364544,-4.631286957511983,-0.2885719047806737,10.368920328101366,0.8053881146552346,-3.3740942898141837,-4.674345993740408,10.90745617713851,6.547515986485587,4.066680872988963,-7.862542267775386,0.9645311917885953,5.077793767137697,15.187650896122836,-6.094816430985714,8.559264757113315,-3.345740169718515,9.07998041042613,11.116452179985721,2.605999428684945,-9.218509514071709,0.4433870979374846,14.245989378766192,3.346117714507784,-0.8194001293183084
-17.841308635182802,1.6615392786888263,-19.34520322953893,-10.323350027232644,-10.468758093456405,-15.81082245796926,-16.442786895111713,-15.927619391602116,-16.41138782860039,-16.954559997611906,2.4935837527653266,-18.456091656788693,-8.150413338514905,-17.731606325959085,-2.1279719228741105,-1.41904828850057,-8.343476301921958,-22.304151865415434,-5.180473660683718,5.106188358347388,4.652074627676861,-9.775467709717018,8.723756370999288,-13.321790340466617,3.438669123196106,-4.625410728305072,-7.969978137845811,-22.466966482394078,-8.230053597759946,3.829588946240884,4.417305901063793,-16.47818955333512
-22.135284147857003,-4.7207051520095495,-18.641039861161335,-16.45428682147476,-18.906608037897723,-17.975586145656585,-18.45123138359113,-17.56758495377702,-24.429610463402483,-13.303849082760468,-5.5731786580846325,-20.83695130339607,-22.94919379651634,-22.634864215238153,-8.209438192269133,-12.864678250243578,-13.62029016758112,-22.577457781693823,-12.740845256698274,-6.168009338455168,-8.155522993078993,-21.103759599772157,-7.468093570235847,-12.858648575863885,-5.397870884950845,-6.895996262267685,-19.508614468920864,-18.721518534632644,-18.879683781364783,-6.162960186701641,-3.5256641302311142,-24.06893267866904
-21.96291726592634,-9.805312881215421,-26.48704746979498,-20.824014794363446,-13.665833187224084,-20.67093960433326,-14.32061402903803,-25.31957927637859,-20.05274555477494,-22.09462462554572,-6.127797235960314,-21.084481545550922,-13.5623170041156,-26.328956448372022,-9.383187265331657,-20.658608258441042,-18.433620767825325,-23.43864008172636,-12.359607468599274,-14.55014034375534,-12.929408874525734,-25.297842878401664,-7.7892621215902995,-22.750070269396986,-12.786588990032698,-11.072376617847898,-21.58701433210249,-26.43221973200178,-28.71291294204993,-11.325722491906825,-19.81463141495474,-26.46896598817421
-18.07220737160082,-13.313019259861687,-24.604999144003553,-23.714737994845873,-18.76010572348791,-22.746044708685325,-18.26852975662484,-25.067126571498957,-21.81864243522027,-21.31172825744974,-17.92889217870858,-22.366941151760283,-22.88553093475535,-22.52286604586281,-13.86521185387618,-29.298484703955435,-20.645685032798326,-20.618744053531433,-26.79075187574095,-20.961685117689346,-20.77811185299803,-25.01379701253025,-14.004597878977004,-28.107769934342485,-15.650027426895203,-20.79623212635649,-20.116688462896324,-18.421374993534886,-24.500065060822198,-20.1033544462457,-19.91939170241403,-22.930840019570088
-18.85687712383419,-25.958168967700512,-22.723591168751668,-18.216956881189276,-24.22233096182595,-20.308920304847693,-12.196085295936788,-26.525034048810635,-17.406181079717847,-23.48980846332926,-19.227480625220366,-21.94600341659636,-20.721527950791277,-18.131524095593214,-22.44056493927915,-25.5005050390706,-30.192475376541964,-11.890456106677355,-27.592411658554884,-24.504553870814348,-28.89621601615321,-19.814283655872586,-23.234700380625107,-22.786370783549305,-29.254857356139848,-25.07650479986453,-22.41385456215565,-21.02266152376114,-27.24634212375319,-28.49334558619074,-25.27855621377042,-25.559649789519263
-18.29327169407119,-23.499300524241747,-12.748986057868736,-14.326084879191054,-12.814259717991593,-16.875552548024405,-11.71796457357468,-22.06282215301482,-4.689082505643791,-20.58352184135168,-26.550530614474418,-13.2922227654743,-8.183344006518475,-9.616097064275793,-16.511077228085313,-24.65382732981331,-19.632160538003667,-6.75439497403964,-24.7438663852522,-21.462000483858013,-26.426748442566982,-18.227748182970814,-20.13750701490662,-15.519356980678953,-26.898050678802893,-16.125983778103617,-17.452329291398996,-13.445253445118201,-15.556498226011172,-18.022790847692946,-26.872233879447933,-15.04520064695694
0.7241434618077579,-14.410655010272677,-1.0509311824136758,-0.9748474252631895,-5.683579840866521,4.587181726066586,-0.7698124803745718,2.925236855308623,2.2980023025460836,-9.601196394441466,-11.053575662789306,1.3269225899816905,-1.051833983415004,-2.204585958178312,-9.544309467541533,-16.01087498790693,-12.789398684929283,3.6092868947230854,-10.842215337665124,-10.933539901794468,-21.289047179613288,-8.39114891828378,-18.677209000051125,-4.38499212434001,-19.737159733469966,-16.075992500682794,-11.380112166926812,0.887898079372444,-1.2953420208858297,-15.762371971391378,-13.167674653030863,-7.367227100249598
13.06148125320081,4.667736120451133,13.912151584958583,4.90487640866424,16.258764565162288,17.3407588482334,19.278770331079805,14.187619454892886,17.579113428673562,11.287455993513088,5.4658039231031665,13.546511766334246,23.557757219126408,17.47131958810855,9.993758640391222,6.732699800377072,3.299720354391659,15.508748266413727,10.407962361659127,7.075674078657466,-3.9559897414684313,13.025045834852554,6.014175200003954,12.816154339048593,-6.723186640874747,5.975229934807945,7.372710984410004,12.926408618199698,14.701974854676672,2.775011403558462,5.864256762450202,14.042738062997723
27.805270355885504,16.303099349236533,30.239676058512952,22.750630636809216,25.51601357151853,26.64393433979307,24.650497436633675,32.628493160822394,31.740795612525176,22.812598661245683,15.34805094493273,26.50093644282592,30.293449562921065,30.74097596195423,24.21412034527672,21.57171863440299,17.61595003684966,29.97846159981252,26.586464642550737,23.855063349160552,17.435645183320194,26.749927971919572,19.215572295527785,27.301734277425126,14.095998020226034,15.122137313401705,27.621548166844107,32.09554005595633,24.86697321570098,15.149267165331581,23.79344417842838,33.07016460978118
33.10547358553779,30.082610646458058,26.66026514704814,24.142383459973715,37.67843070219306,32.6849690508735,41.54825377932211,29.02509421232456,29.799697385908704,30.749278109767932,32.57217541990693,36.11694622240241,34.76682330719081,32.76339310767591,32.54436099552964,29.189496206712672,31.277352510738254,34.65809961577051,29.541768288766303,31.07161572450429,24.606242459104916,30.342753760226557,25.67181197846742,37.222657545597315,23.430347397308708,28.511714850427307,37.443260416465215,28.538082916888282,30.752097528078224,30.3358533046302,26.851075987586015,29.74115043667427
26.950349689900893,37.304272077379174,33.2923633252,37.10758763162825,28.421871612898137,24.571575175238376,35.88523261205437,24.235277296512724,28.842543269850424,30.700788701899945,26.228781063432674,24.371657873836945,24.889694400949683,27.268124568113137,31.186411627649477,31.643935102788294,26.27201143496232,30.19515133881663,29.579683149152242,30.323666115200663,28.714780587769923,27.600840845960803,31.869055577553574,26.76688489675624,33.838900989787334,28.803129880202043,29.860567337026737,24.94997901210108,31.24695093957682,23.253120432082284,29.244856139631015,29.565170913413578
15.596145541300363,20.627896992279197,21.330412442221487,19.032860459445573,19.340680149533306,20.462722874118217,17.57265042532236,16.197838700817073,14.95365423069912,24.032197507191096,27.04652404902521,19.62708556615975,15.505491639351881,9.10054948700398,24.67440378126632,23.635392707541918,19.457366781883266,16.197006568872748,21.441135502984533,20.603942490042947,26.427765286892722,19.945836624588612,21.848713058606954,17.588570345909968,23.568432731375882,28.438577376284872,23.507372612112277,16.711787640983854,16.26672049787604,22.03084928114818,20.311983456224276,16.546020658014143
9.786511590013154,16.579629368133723,-2.213993987261504,9.45107912935427,3.9286604906034404,9.385412562503248,2.8502034234735527,8.360222226557084,1.4719773074348108,13.09878473581049,18.617135035122097,5.195984615626643,-0.6839774399344698,7.995686667125346,12.93234965754048,11.076515652364453,19.053581985898273,1.5844883540096464,11.44984625599042,12.11885847420661,18.25969298256451,2.532861013906201,17.22537419091575,12.931741519638654,20.392416997649107,14.883215877782636,11.738899690661418,2.196772115218701,11.70780845575635,20.18812165739468,15.046336277566878,4.91891771002446
-4.669208553876489,9.596741617113269,-13.538657499381998,-1.0161394776751889,-9.133649020828042,-4.790387954526294,-13.881396989921733,-6.881343441387245,-11.55584061324353,-1.1512314828122436,12.047810619760037,-7.08596397385237,-8.356244260191303,-7.082922562942029,7.936193140825615,8.706294021441115,7.891614083852024,-11.602876349790133,-0.3404186030969547,6.4040762339118436,14.156397656565463,-13.40123903480047,8.395373538081808,1.7283016164291511,10.613669092774147,1.0185885827679702,1.7272872042956813,-6.697219275382111,3.5014929021044776,12.49263913497306,4.2224960288595295,-4.413853450405485
-13.051628444087843,-2.644427416119623,-17.31273423644919,-9.4583245025702,-10.853995071533262,-12.226034276950955,-19.68830234228632,-10.002168020925827,-21.584266751081593,-12.313575567004643,-1.0415936835822717,-11.791358071405641,-12.386758298415879,-10.275697808001594,-5.4118369347165585,-4.7705348876888864,-3.910534297091642,-18.884489357623014,-5.7335281659403865,-2.2895649038983867,4.2334896729798706,-11.784721740694165,3.4451732956903496,-6.439961939754849,4.895137909098276,-2.701532733287745,-5.001978813351478,-18.65809914246201,-12.079862415623836,0.7735794872137496,1.5319278315208917,-8.795516152864062
-16.3913518612557,-11.395074871651643,-15.12554394526837,-12.116324404265349,-20.84293227853859,-19.531072548153144,-21.298694166337473,-16.503131037061497,-20.714496430137046,-20.844422419006982,-11.28912366559385,-15.994452489905115,-14.472181375325247,-16.36519829987263,-11.21209284653307,-8.957496738303142,-15.463037890107044,-14.13517025541646,-11.974379544165808,-15.717261159320264,-6.260737122192668,-11.851454018694707,-9.452000892040706,-13.464835370238932,-2.353447523582549,-9.874961326563197,-14.634074670815975,-18.82600149073738,-14.97531108278875,-7.210335063976264,-8.8328695336632,-14.979689060857806
-14.292027287308754,-18.816114076416913,-14.5521129530407,-23.162647886784264,-22.727624486972513,-20.248502055007318,-19.67115454456668,-24.163655131342594,-20.819452577490843,-20.910879391369114,-21.37833401303233,-13.898566744296698,-22.634218016556932,-16.263643876389047,-25.33526325500773,-20.175932937028122,-11.0933811980468,-26.830545051767707,-15.295222470280113,-20.80656059284676,-16.723181740129554,-16.012745594268907,-22.07328965904065,-15.967312342792953,-20.146710790077247,-16.84814528979395,-18.112391765679636,-17.772782216460413,-19.82810528359835,-21.19625860682341,-17.961581517004593,-14.188933838434304
-19.1058529977381,-27.374862617428924,-15.6150457041045,-21.22209822868133,-32.20500020606686,-23.68110089010139,-20.88512057861591,-21.672620069436828,-19.38437359358501,-23.24684366861974,-29.755790557619232,-22.791914675198456,-22.462705004474458,-12.098924564337826,-33.580632900691704,-25.699078521534755,-17.741045694944134,-17.46693850125394,-24.98439282485054,-28.429077778908148,-22.711587007565594,-17.430817728202644,-32.29099204361494,-18.53617827119732,-25.460217434595844,-29.75266643135516,-21.942199826542748,-20.47977905949598,-20.134737490295677,-25.541992492822796,-27.80825835432833,-17.013773752846184
-17.024202234886648,-27.33775144678463,-18.10390813090863,-20.417744592086628,-13.136279761271034,-8.715490749928223,-17.193983066616937,-15.110690387502089,-13.093076794435397,-16.913404474630305,-29.39274356153204,-14.339341073379975,-20.65159234792831,-9.285717471051212,-27.537620451721672,-22.075519982061607,-17.603073508315997,-14.836668600960149,-12.556889125351802,-26.3923021316992,-22.393677833501364,-13.363040335042102,-27.71702064825362,-14.11380962946711,-23.635013772712885,-25.331712628822245,-21.093751186684145,-15.78243984747944,-15.168120092505282,-26.835474963221856,-21.690140532265822,-15.037075336577931
-5.629696143307638,-16.665912537598313,-2.687152737054547,-8.091346009756894,-11.096127667656711,-4.032178088639513,0.42367140953197574,-4.033812824144297,-8.766810579971532,-12.171372805073053,-20.535321695255803,-0.30034217476184344,-6.088857645536766,-7.320583699232002,-9.275640401094527,-8.624720207641793,-12.702047418077301,2.2024947291755446,-5.457070617584257,-10.817062987526253,-22.079006554639744,-7.850100948945959,-23.117007868016753,-0.14254685310827409,-20.314131242000386,-13.857174391479145,-5.861183488434561,1.5746891452425287,-3.2697846518644638,-15.737359891564592,-10.095718496415858,-1.6936670083492242
4.8873021809706705,-7.073265052366912,7.437257212956687,6.172837549196702,8.772994221871063,9.306120522112789,6.023963653663137,17.70523857883496,3.6352988365926415,-1.4778605266844707,-2.8960125410619195,6.142658826000723,11.286892133673428,16.07871002281972,-3.412696608044954,-1.1980227141536641,3.5366219521432254,11.194116618466547,5.187187113523898,-2.017286867515142,-7.047121164370353,6.154111838430439,-4.49533374041724,8.175161642849982,-12.186978862981913,-4.71564154904613,8.150340421133206,16.07643627276147,11.327086344114909,-8.507125299471051,0.15762359718225774,7.957579497811838
20.630940674783243,8.570894624954613,19.97543772026905,21.52294024255466,17.792377835298193,14.67256656342289,18.635897228896,18.8506492943121,17.94875366552984,11.256028768002121,6.452726627109357,20.208741862790617,22.495944351389973,24.29845381749596,14.272374842790134,14.686455408898796,14.437991175358787,20.132727015472007,20.024668996430435,13.10224658782395,11.41938705369136,15.463007646986693,14.42762289993418,26.914078580528752,1.9471217636095188,8.559950922850371,15.106673409915222,20.538701286581833,24.331636848138324,8.534983448192449,17.36013554218546,18.600558783987296
23.710587793117245,22.628238975610238,18.84345358446549,22.026519008542543,26.768525715220534,29.161203028610785,25.091263585987353,23.117684523361614,20.1125186720921,22.367769633310267,17.714320661400798,22.943784202951015,25.755923045840845,17.457296493363835,23.426426782784162,21.064206914765727,20.87702980447337,23.119822443999986,26.65102224605851,16.93783767768035,14.663183190581124,26.224165603334427,15.647467084855691,20.124186641291843,16.07387937713393,17.585985585828876,26.283488313252562,17.989445964961067,25.1520433310963,17.184905300891614,19.668769990708025,22.254513186393314
14.401467871344503,18.679806440045716,16.371902422284286,16.237521362588797,17.27120416984107,15.490703536542652,17.0583800986643,14.495413598595446,12.584227035207421,19.152959810865962,15.684514257587278,10.637055704147702,18.80673197946972,13.45659960715302,25.360781756676428,16.23486858745197,18.92871797787305,16.510876760775265,15.299668346740848,16.82148022956035,22.721885503723936,14.598246799358783,12.15813659451921,16.318022194867943,16.69106075835009,20.817665889611625,19.008458638280153,10.292822050322851,10.04206643963712,16.588347435933965,16.091855255033714,6.919677787430177
6.0925781488189585,18.480898178553524,-0.17878130869529205,9.031282425324827,8.58414298492084,5.436414269520228,7.138570654818525,0.9211847250644498,4.608185036669064,11.420360070627567,14.570458430616263,6.155436132888006,7.576308619964001,1.3242229062986262,13.274725956386934,6.712153844849265,10.919409707258586,3.9220185039148547,10.265162635539715,15.016213595741092,10.863127693745422,5.023662000717291,11.469684300356548,2.846385971108283,21.144596244251183,15.2404239664932,9.170272906589904,3.2083654772090466,0.9806941455001267,13.663358180626108,13.219379796708154,2.149708291436943
-3.5895167227881335,9.189281404546904,-11.075587534753206,-3.093495900020618,-6.141334782798154,-7.6402361285881035,-13.715745126851163,-9.4366605353265,-13.3047288265584,0.8611786014273913,12.685831475648735,-8.926195028699036,-3.6316467381435342,-8.314477743210652,13.137571281200694,1.4670393582608006,0.9242620476929364,-12.411616188897106,-3.4386348632886747,6.326435517036688,1.5986903072976968,-7.030287981652769,7.940117922743805,-2.193315812102775,12.546148090539045,7.238415215129834,-2.073140378656809,-14.91253329562049,-5.479449266120142,2.0769250870691334,9.880084307423946,-11.443153040778233
-14.467550992422886,3.5193775094520676,-19.655104354975354,-15.861676178789207,-5.267789070700299,-10.72034128363067,-15.809003152748833,-17.009995582899904,-23.157984038600784,-7.015937845375612,0.45409783078965177,-16.823247922096993,-7.5988892400721895,-16.228381440951466,1.2723646757880136,-2.4390082767444703,-5.321119277492758,-10.857162818253713,-9.816079676261447,-3.823799770631275,1.0328858845511486,-14.196720701291209,4.28140718532939,-15.455756342481898,3.17183646330891,0.3239113701606867,-18.096541223809297,-15.347936980727022,-12.11288745596435,0.6626588817903376,-0.8098574283452229,-15.777133014133028
-13.590173262186518,-3.266177964683043,-14.844915899498098,-15.817441052907196,-7.495375918781172,-15.557779618095793,-13.494114573860035,-17.427863854305027,-20.40546811328079,-11.335940657838908,-1.244819076604395,-23.093321568925692,-13.133130730394143,-22.542857847340382,-5.849183511554129,-9.109120140344618,-2.8482193604689137,-21.334697517442866,-13.802655475567486,-9.07085000926575,-2.6040712989417654,-16.62164911530719,-1.1375359510695744,-20.92550311383577,-1.3165332351973682,-2.4028222079676653,-13.707270013760045,-25.201815571161834,-15.959732799625302,-3.2123898363260994,-6.827029563835582,-19.764894754369553
-19.58422640993937,-9.157422010521508,-18.50162876986237,-12.451070803124185,-19.41183042564832,-21.306096497880855,-12.991418726065438,-21.93376828139796,-22.45657918914395,-22.37801972398336,-5.17017712032919,-15.882135505592785,-11.908658790042553,-18.707833409734576,-16.12636620646506,-16.110419023100434,-21.041625749574138,-16.338189199654607,-21.120509436141212,-5.2313609663265925,-10.621761851916764,-19.34790480429493,-7.529154102228355,-17.82028898163889,-8.822229572712729,-15.273441684687795,-19.698319807709986,-18.78210568681223,-19.497297000964338,-7.278644602337173,-19.64533277961841,-21.279978624199973
-16.09551629141019,-12.712042764176706,-13.712840795187478,-17.398939042507,-18.13641646891235,-23.353516104468014,-19.380229359882367,-15.77542830072626,-15.543972086538432,-24.116108427980045,-16.746988296119245,-20.86815583251621,-22.556477754549668,-16.72804146365385,-16.32937233182377,-25.037463561884298,-20.98088952617741,-13.624521838480193,-18.676425277877993,-15.184823314473473,-20.296633770268183,-24.458809647913792,-18.86776081756688,-18.7825817894188,-18.402149568245125,-18.891224688148785,-23.296810966182903,-14.865687565840512,-21.214977707047026,-17.29026665216813,-21.32515609752981,-18.32324231424576
-16.5941632515612,-23.76765672780812,-11.42881789148728,-18.220184451935342,-11.059183894488529,-19.634502599389588,-15.133480863696034,-13.944189944612338,-12.834442814630508,-14.754673411305603,-23.521495376592267,-17.895890279752855,-10.355023792821902,-12.555434220212332,-16.917837921028575,-18.67010165929766,-24.951969404439406,-5.2647458107669225,-19.49581180568682,-16.67363682003453,-22.755166054824404,-16.791937238496104,-21.42635827539124,-16.54282795839706,-21.842319432689315,-22.685150468873054,-17.280683994032053,-14.866123145948826,-19.629920039765928,-19.499881326546785,-22.633680985101456,-16.519519982177833
-10.219786082677459,-18.358020899949228,-2.1672159334203633,-5.501415520946189,-14.146408868134351,-9.462952233125755,-0.8474463549398342,-6.703619423292613,0.3122209913645741,-10.240266147165507,-15.969556753748567,-4.445250104300219,-6.043234282380403,-8.9550604638075,-17.639600745391427,-17.59816830969069,-13.205208029656438,-5.207640407111364,-12.057289956708724,-16.30705796606018,-25.478931390493887,0.22526361203068446,-11.561517408070484,-8.845000601283285,-23.082255739924516,-17.12691603778308,-8.606479340325654,-1.8626901392649193,-9.091964111282817,-22.315846700635646,-19.61595712863176,-9.392391348623754
5.669451892605386,-5.564419795828832,6.794505042043319,3.4160114621909337,9.63412045195694,7.588375202705234,10.238733767289164,10.991735336448102,10.94265714510751,4.490697318684694,-4.214770963739792,8.759897394040722,10.102231799789095,6.623867490243236,-3.7224611686850206,-2.5264455043954577,-5.3716246973514705,11.543761950468804,1.6249849186590954,-4.805116636834141,-5.303037868609669,3.969557735828802,-5.173209338337408,13.16720238657448,-8.090191453698925,-2.9634134250090236,4.848073544228758,5.199385912866906,8.44145956158481,-6.954496741906422,-2.6125999690654975,3.453105102894238
20.223045081521466,12.207710811155,21.766314338983634,20.879692342298757,18.560683873041217,27.312184738644667,22.109573077589186,22.64167307613271,19.873536795474394,19.596447807154824,9.231185332056452,24.657020237353457,18.370756309328883,22.517450142876605,18.24582709307094,12.528945645040935,22.79570402355866,28.400790340118217,16.04051390997507,13.539667091990111,10.161107786357901,17.727249600712014,5.245391508706637,17.58567353885027,11.125816983758028,10.323637241189875,17.22734807618382,28.019683059002205,25.437420611826653,10.009775599073112,12.27482502051436,19.953591826434113
31.286909710473356,25.747286898695208,29.411430154831784,28.06166893547641,36.13055887466838,32.39612722512803,34.32861950579121,30.665192757573017,35.94361708919408,26.529957317590462,27.319257437753866,33.23658404264281,34.51781262070783,35.85203160385865,29.01297446918124,30.527025244420788,27.198065904357655,35.96749499102308,31.328561536665006,29.24791747032539,22.57110714462147,32.753088908476705,23.75337234229374,32.34793683508497,16.10846132313728,26.27347897895815,28.66057417752179,31.052228678113288,28.568172467117208,25.298984004996314,23.83508936290366,34.476218758028175
34.85418904711969,25.388801855477226,31.06507934136001,30.269391619366488,31.876262345913407,34.125807786819735,32.39731893319155,34.85647865859323,33.08054634200052,30.404341631906007,26.68676292324762,31.239313255115118,26.250520343083572,26.30674569307957,25.498965039882748,34.054770118873265,31.397952974551977,30.76710160452326,31.032238140071975,23.186368335462603,35.45659105693156,32.55226431210448,26.347261365433678,32.17366395936459,27.890944424203926,38.86664315003047,31.951047721293335,28.805502723092346,34.65072317859315,24.637610526778385,34.349843463131286,37.02812154559177
23.05263195461278,28.881142576063013,24.169113484329856,31.482480721651708,24.36656020229687,29.135559501891034,27.700617756835765,24.447579481984178,22.15666850380291,30.745611490293786,26.522284586342618,25.175257252706295,23.63561775724326,22.203542702526434,27.825331127770383,24.576978972229153,22.412357066856256,19.659786025215197,28.856673660442464,24.12879333745448,26.763647989581962,23.867971694307705,21.075068384944228,28.98865518463208,28.855958447085225,27.820655834054367,27.509141514495838,26.53698688391217,26.867005944883665,33.53651923335648,23.371045664717585,24.80954592618349
8.612808574465408,19.357009094282585,12.088808358079328,13.986081387875945,9.721871097600124,6.635540067578287,8.374027571586284,9.190377953466138,6.77781466606518,17.833036602338684,17.86789913553944,14.611513360283837,7.1101684505769205,12.433769917848075,11.345926751278553,19.081324421404506,20.285611367515777,2.6371693018985938,20.713237857765158,19.188971346414906,23.376739248572775,18.462278739825173,18.951391639722665,13.506968785362776,24.411940667275786,22.287694308705046,14.556894261956744,9.15045542935691,9.911399703906227,26.2340618032576,22.313735313680468,15.688340393936368
-7.341049078434887,9.86096377374398,-5.434985662978457,1.559505070473484,-4.814707468035509,-0.8428255316775023,-2.9586398725552114,-2.6739303632719595,-7.2662862286615555,-0.4585758323824508,10.217626921730645,-2.9516712375240357,-6.083602931206377,-2.0009597501933847,2.851869099908868,16.834084909854013,2.4165648138018576,-13.517344344014212,1.2505313895317536,7.656703493514319,11.578162801101007,-3.307825219329182,9.050437395228666,0.24024448818189348,17.94410139098123,4.422892499286814,4.153417654970914,-6.001993443970232,3.0595366874791616,12.049783904452962,3.1380149747290327,-0.9573200088901912
-12.808488400481213,-0.22666784032322496,-12.163706251961932,-5.4666798936972025,-6.662670945408481,-11.286031097394382,-19.93801238607341,-11.635030719638785,-19.4482594901194,-4.832544176112572,-2.3178133147052677,-4.537920855003065,-14.954584422643117,-11.95220522430688,-0.7656611955347409,-1.7846579068539405,-4.402787502522392,-16.002405979179876,-9.770586881513633,0.25289851947975717,5.364994615220938,-14.73177527206197,-1.9123222449171537,-9.037798182992374,6.940800639987035,-4.6140476520060325,-9.198437229051496,-13.63554504398729,-8.720494565850466,2.822470155988473,2.6285258328255985,-9.939910999594737
-19.884387475171337,-10.982614569389455,-18.980707170680386,-14.236606943290374,-22.051521211694567,-18.607773649383024,-23.13743909933929,-17.18326764423924,-19.164353978818777,-12.25384062554307,-9.752190593188086,-19.04818042897247,-18.006848322531365,-17.582753018526535,-13.414825901252193,-7.728804508752312,-9.544050757757974,-25.43809434833686,-9.897662455384108,-15.077804161710858,-6.79708910121628,-17.703672807609912,-7.670972888643978,-12.206323713993466,0.19201211508459895,-10.053733304868539,-11.10863329195299,-18.814526396770304,-18.489436682328513,-8.357667260305295,-7.118637458549792,-17.23409503390222
-19.684247369089285,-12.254439462599183,-16.845286931244196,-19.69554285524543,-21.103202389199435,-20.38823874460917,-22.672900724702174,-23.509880022052087,-24.779351100994663,-24.48460243484435,-13.678531195763112,-19.971094968613745,-21.40092545432321,-21.352238264803272,-23.561618683066815,-17.77570384228479,-16.833922919420697,-20.895577397381757,-15.540166319501505,-18.448839943563208,-15.695896373642848,-23.14262844696864,-22.442002982217105,-20.648726035393317,-15.838251588226353,-19.053979761377683,-22.13158775187974,-22.300411934103835,-24.175684851892374,-19.162046469465295,-22.149543289308138,-24.04727117968832
-30.456824118338222,-29.501072884212387,-21.182096679424216,-19.251272164234344,-28.473539434406565,-29.012218039391136,-20.403013283881524,-17.859641516947743,-25.900265055104057,-19.23756417077202,-24.369645359435612,-26.84084737983988,-27.897494862576615,-19.6448546743648,-33.331387756550946,-20.288337973793915,-24.97480721890155,-23.17390471952638,-26.432532326327564,-35.441773420821775,-27.342082810708945,-25.55778801121286,-27.71768879483061,-19.119354615203836,-23.653861207658398,-25.55626112812126,-16.840976314389017,-18.262486986330842,-28.797090727614126,-29.08860330681381,-28.332794853522692,-17.814994463497854
-23.285966199477734,-31.15273242014931,-18.36858242637598,-18.477942769791103,-28.108745008239527,-16.309980093400554,-20.769721798979482,-21.5801792032234,-16.120744158134105,-21.166704256905298,-34.8721592959152,-18.61936317192493,-21.560186048642564,-19.8569834873315,-34.46430579352766,-23.431893039980167,-20.660103959582514,-17.83092971504758,-26.60609634297041,-29.208746487678543,-32.37329673277839,-13.217316556002741,-35.300189447530414,-22.515389384642116,-31.121064933569606,-33.09280014422322,-26.8708468548095,-17.27593464431165,-24.012890508265897,-30.443390118223657,-28.676843652658672,-21.269048520001377
-13.874488872448168,-28.996765918497744,-9.616027439624377,-14.818767567741048,-8.781046032691446,-12.899595546620077,-16.07332249196009,-15.731105943963659,-9.419011075983567,-17.0398426698196,-30.20392080829886,-10.954031684172682,-14.945110988450411,-2.7095351721281213,-23.489211400834073,-20.125930696875052,-22.705291223719026,-8.71108504303505,-20.469415750069256,-19.71455287892484,-25.350167459143467,-7.505898161030469,-25.618783640468276,-12.953502754129346,-28.22826739091201,-26.25096020020302,-17.93979805571499,-4.954477630355039,-17.31135280660664,-25.490546482148684,-22.719642384369802,-13.824071179784381
2.225282752403859,-13.759276339430304,3.9841084661263046,-3.119652037985641,0.5264265820742597,-0.43851849671218235,-0.18198993862941815,3.954002444995554,5.767174338207833,-13.248477275303925,-11.29379996982022,3.9564450400433318,0.5155002350742125,4.1922674125482065,-2.9310205395111595,-6.598847212208552,-8.801782737138858,0.6354203546205084,-6.742486594082164,-17.822354834772945,-15.151931224128308,-2.3137099825782452,-11.803608029792915,1.0485400773448674,-22.088931783373248,-14.42563404988796,-3.710442077643074,4.22876579493832,2.040862510585302,-13.496582809777294,-10.380632622530847,-0.790610339218789
15.70726513317153,-2.0704670039099566,15.8848075941252,4.932938150846754,6.169174844241728,16.85379522376168,9.913156049305725,17.381598516657203,13.497309693740306,6.267914160894318,-0.3068628002213522,14.471588187654794,19.738003745211618,18.381226085750647,10.080978826680854,13.103389876518328,7.008106719342367,20.582963679543248,10.845386549760574,6.556153117379533,1.033683314121374,13.75710111851254,4.5267817800682115,19.232968820356696,-1.8343779029047473,2.702049574231978,9.902930310330778,19.119726473682398,13.036673407299972,4.786388778203193,-0.13443264893763213,17.333291039766397
21.309299651269942,15.596595751892998,18.318473453379976,22.28986893139047,25.01468566742541,21.34686198630776,25.013731286811858,20.22563965018974,23.459021679156173,17.137903404870055,12.960358035783463,20.818598666910045,23.97772619104502,25.643593238050666,20.070904646569694,19.2939592532088,17.130382053716218,22.227724825909903,17.43732945806234,26.96142472265458,6.920261651336265,22.62681591713764,15.480573770120486,16.134646000697444,15.274930649093788,16.298655882572678,19.537503696448297,19.669264526038358,23.415200846501968,12.090967667765936,14.015702930125421,23.481501549152423
21.67695853735277,22.133650695454417,19.513470309630453,23.772070468470567,22.758595299786126,17.19075118046021,27.81596278749525,20.26061626612236,24.943329306414558,22.670333429092768,27.270463547162954,21.480403407900138,27.039193100187923,18.744324168548733,23.342927703738425,24.141893612885895,24.632394720532112,23.977275605243012,19.123218622983742,28.218494944514983,24.67415322285097,12.016681552615298,20.602131581748093,21.948288634381313,21.756736117892416,21.53146928475708,24.295152460706593,13.643244716710658,21.562929744931676,17.14582464342577,22.42398315423546,23.358473121279346
15.392790674419528,25.38286305860913,9.594696274477446,15.980490977325115,16.978594343633205,12.966372333718741,15.619799847886386,10.427071364046482,14.18013262338965,15.132668583404023,21.630856368177497,14.65442923251137,12.788876508897346,10.060565347145447,21.332913120811675,15.923699193490174,13.326448786301054,15.630087345843416,16.971023423140036,19.079792842137948,18.598251193269324,13.999052084689975,22.911392679666324,10.420160127718109,18.893179877352058,17.907484318527157,16.591032447558327,10.332502702144167,10.185895097259712,19.680018635171955,21.55505786644522,11.179042734432938
3.857395559152695,15.490013441194023,2.070969648256768,4.1902567873755565,4.117966027979048,0.5750675551513652,0.6051261163025012,0.11640327805501186,0.664190953859759,8.948892397060165,15.685231323544745,-1.5744110152015642,1.9616664361544756,-1.5011895038708531,14.9258731900514,9.07773543762026,4.59014951598892,-0.9230912132925694,0.07340392792172412,14.071370085050582,14.152633591794977,3.928554734173011,17.43854752600911,1.7697863009712453,15.816301129768993,16.070378437112144,4.051793610701665,-4.463134004295305,4.227847252646707,19.172501730773615,16.552460817091834,-0.8982592750084148
-2.5349817529738154,11.058839680503489,-7.088914603509394,-4.2222063745293985,-4.858346000529139,-5.660706825708802,-8.709636956125797,2.0307745836761724,-7.960020862599481,0.08025713656651702,6.983445094417674,-7.820398584402463,-6.451538609267292,-7.933869902160108,5.899359936872147,1.5015641403676423,1.2887742291581852,-6.656180539228738,-1.5412493711753612,9.493188107852207,5.553411763536371,-11.237596545162505,8.3328734941707,-8.646829638932203,7.916308162191925,5.916664557898343,-8.372700678488961,-11.270956055025422,-8.620750760134623,10.285040199343559,9.942080873938231,-14.576540091760492
-9.530890119830605,7.014345988906354,-12.348376215446725,-12.308914104146883,-8.608183891080222,-19.506702437362414,-12.4266941696304,-16.800865549594953,-19.35108923961583,-10.631267721671227,2.880141057930849,-12.7453135299251,-6.06517020165482,-19.71494425823134,-1.703537564073986,-3.499652085683697,-9.808123589861799,-15.709289463207979,-7.453613033427952,-4.4935621682932645,-2.0159156283505766,-15.249216982627742,2.359044987898003,-13.37848836554548,3.8687923138226936,-3.196906620025068,-9.41198259641335,-18.89767809184432,-12.41446127512811,3.916981795998194,-0.7221552534363319,-16.621122710048528
-14.304911098462604,-2.4042927209569607,-21.695913174997223,-13.829455623273738,-16.140863900866343,-16.17821796213195,-9.73166899744225,-14.36204955216905,-17.470661920423325,-15.68127633479283,-1.6904780346162818,-21.131991192517596,-10.881351408066974,-20.871879021600634,-6.340769652603802,-7.707400234696632,-13.23043531602639,-15.142096276989026,-12.752224915875818,-7.009110169294565,-5.0728872768623425,-13.881465604644893,-4.39697274604691,-17.89268748398975,-2.0800543383657777,-13.991878144554887,-10.645083135041974,-20.140286675040617,-12.384736860676526,-2.130847124263074,-6.249676652205923,-13.645814602573731
-16.530852851949653,-12.533874334899357,-25.00998824376151,-19.661419223833573,-12.783218281029676,-15.319982359164456,-12.352146954527909,-21.64560467403335,-13.856176633501798,-15.987882175211455,-13.250829726632276,-20.087844275022015,-11.263535191049256,-21.879804545679473,-13.534021989281797,-16.884206486271115,-20.37474190146795,-16.217724619942736,-20.260598613623372,-14.92625491750728,-11.480649438947403,-17.30219275722534,-12.947746171566271,-18.023236070634795,-16.71996191586713,-14.052364896579647,-21.086054952607356,-19.686601547254046,-11.72916177786557,-9.114033333976797,-11.400836793639494,-17.066649426396125
-18.44768966470731,-18.093368886305743,-16.302592469429143,-20.993176896091114,-17.414325303060043,-18.864262568696038,-13.87766714695822,-19.085433853496177,-7.812501589199771,-14.300022067769339,-22.31877132494435,-17.21736762855071,-10.033170387558801,-14.645172792959574,-16.57354159089203,-24.689859073398225,-18.281445221776938,-8.59455294755601,-24.873946197456306,-17.757990975869703,-17.311814613784055,-12.452999062956634,-20.28078471707761,-15.473384679492904,-21.60758985680999,-15.512958109621248,-16.438826849050656,-16.576519070490978,-16.72945100431773,-19.22161303449867,-17.827568359529927,-18.548941361682218
-10.947743049089544,-19.973975958581732,-5.798662495976839,-12.468645261876242,-14.02969589547103,-13.309596213882802,-1.2876246172504136,-9.078050668945576,-1.292772562752926,-9.654343090336305,-20.85254884566708,-13.343082652423005,-9.031974792817273,-7.816288135888154,-18.388148993873486,-20.851583283620755,-21.768449012393436,-5.404739352854782,-18.448078870849567,-23.982609831120314,-23.672710506884293,-10.948771108841102,-24.51516674708412,-9.708454004003993,-19.263328989532198,-20.759452299832308,-17.69893026847579,-5.19883905405062,-9.030263898894784,-19.0491510969424,-21.385413086198085,-13.42329091955902
3.1716331230305554,-10.791609117064242,1.3886889011619046,-3.698433493468864,0.3342323687484544,2.909951046832941,0.9336280158779333,1.0122758181587137,4.177169761502703,-8.755805455077818,-13.399285104751247,-4.1558957856133505,3.8852065601815244,4.699843929916509,-13.865077591680938,-10.520699429314604,-6.49088306761832,2.203021880489781,-2.490458029875909,-7.335288581507296,-16.4063451887856,-2.718195105304621,-14.613760569320927,-4.821216913640468,-21.81534033246927,-11.706496642383875,-2.866620830247274,6.144155839023764,-0.3783809634020037,-11.516651631781262,-5.903665503884141,-2.656081547478539
12.906588970917072,-1.127808035023154,15.904304364424513,11.554254890285888,7.980784634165121,14.472246976404037,11.257308367079796,18.003253895781178,18.012180529284244,9.714682220028733,1.0662529362303281,19.55635078642135,16.811588874591045,19.4739670511649,0.9298942988133391,7.796156893236262,5.805403404180046,20.020404320971437,9.724497382824183,0.0010505912061684053,-2.676558120818692,16.907232156410462,-3.501271651785926,9.0510187917254,-6.663618430589279,0.17086386307073445,10.156553868307364,12.858515953757705,15.776160228970395,-0.11886922076376025,5.26169269384476,17.176296577561025
25.116766908774302,10.20432668407523,27.053369340422332,18.07750055036349,25.128706714521144,32.34215089438075,27.39032104629493,28.106559091124385,28.778263676321874,18.892573866006995,15.148451466733771,27.545564344454533,29.112565118757875,25.22327259874632,17.150596344995478,18.042554779800838,28.371068408195885,30.187765604323232,23.672351393742186,14.936401581090825,15.229840838316955,28.092009099246788,11.112901893452257,29.35867399231549,13.27534644583501,18.394075314744786,24.229882829882257,31.586372998801643,30.319690153855117,11.614528375369423,12.923508977006913,28.675457944679174
31.690871895490766,20.64546667904288,37.26296994610031,33.28748713943138,29.445348111802918,32.72775412379224,26.637179720597743,35.26511537375111,35.73644207677964,31.71861721081609,20.978599793045124,31.50050825976489,28.43116422952309,28.103517223404268,27.85338841960238,35.46469811568024,34.55071468408279,27.103173086270427,27.870661082605206,24.64818692458404,25.83460258346661,35.89431919885149,26.668035561123805,32.65925999925019,22.507573826552463,25.505560103713655,30.700675542611073,37.40784237174838,28.993334816174784,22.235856500040455,22.883340982586358,35.06499729266158
27.23505316822816,25.12425716051536,28.539596157648536,24.81024431794067,34.05905792206424,26.238295700088603,23.32238027049079,25.848125638330824,24.747697425673053,31.887746710764826,24.52195709076842,30.22773961409962,28.048615427757735,28.86559143419986,22.45297433607358,33.030050595276364,32.71913252424463,22.550529468869527,32.634418787718985,20.44084732414553,32.13360017296217,29.02120056146418,27.82774344397084,34.03637967189181,30.21263952872601,23.379045637155325,29.19320302028959,21.140514435888218,22.65507579111594,25.8614904101192,22.111878641679,29.07590792990973
6.12070813899165,15.564790340868848,12.571018621049221,19.113243327982133,16.2206939639656,10.061504081993085,14.134094692998952,12.186800212285705,10.69209252935256,23.64123400173679,22.770080037068592,18.59986695287445,8.111569314386736,18.26785119155874,15.065189632126337,24.18071713181732,22.305381937341426,12.30260381753861,20.0252201513799,18.51025108271352,19.35703427370557,15.938041188121616,20.781869244574445,13.824277467585391,20.39820516184324,15.216387326578452,18.734689490551652,12.360125610206286,13.51467746555797,22.696740791122423,22.075645918259788,12.715041337584164
1.250577712748436,14.755206008364294,5.332332056716632,4.815979668244628,-0.10584829739596437,2.8270235571979447,-2.9643778855115026,5.678957800411871,-11.729723834942474,4.785871742353645,15.00795759474753,2.448395848567204,-5.730449526893489,-2.479331664567222,5.334291122538638,11.296258702276049,4.4594188832704145,-9.1448537185899,4.044268624031608,4.503544462636176,14.300433500819885,1.2071079191641192,12.719597446733939,5.484093046381113,18.719627888569164,9.573238134820583,3.398859838890376,4.182198365523099,6.414656735358213,14.091492720869507,10.465945071091591,0.5140830941285621
-10.905154926385634,4.355561539100698,-17.151471165203123,-8.999930311928075,-12.877877869116892,-11.223033078712724,-17.761757306280952,-9.273194335911947,-24.649372943285982,-5.836260306880686,2.3293597952751224,-9.85678429263641,-13.886125411800611,-9.736057464410443,-5.179502570096261,0.5969708413281954,2.754717217571523,-22.51240655360305,-2.654732960396684,-0.896150863712978,1.731658307011906,-9.503307930909052,5.894188591936501,-2.211099305788153,3.642088725135731,-1.7803279894231436,-1.5486753637409516,-13.473707661305856,-5.863080493758986,7.881649837167889,4.991819134574916,-11.759548693614025
-23.840207204642194,-6.031916712011365,-19.800013384835452,-14.670172148441265,-21.124190728032882,-18.60885407619979,-22.489992107100353,-15.243733149988568,-22.417998801686515,-15.865108515012894,1.2446598029831815,-10.468306777253687,-27.715976564978014,-16.27037176648281,-10.175094057369614,-1.9054419814113823,-11.144100159243846,-19.459083562641357,-14.329646120837449,-9.174365117158485,-1.5472840009113704,-17.41332503472121,-8.750287965791212,-17.456779386062802,-0.5074163242118145,-9.875143646059378,-12.225127904373016,-17.16318317681959,-17.3840186762151,-3.8086036163295125,-4.685526295274771,-15.984111664365665
-24.12623379029045,-16.53665985198153,-29.906365971249016,-21.39252365175401,-23.474457670424282,-22.765055722190578,-35.19210053742271,-18.44134074091745,-30.619125044055554,-22.455638321452742,-13.333651212975347,-19.17159107676567,-22.593917949658337,-20.20886767216264,-25.091192581053928,-10.88861254588491,-21.933664648426166,-22.1000782264114,-18.33334293034327,-22.292690075739166,-16.076484889514752,-27.50159010726224,-12.063213353509443,-21.541130300178978,-14.062916297088643,-17.05774592765237,-18.64033473015737,-25.343422956623773,-24.39408459447472,-10.484490360336636,-15.952166987203617,-25.405883342299795
-33.95874451834597,-28.373331739164648,-26.358964410559555,-23.33248441460648,-25.97318263086981,-22.52598570645914,-27.01004155649395,-25.02262447092944,-26.474553772188006,-25.491852467872835,-22.308370090048037,-23.642629628868306,-21.558843748427943,-23.629636812745083,-29.689488822774518,-21.051934302856473,-21.304821102954183,-28.858932405172137,-21.860626584509877,-26.53979183974527,-17.908700802331634,-28.155453217026707,-25.5925775418819,-23.9915796925145,-19.243949607034068,-24.84312245914572,-24.47905797720447,-26.79135863152237,-27.298600689753254,-23.34104901178888,-30.51603745913727,-19.431950451500636
-21.298022863037623,-28.196136720809832,-18.15860063208356,-31.67993143480175,-27.14460487963768,-25.673376658961942,-24.57201515930994,-27.75400217805755,-24.401845945481483,-25.706887626353815,-30.319277705531423,-25.728567315528554,-25.2077208517788,-19.647627229792214,-32.138784692168045,-33.72253256462028,-31.320780166474556,-20.88580471984771,-30.83921751116376,-33.278115806876286,-31.723101269648204,-26.150057642775735,-33.323705775684715,-20.51140215936625,-28.505318336263493,-31.15642122544888,-28.167553215073347,-15.36184353581795,-22.68283048004515,-30.920669523538727,-31.97804328522053,-25.82881404386366
-21.05675218314092,-26.850808148060825,-15.028619555943784,-24.382054704210717,-21.30561950400212,-22.537890606289555,-19.84457159262472,-20.95102331709335,-13.931359744407322,-23.988477460161388,-34.732555323331255,-23.745714812079978,-16.69198456291589,-14.085206561718625,-25.08647184824125,-22.28521635649559,-25.32751816988839,-13.098525128127509,-26.905429420892236,-29.46309420405342,-31.77619958735993,-13.60222724850977,-29.027372613836324,-20.69349505913641,-33.26976874847883,-34.20278832225621,-27.240854517979265,-19.44816719699604,-28.145537589199634,-32.62434223710188,-30.0468298832512,-23.39298345804375
-9.797374352581821,-18.569325711066337,-8.15067908410401,-14.198328801806515,-8.077566554958613,-1.4539790715827787,-7.149756814127772,-3.3445006103542534,-5.589007787022437,-18.2015827088782,-16.920765696027452,-5.973602227196338,-5.735315955344415,-5.901295764559389,-19.582099506299805,-19.525256574687937,-17.12150847726904,-5.976368913155379,-14.307190468081478,-15.934547778633682,-17.737161649140496,-7.540788546747013,-20.266263915807894,-9.825227963407194,-25.746526330150065,-20.539707611775192,-9.797932822572596,-10.033552701579492,-6.93164274679338,-18.13307087698813,-23.742263574914205,-8.16724393016641
9.573693134199857,1.3176536957673946,12.643999590145174,2.3042368227143677,11.653320509449403,10.71277677952114,8.57270549606528,7.37036858348937,9.117287532539486,0.13040512839075297,-2.204708579993998,7.49622850929315,9.258699912642578,6.928352885795774,3.4586767745486884,-3.6678890601425245,1.9950789960184963,8.675489436328492,0.18694373761968433,2.517780003795024,-6.371401537905152,6.6331034255631005,-4.211958319023288,6.0132331360433975,-10.069284630695975,2.754487876238147,3.5243435152337015,7.328003522354248,4.291421325005047,-6.2402359971467165,-4.097389288814145,14.75314130289682
18.245221150738594,6.501048255232264,19.439588985905527,15.057168702878513,22.790370421275693,21.419794122031114,21.551157847998944,19.9562624232558,25.516359700449033,20.467571001746805,19.274650769312352,23.5282654217695,22.76995831699647,20.743904716618044,17.511444879535883,13.025643571603958,15.942163265902284,25.942806311098686,13.98717220086186,9.612756118124649,0.9798477535135299,18.51544252651583,15.752391968508974,18.77055210914324,5.2799250656848145,16.446535458641947,9.653621913877725,22.343833301219206,20.2348899261508,8.567948901128648,9.091208609839876,23.004589526515687
30.42608165990662,18.942979063594116,27.057546758797137,21.519595854908726,28.917272643353325,23.55679991721333,30.19292744491959,16.789265644911115,23.73433252274504,29.844647576809532,26.18640849627395,21.32521344323588,33.40437719832102,20.760870748034034,31.91255721238359,23.53165398119249,23.21704714992527,27.63189959079225,20.685070471952034,28.82902384149599,14.343020878124781,26.68304089147084,17.046747073405587,19.95657008477477,15.195215511246154,29.365683539694217,24.32656323343385,26.78210665435457,25.20281834704417,21.958015537462845,17.35275159408308,28.24034632923372
24.6301385706912,22.883032990266383,20.03136643770743,25.88215579067569,20.04047944091713,15.185861268545711,21.31726800670665,15.739563292183465,18.474687507616537,24.136721242258425,29.414092801632457,17.885436413037056,24.54339063974488,16.35934575106296,26.82669304525581,20.441244177670093,21.377717447734053,26.721665361478163,20.781131665107814,19.216814129517132,22.09900656453499,13.732148722055054,25.230209361925635,19.988582134437856,24.50307962779406,22.98052336962276,23.115880764094477,18.378460895411315,16.59296568404692,26.499057116378275,25.31737972875427,21.88307058380066
10.867512788440097,18.180374991796445,12.116093250205083,14.407518018866485,11.178707785360237,9.302717332636067,7.01509876381283,4.863709952290954,13.347449926276372,16.60020740296463,21.088423661791897,8.04244597543854,13.394690712595606,17.47190168824686,21.73287085601004,19.445938417576095,14.780207565098795,7.72186228839054,18.529959160895242,19.870552789829414,22.308112963485677,7.933039399149171,22.90063947684082,9.118714580760384,20.719914298562465,23.501650610541418,15.045958900872893,5.682558513780742,9.739249458718525,18.282247982206073,21.364541712011288,13.768808015976576
-1.6743005618241813,13.957339683258066,-0.9706117094423954,0.830424401949692,2.859107331758525,4.077973481253064,-1.3432286867627672,2.0016247337770774,-5.48845420391325,5.9716515945701305,18.04669941123742,-0.5317530734346474,0.8830217485538114,-2.586159970690272,10.824597548577886,6.161104829719316,8.32566952429292,1.6920548211688096,4.158765039596555,9.963670552164153,18.830549705078845,-3.7264657071970118,18.1229126116443,6.331249294741152,9.128142976208899,15.129032050250933,3.2858823031278583,-6.396005618908498,-0.13315496137494554,12.571403571119077,18.156166216594556,4.491889947380843
-6.427589250121018,10.887978352940308,-11.179540192988716,-9.823856824779885,-3.6390922814175184,-0.3028129918172423,-12.318329813459211,-6.822610309650412,-14.292376015197238,0.7376430869078852,12.2553430937858,-10.549028142917319,-3.4276336676578985,-14.010330935926522,2.5427517245696,0.848095716869879,-1.8020476597170563,-10.165149882100572,-1.8527569808193962,8.652645951820933,9.273641323767576,-10.145910137524446,17.1665395169042,-9.254538329791954,13.819266215940607,-0.9239768555653269,-5.14891814538971,-8.102482483706307,-4.227749899522165,7.869612387456267,9.177446464978356,-9.004871190150585
-13.957042546317977,4.176857581895451,-17.232651194556894,-16.72362208346327,-12.015924757569097,-14.101524343014649,-2.179266494998362,-6.489365013534147,-12.492973164697508,-3.9314424155661505,4.063225890350415,-13.154860541721822,-8.130418513072891,-15.00018698026129,-4.917220932943904,-3.08211152155135,-7.087549098250774,-13.544961545475065,-2.286760832888857,3.0157538227168708,-0.9471294787232047,-11.934688181980167,4.4561675170291855,-10.859154949698052,6.406531017786204,3.0410772829724317,-11.295391485661026,-9.589217426292748,-7.911540928975425,2.1169370553070825,6.017746272380319,-10.520284841019674
-15.6721430800339,-0.043179561891885654,-11.701830192388668,-15.457343393978165,-9.875643547876308,-13.627723443334311,-14.318708352509681,-14.451231429220634,-16.557398155415683,-16.213366828147233,-8.966234944061037,-20.13132046434161,-16.861247874996522,-17.56539509122783,-9.011481781359993,-12.659523241918844,-11.704314795254659,-10.127895099303458,-9.336769707900599,-11.123505357753363,-9.576919720085945,-17.938008049274483,-9.571208442650159,-12.453070404611514,-0.47932453694847804,-5.697799762862587,-8.738520823558254,-18.317659098002423,-14.22451946257889,-0.005232082087848755,-5.891182181950074,-19.94288739243548
-17.147363576910628,-12.35917944640826,-9.601815561783466,-15.02360261841176,-12.917833230093791,-15.493209207918554,-15.778297770542517,-18.91524122625632,-14.397624450561404,-8.095639921134666,-13.313403651913752,-15.354864059994572,-17.765979361437346,-13.254741026390164,-17.92892451071253,-14.16305656366268,-14.171654588518606,-10.527689632857808,-20.45496760981369,-23.81172873759588,-13.87608380737351,-15.291569317360134,-16.346579009775468,-18.501169411414566,-11.365685978818437,-16.493969618841486,-11.972736538781913,-13.231475880189922,-15.267193253573568,-17.94398963329418,-18.43177136332439,-12.32754443096918
-15.39262240000738,-17.84582620648992,-10.581036538695749,-19.24281619527037,-15.929530995762345,-13.206538543653709,-14.967366671448797,-15.330417259039258,-14.262447069043484,-15.732273364453667,-19.95530141348197,-13.673935046672824,-14.855326904052646,-10.50882612396089,-19.626147569495476,-24.130609333061443,-17.18175439095121,-10.040759765113586,-18.036610091853973,-22.41949437794709,-17.00253899394102,-7.163056604203454,-21.845258399557125,-13.564797979844528,-18.46040982643241,-21.165756325055995,-17.342072746740556,-15.235284155314613,-17.22024385288143,-17.881370534415836,-21.145073145986153,-7.7713689963546235
-5.40143688259556,-22.597226653744162,-10.226034049717882,-12.833833243094698,-6.102464321341282,-4.1946418729652315,-7.979832129191748,-9.506504717765198,-5.541790251429911,-9.949161004314654,-14.585100143794078,-10.150554824174442,-9.387154893610779,2.029524218198551,-15.425333345980935,-14.46310340445823,-15.868857457267524,-3.473606067825085,-10.377428980395845,-20.021209248766432,-17.550850635155847,-5.095790728710687,-17.647561066336614,-8.548625116553852,-17.9593894038757,-18.598057684142525,-10.998697911343847,-7.0908414003961395,-7.811869324011164,-12.844502669618514,-14.257995711877205,-10.542929320286662
2.1103374507336077,-13.39421811639234,7.152651965129654,-2.4484611353377796,4.539349208336095,9.304257053502512,3.821491966099661,7.31272615268785,8.32140228396302,1.1830821048676419,-9.81940542332371,8.362225722308064,0.9486080456438397,10.112451103556662,-10.123684501673896,-4.439181036646798,0.7355552033777567,6.032840634193334,4.440102883895311,-3.381003135311467,-10.973538151596905,2.3879736042437125,-9.797749468326558,7.967832348357826,-14.026738753290543,-5.1671613419519025,1.3871133958268205,11.549690118991952,3.531346664259906,-10.114284052996108,-6.821180836438785,4.167467250461649
15.458223066694599,-1.1631232446512172,20.44225629290981,13.80538006195439,15.197384899295184,20.465361835919705,12.722258629027392,17.839123770148845,26.530435488785184,6.160877110572869,2.0708649352736215,20.564603468949656,24.386317699450718,18.86878707391955,6.200080700861977,11.71396428891726,14.91372360300928,16.97872098407141,21.269532095136732,7.854915828541429,5.720869838289106,19.062530009329212,5.487691492534296,21.573591061462352,2.2749260346788374,1.3887683033303257,11.086608985017289,23.62972494368457,20.440901481808826,9.338037510811175,2.88365773611382,17.00995142537926
22.355227331342775,16.08472630029994,28.17389969840339,22.781461625745404,26.348093053989064,32.182164813024436,24.734467027180354,32.105002472859674,23.248201343511642,19.407943540451967,10.212951402754664,28.85359343172974,23.90477799572397,32.414671361343636,21.99325553463992,22.81076398976138,27.692116585219054,23.960701646387285,27.238887638830633,19.01212075434185,14.551868222269958,25.964529625267858,21.06271030153668,28.174290103525838,18.744293172830233,24.537307698782314,27.541815727429086,28.588574708124032,27.71836589087611,17.073664610443366,21.011178051584405,29.674414542196708
29.76994368598475,19.075797704494423,32.33188367052755,29.979128991996554,29.13525906452922,27.418139236450056,30.03885454684293,28.03836259211112,28.52421843876298,29.233473176829563,20.231747670459026,33.69466385091862,25.651144225521563,28.915763277764835,28.6617101023434,31.993186384588668,28.617352697023826,24.270611159361795,28.918361899463008,19.87322758466999,28.417152092661432,26.44082799075015,20.25767754811641,30.140236241758153,27.478942778507758,26.93263355878988,32.399884860990895,24.94322808969835,25.190271443765845,24.10479962714351,19.340376821607226,30.16314178898462
16.73506300543892,20.191993850839065,19.01314487008368,21.363714294848506,16.364665864394404,17.9234238993074,15.751294740002741,15.270975270753413,12.722117990102113,19.988003760674985,18.004594231899514,15.20257003188637,23.094352377005283,20.965377746251555,16.75637623867964,27.49402552284824,27.92314928303738,14.64117353770378,22.95109846265309,14.123131948506991,29.799677248661805,17.28769939357009,20.595433886155174,22.689583882140482,25.4236988754803,19.22540645467304,20.601018523878064,18.098778786911318,24.08799390134877,22.20582368115182,24.862539740408632,18.547567956560826
-1.6894231367067887,11.436626456580598,0.8581465819128673,12.839601027128394,7.548857508643735,3.610127518521514,8.075547064834831,7.037167688210798,0.41437137721145556,8.190560167938257,15.083514665830538,4.697118909649969,2.1206949601047413,8.505799576681628,9.614080476965178,13.312535805689496,12.772051205361366,-4.522876844406738,11.650835874392468,13.137654576684183,14.103032441429384,9.728337122249394,10.616241339623802,6.1430644964948815,19.461783058170052,9.023602600822434,9.090929230616618,-1.47507053921906,7.689864849595483,12.794261388877523,9.175187248867319,2.118102472194736
-8.059335392747009,4.629260876306666,-4.772611562293902,-6.680743149934619,-8.336503040843793,-2.232962524534545,-13.972831914685711,-4.445052614620371,-15.156817164238962,-6.51769344429841,5.950028341375148,-2.7197144317056536,-10.686749842306392,-8.338515138191609,-0.8479390101598129,8.164867702409836,-0.2281703205770698,-13.844940090346379,1.3207525003023746,3.7799329365027012,6.6091273493054326,-5.816546528916637,7.771719283230822,-6.076834063737772,8.161296946803414,0.43009160619084597,-0.38364143253354366,-9.21840687483756,-2.6546967441380396,8.679825728167803,6.699500499933394,-6.317407853724013
-16.379658965393432,-1.1023239837290362,-14.20549423956874,-8.626982428628358,-18.403663119593638,-18.31047508377428,-20.532454710361428,-11.683068496323562,-22.962378472781623,-15.28759868602067,-2.169081650836114,-14.149105167946406,-19.61951424568621,-20.79975335538864,-8.602126210318007,-1.0627611558160346,-3.686081531528629,-20.458846605956424,-10.007444473670754,-2.355195532629164,0.32627418874974246,-17.032507850636996,-1.5783591242235113,-12.527365659898495,0.40793037038976143,-5.994189832335773,-11.760946573205867,-13.503000008987746,-14.512189447538182,-2.248435499891188,-0.3784591023364117,-21.585277083759987
-22.599238573821655,-16.049902258095567,-24.88433457483672,-25.73117426023545,-21.32613569178581,-24.733394917334017,-20.92247923996074,-23.763439933368588,-26.309883907608178,-16.591604255566143,-9.74871550888231,-15.704174384274017,-21.554051919231494,-24.02336757888827,-13.112853392558307,-16.32798667451073,-14.25841181345354,-23.919716348116047,-17.271769216875725,-13.812709422198155,-9.719086225784753,-18.24539051828611,-2.8391169942365164,-19.3287618042684,-7.622762015231094,-13.607991925622427,-18.726180096904585,-16.888523428138797,-21.798368967436367,-8.21410020233583,-9.218768423286757,-22.492898019131374
-26.68284550785709,-20.727198819814184,-22.461986784609596,-25.293166770136924,-25.406388561124544,-20.15138771756885,-27.051808390530628,-22.410260166064017,-27.260842973240813,-23.744840342416424,-18.95551911990927,-25.828400117721294,-26.291470621312893,-22.298829949122393,-25.525803054345527,-21.2037649377719,-25.29808434658204,-27.678999299182742,-27.479056895547195,-22.529991263917466,-18.461984371114635,-28.01640847849309,-21.519312754888425,-24.320290889245115,-11.49710681375232,-19.312001811518858,-18.59856221311079,-21.088810306575265,-21.883226420338275,-20.360584293835167,-21.074422688209182,-22.64531785081714
-30.014345122434495,-23.249581821218815,-23.564068875423736,-22.59771352752895,-28.58287814240512,-24.185352046214113,-23.254741315125898,-36.00246181609806,-22.93327382424994,-28.656071322008536,-32.63764017686496,-29.706597912271874,-22.28813021650741,-19.41916812340626,-27.681634200148356,-27.979037019038056,-28.690853592713452,-22.648895491461396,-30.834328243356918,-27.6162064119965,-23.268317802379467,-24.09939437781582,-24.867111295886193,-23.41337947779088,-23.77476418071962,-28.793872343376716,-26.797973705578396,-25.778735140434257,-32.65139610664549,-25.718241565942318,-28.292742961163242,-31.287941984414974
-22.396785024808327,-34.88970708356682,-15.876200528345576,-28.27516579328844,-25.784821457456772,-21.158137268399685,-13.885876904987116,-25.858509092911838,-13.546908637806187,-30.049284229960996,-30.052627590675648,-20.52246295267027,-24.722405966523024,-20.840297530766616,-23.638858133877466,-27.28083322471268,-31.78243495768256,-19.524208762383054,-30.189285295082843,-33.30393162911232,-28.783802073339306,-18.911359966943554,-31.574180720911787,-28.51824241982291,-34.49468311271999,-29.502450918097963,-28.252918930123737,-21.565863532085988,-29.692175547539044,-28.704650671938317,-30.487104675268313,-21.169307871383683
-5.800544312909553,-23.515616894209764,-11.146601975653386,-21.192818003377283,-9.687536788570636,-9.799305235292898,-7.1445431032390765,-10.579175438845539,-7.117249249677354,-17.508189695463912,-22.380348234983387,-16.467239194378188,-6.683586244788334,-12.237878162381596,-20.904684611690147,-21.944459303842507,-19.28065612473167,-6.141370275803181,-25.11354457684704,-20.814540160968914,-22.64450645618058,-6.830697839180315,-26.69879723887494,-10.685058382266703,-33.427335925912786,-23.896196893022015,-17.67560228824978,-3.818655780361566,-16.797475372356054,-27.868866258282967,-24.66977175742993,-12.551409715664946
1.4754989670548917,-12.883867879287791,3.916866508413233,-3.9302448617175116,-0.17617414897624956,2.5212649320998555,4.96748089910658,-0.9074273303047053,5.085240665003207,-2.4137599819772495,-11.024594909037738,5.935140911443407,4.354967900315986,-5.414639180456831,-2.6344822891631,-6.881601869231319,-8.938941979767257,2.959566121047167,-8.781370469308056,-4.854142150166305,-16.34545375292277,0.7481213984405544,-7.070722152100427,-1.1291843003068223,-20.035314053674362,-9.483569532829257,0.3809903319806604,7.1205808627488105,3.7645634007429374,-16.684458283709308,-7.152752268317019,3.3982186499744604
23.095093958297507,8.116892783379674,17.327878104468894,12.179587252576244,15.055342752939184,17.056119840740617,23.694924243410107,20.31063833621009,22.18143878702188,10.884803079826662,9.622411849511114,23.787437731487085,21.94248236060315,8.892869446569291,10.775742391042389,11.106855153055736,10.472532303562392,18.31416269575273,12.87216051467177,10.195145902520093,-6.149098212285962,13.420876090712826,10.842353546906972,11.30150017876891,1.7115679644342656,7.393290747715753,9.462314568473898,18.814269236658273,9.553789693453336,-0.055718609303791466,10.319642192886322,19.24580948755891
24.976250939739916,19.266229702335057,27.38411787627049,31.27630269905588,28.837217293042865,24.414988696511315,36.36525232067565,27.784055570745572,32.079321979277104,24.03006143690243,21.816243588354297,23.52462545538886,33.07132140553637,26.966067492849557,27.827544084523026,16.814458532914703,22.24806614677935,27.70022194502818,24.36475223251627,16.76714878570089,14.967629454448389,22.091822293425725,22.23723907752848,33.835856683023785,15.57375954204011,24.05264407254546,18.531975094082892,23.34670169304674,20.15226210503508,18.676016587889865,22.552556919423434,25.756656992416822
31.941817153742416,26.3042665895525,29.28944342148879,23.321216128074933,32.87122065647885,22.993363188006462,32.51341724705312,24.725735459900203,25.17612832796316,29.11278210882977,31.83619038873934,29.929900455963406,37.45480423946568,30.484852560462055,36.53375791835627,23.364203894073455,29.31120031247425,28.334910513498105,24.89772486991155,30.204252248615607,25.285253216201113,26.17737100402066,29.60023099879595,31.785014059278012,27.414311317626154,33.479087595821916,33.22222707551016,25.685123182719348,28.74184120436082,33.684840459822375,30.07816952968486,25.64549798728289
20.23897245169978,29.343315904803806,18.889984461824632,23.64853899404095,26.432766371860012,22.48332767571785,14.633223228578087,17.687528914847448,19.620138211590852,30.42212308604426,30.831702135246285,14.96211605136671,23.30024093949695,19.15191687543859,26.961635241211255,19.43361381864253,30.656344010119504,16.85430223339797,21.84383333139299,25.32514805082617,28.883446576884424,18.585265942035118,26.199563421153414,22.46195145537098,22.561571207021988,26.397552058394062,26.189264062484092,18.655427404604936,19.09502540598268,21.192549106711546,22.264768420290537,18.646168333944914
10.851211973623588,27.953743171500236,8.779927127636741,11.21379348942446,16.28450777655438,6.99738422492881,8.298397915994487,1.6355434588256437,2.8572088713105566,20.699181560465753,27.511427043892155,7.925088249910387,15.613460672676302,9.44113899568879,16.371640567708464,15.795031259494142,13.373068472181696,8.14376801838505,11.871296013119666,21.406916458315617,17.704540197935387,11.578504846651002,26.036862869798952,12.630192524904816,17.441610513549975,19.404258965623455,12.419239144975965,7.675845467477846,7.435819706012873,19.448774331321534,22.388583246806324,8.503239323251721
1.9238011705291502,17.142935972180865,-3.4040652265951836,0.3455733141336197,8.686195269899478,-0.7837407887321136,3.1753984082838245,2.961625758757576,-6.579964711293632,7.5779623454964575,13.941244920741358,-3.454002477913466,-1.7705850009549908,-3.9362103650759575,8.492135147441555,5.917938367312246,-0.5265379562672703,-4.038861255632353,4.839028622599855,13.15223851785837,15.59448567357116,-1.4414353841956888,15.141329268442195,0.444249974550612,14.077229801273463,14.009292116490037,5.914539153397083,-1.8225211864659459,2.2862413088319595,15.04994372052631,10.980281480363361,-3.6784040673572833
-1.2946058221340062,10.427395458292965,-5.714262039246848,0.7726969899130256,-7.083881313360232,-5.457707404062881,-7.004957041476279,-7.803910996277633,-11.235119979995797,-1.3946347366651037,6.289427451248054,-7.11061507397747,-5.684242289713503,-9.5197106898795,0.18217712538572933,4.7689987363005475,1.4491922375152075,-11.534698776358427,1.834625719430508,7.280504553809226,8.515764978235222,-4.150140001650415,10.80346923385523,-4.27204192361353,13.204867931587868,1.8430899764410027,-9.322821063365566,-11.461324088284808,-2.901259473672034,6.546230006740446,5.077247756098878,-9.996339766085192
-11.140107737298266,-1.733651312409836,-17.944794485207737,-5.625225016363377,-11.995168485853787,-7.963879682080398,-14.596310118490923,-7.75569735465119,-12.638726463518699,-13.491762262551358,3.434881871380263,-10.705753868897412,-16.62584635360333,-8.379003416133898,-10.309730262221624,-3.6057554543938686,-6.847648843512656,-11.52641840274251,-7.816625804988241,-4.819632276395637,-1.0107038655846203,-12.274507859827082,2.3179962313153366,-12.034616742510826,4.790175981951648,6.052431665251836,-7.731088963302925,-10.731993795462426,-7.648058748736374,2.616688728629283,-1.845175906578371,-12.477168468786816
-17.83298542809555,-10.498864784514472,-14.430795231706687,-10.746239278511126,-14.834908550603863,-16.193428877630712,-15.774937317347549,-7.670590782569541,-17.614914320595602,-9.072744360285272,-15.431683889989971,-14.283876626645332,-18.91686395597177,-24.28294331818051,-11.657350636275567,-11.479671570227143,-19.472273705091933,-12.174077429643765,-10.907325246406629,-14.863290548361414,-5.141297530689083,-11.316727842846332,-11.344962188448386,-12.192120495143516,-8.692960741486274,-10.528119409127202,-13.568654106114662,-11.836368428258877,-13.43030078830977,-11.176809292605755,-8.309686413547249,-9.88064929018749
-14.493369878554807,-20.79162993292507,-12.350798679199775,-20.04624119049666,-15.820100156424996,-17.6649843503832,-14.057155676199157,-22.660983889998604,-11.41509053736066,-16.9692004788117,-17.11070530389525,-16.31511579189045,-22.27367677639505,-4.431828891570684,-16.2641787124961,-16.084220961159986,-18.767420292425577,-9.927603502819398,-14.719562875316633,-23.43480667713944,-15.231577038913963,-9.96804688194721,-26.00827466015758,-12.48880600437767,-13.693403917695935,-19.07000383421888,-11.667172624440848,-12.369739723622066,-18.667581251110644,-21.818694347977853,-17.15718446987954,-15.233427352231995
-17.00814105405559,-21.674283807856845,-10.4072851461114,-16.930522674270758,-12.037036362420764,-9.356745602069287,-15.200142755548251,-14.430482042751231,-11.34341258957819,-14.340633012998529,-25.572742442101088,-10.826970564814093,-15.161679893822647,-11.735009026619172,-24.939210310266738,-15.00102509643298,-13.493340179749676,-9.564356777590115,-17.742232631803596,-21.59780036277978,-19.32034595287814,-9.806850738365682,-27.702299338430187,-15.275260637268653,-20.87508082997404,-20.890680877965806,-19.25556071696939,-11.071884390048671,-13.993090645681173,-21.157094285902225,-21.664770923283342,-12.38259887945779
-14.434630953686353,-21.316640965796967,-5.82699408305794,-6.2359379183111265,-5.880632209261115,-5.260620207432451,-6.266705026605131,2.3999991190205976,-1.5894713438820063,-13.291829143056892,-16.371569406343585,-5.31325817822018,-5.751405338326651,-2.757579063149246,-16.618027881159392,-11.244694814933762,-9.325323115711887,-1.7222546400820649,-6.106213991821886,-17.731729569511646,-17.3289393568646,-4.343728441469272,-19.742895807698712,-0.9507344797516362,-18.061413653089843,-20.878242274235834,-5.58837100161525,-5.664464730876917,-6.277546614156124,-17.225077883495373,-12.342979075984296,-3.9384247667484424
4.177607494199543,-9.92354882896282,5.096475344691685,0.5929538552181411,6.227356014147315,6.7209222340218995,12.047595776519668,10.877966496087009,6.057902199531921,4.417558594945731,-8.444944162032998,11.920606122459294,3.723245048372157,13.323518183690496,-5.427299889805805,-3.7581520913824367,3.8103762744450522,9.372459587428319,3.102747665277584,-4.034143522851727,-11.83070360583649,12.618287007488394,-13.121478931377034,11.034428640641869,-12.459673928122788,-9.007092037554942,5.093904720203447,11.506713519261208,11.424354755939408,-3.595365672123245,-6.398523794048413,6.272071077732917
21.97964332377045,3.0014066987733727,17.23185990311955,20.569579199467928,14.795829787202647,21.232657335143163,17.016045928185097,25.275871790780837,18.356858967401877,7.726121256297425,0.7130061779703367,20.76157663863408,16.81140860545793,22.382434181416688,12.371420421603021,16.204191039940774,14.499280039465026,20.29039860479028,19.579486864814815,12.56801393008763,12.115858283207343,24.60399963035643,5.571522806079945,19.40602006651488,5.569298035850188,8.197599088769469,14.745339725232764,21.796017031672726,22.982940616950675,3.4998261033727385,11.788567097879262,21.609190256908356
17.344256701586602,19.93887052056003,27.899607073461205,21.867560198161915,26.624357970318577,27.9215012115932,26.387722561546955,23.144808862137314,26.323931222473625,25.772105528964143,17.39809606027708,32.65032495452422,15.98980629801482,31.169450836022207,12.542286986878063,20.542519408337288,31.096346205825668,32.12287672342176,31.2436769218821,14.015819976688636,24.14538749292194,27.349603339814358,18.562044083683258,26.436023230714273,20.194688975441,17.77777311763674,31.309843629370544,29.16965708258949,24.490299163810125,19.547322013697777,13.002177000367107,22.381611713804148
22.91015146778495,21.22503273270339,16.457154179627274,26.513266992834005,16.78529131123686,20.60756503264864,16.848194620891537,20.166926854190404,20.930485245260684,27.282579435100345,19.401933752156772,20.758447187134536,15.951455288051092,22.08022580330583,21.0954099100733,23.575570831494574,25.098849190303895,19.766564547514285,26.32206591053398,24.614668497156053,19.457735882345602,23.88326096147227,19.513443348200436,26.712416264201465,17.99174394892059,27.37676571087916,20.413319089212983,17.934153799684783,17.813844041872404,18.564809972088632,20.24100434766805,21.765675113315577
10.347688705100895,16.815713533812694,7.003117899608539,11.441093888563374,8.987297118088684,6.882763257094089,6.672216255226849,9.748380455474017,12.181255284154682,13.679900063061641,9.87639860193276,7.484731309519523,7.178842007892727,12.13989628600026,13.92284504955446,18.100630350690153,11.7915726256777,7.112646481930189,12.732630854565844,6.904775351413061,19.679019201419155,15.406631813657974,14.93452853059403,10.519078398891429,18.272495516047886,21.00334985025452,12.405144191497472,12.647953075770637,10.683510617558014,22.089555196613347,12.978036114554982,12.459981102308591
-3.8311209353794116,4.4755033163058515,-9.717953167284747,-0.9516261104166756,-0.9090496740321923,-2.3178706891314307,-8.399275414913546,-1.0306073044911703,-9.244953217936901,4.811617616340589,8.98391457233719,-1.057545495865388,2.6871989007061425,-2.4364460320165784,1.2580601801560447,1.2319249659960025,8.249506402709633,-8.063521481366173,3.3062042383409036,7.835789033005539,5.952213647998993,0.7369211820116799,12.962646125807936,0.6648031871040736,12.914431879251119,6.89137792532141,3.93577703047138,-5.952312213553721,-2.6394233857047156,14.922285633828361,5.742024331398948,0.5439364869367164
-21.565914897582104,6.142034749344061,-16.985422710221453,-10.579414485552272,-11.89959231281624,-14.691046503009716,-17.231070895957732,-11.169001805655569,-19.842907438618415,-13.104425500944528,-0.22322847833903536,-13.909247398355419,-9.547268608381126,-16.46155393871083,-0.16764056687888454,-3.9514712137393984,-1.1768814139785302,-16.490902170946637,-11.087655526601532,1.3147938202330411,2.384960373437206,-14.048871801184875,5.942964486436831,-18.254705404573837,7.7457776132841705,-1.1575654465994805,-10.642817598159855,-17.109984155944183,-11.550498482699872,4.656475059146822,-4.561514470790928,-16.911951204688847
-19.02753713020115,-3.172220981705863,-26.855353867525043,-15.99342585216244,-19.955213810506798,-14.642219394172914,-25.103839076877875,-19.159647415886223,-20.16982220645299,-20.667541355175732,-1.8194302505004625,-18.354790601788412,-18.805048506460338,-21.1855320921244,-10.813271643670635,-14.489524284258938,-12.679201251185553,-19.569047269197863,-17.82461774413923,-5.486125133324834,-5.212657338772356,-22.90431481379482,-4.421667027234964,-17.539040292519246,-1.3624917093003197,-7.384263723198663,-22.40664322223406,-22.206236971706478,-19.23780419405997,-4.826826456548574,-10.484244721400785,-18.42338767777163
-20.969350717889938,-10.002320897722369,-22.81995225487139,-18.90097003196657,-27.372743383293546,-24.492061895137592,-17.107931790186132,-29.158779576613547,-28.38665305529693,-19.56785849081073,-13.953524336589613,-15.151413388930857,-14.967444869385691,-23.72589297526956,-16.565382314943342,-22.95469188163717,-21.07793643339683,-23.443161624094756,-20.91747361747509,-12.181309499074993,-14.959761449940327,-23.108679360247002,-12.270503051213007,-16.767535904211083,-5.187022361079967,-9.50321523442196,-21.287630711421297,-29.964263800161934,-21.71631020522871,-13.749446863507897,-17.109744320272448,-20.800284589980734
-17.757681990787088,-17.938542155260254,-23.85998969332917,-24.357247176959284,-23.57847649611203,-28.036821988801282,-17.06172119251359,-24.796857112897285,-22.674848907484467,-24.24882556108446,-18.742243084302967,-20.056810681820902,-19.96220823103282,-29.711278019609498,-21.197164483921416,-21.433839356358103,-25.52648886687548,-18.011399380844924,-23.10812227806686,-19.433732812033348,-20.083014799352785,-27.549463740780713,-13.207130202807068,-28.693480807025075,-15.537129767311278,-21.658233155206233,-21.57890552848173,-23.60471453807626,-25.37875102716956,-21.481957290933952,-22.69479168615521,-28.48991031279603
-22.142450015380252,-24.994240192948286,-20.11839819412074,-22.09466222498602,-17.605933963912126,-22.687359213652165,-19.676906971386224,-21.061042790928852,-20.37637007126041,-26.543139015192658,-24.877277613062528,-21.851469606993774,-23.310163906077968,-28.939978652489984,-25.809602335740724,-32.74413739088898,-28.72515333870605,-16.44092037971737,-26.7650314937228,-27.662869058485718,-26.96355376069034,-23.632553954926685,-22.3850104191738,-27.05914836075159,-21.07535420232676,-23.419202927523727,-21.41190408915359,-23.601970294913418,-25.7449912589493,-29.188073555320827,-20.368923136982847,-28.372872830243413
-15.817471858845186,-22.855023997767614,-14.126661899594906,-17.807160196587994,-17.643035296816297,-22.786074201348356,-18.61064944444244,-18.890334788820653,-8.252899238120289,-15.369805406725352,-25.37814991723059,-14.739788980567141,-16.026013411965966,-13.65524283617778,-18.96995054421208,-26.26538471686,-28.41477624008813,-15.154840969339409,-27.69834558451132,-19.6678461230032,-23.28398224029554,-18.268331036449144,-20.73465758467371,-16.192943410801377,-26.011815577125653,-25.323791594571407,-23.358558607795153,-13.97945134227468,-20.20952279408371,-26.468369274239603,-28.535011289879275,-18.393580471855078
-2.1721527301013044,-16.156012800958912,-3.0568014381217843,-6.308389749468638,-7.588959728873468,-5.939484489499239,5.767370139489076,-0.5261479701379022,1.147413893236625,-5.6997531934675765,-17.725082368809144,-8.296081269033984,-0.7247055613438621,-7.7370036821962715,-12.156893948607875,-15.44936038292807,-11.76449757247411,1.8261485651799187,-14.385357656775957,-12.046934636954814,-22.084237651563534,-0.653690748059822,-14.770105432097816,-8.2275883810299,-19.819838141625,-11.91709301620657,-7.3562620109206645,2.380835183524043,-3.924425710195078,-18.783996159492023,-16.14860937491158,-3.0060646332745784
9.041046958307524,-0.884590500492227,11.461928977732658,8.867173608494399,10.812651606505225,15.973753209266743,13.045527908069138,17.75261822376795,12.362825327024133,6.312853989393063,0.35405883719844145,18.82427661081527,14.46056450248125,8.998746656432695,4.714180171038894,-0.3970404363620995,0.7459942455560281,14.527092252112729,8.42938932111951,6.194101501417074,-3.6163206710495324,6.277840490075198,2.3538978784025595,13.61368211831882,-12.569743959957913,5.875980515129044,6.619627578858529,17.61630271383391,12.557912454641896,-1.6745165075218758,1.4627422631386156,9.715321028098476
31.37214863312395,21.80070492163986,25.825781900417347,19.56921873571495,22.80281598916433,28.870812729484484,26.757308636299868,25.60251607094068,34.1289079558917,21.55323753603319,15.964464825865196,25.354225050413433,30.918936043103727,21.160316164661893,19.11752397600554,20.764131462524603,14.27581791872714,29.537345174132337,20.838412709408637,24.29671829200246,11.495971836910833,20.73189925063499,17.374926456357056,24.773165904287552,13.71326274866193,18.410315258671613,22.139097291665188,26.26378307695177,21.252275343829535,18.345432114707915,17.861373419213127,24.192865951725125
34.59472282167281,30.123227056930784,33.07843845503468,26.475414508466496,36.0419484614935,38.073717447302265,33.906867215714286,27.81277127151548,35.365934285332116,28.216415651202876,24.187652491245238,30.416300485521038,36.091226626116914,31.356212469589426,29.165203852711283,30.630697997315984,27.21376855165244,38.40647961938126,29.9214409749082,31.58700528666381,26.61572777465006,31.569360432882654,24.804222339426754,25.849865541695763,24.109944183779742,31.92625166036605,27.02241155527115,32.52879646931771,34.39411965893471,27.106089236636713,27.217324535619504,35.25936317380367
31.3761616437735,32.86272127260503,29.834657066989728,29.441667791788248,32.38413668183533,25.138762574262454,31.21157948494816,24.6487379938884,26.769964394573822,31.16117177066573,33.104073714045995,26.62427839104267,26.486421347853685,21.180072533211852,30.063310342945783,30.354362128210305,29.784206120051177,29.887291004683025,29.909141195101945,29.48223975256401,25.891145637099438,25.293915195730193,32.43023182415631,25.591038755531585,31.771325956938945,38.037670028065655,28.433323694727324,30.626059114720483,27.53934257191101,38.28084322788786,34.39861970187543,22.927239711949614
21.996023481209825,28.931752539656593,13.392274921548786,24.712945935972268,19.99429607039021,14.132951155701615,19.006072977519793,17.86902756874712,16.90299954772804,19.56762044265445,30.55768012410081,19.05110133673479,19.586381411311024,22.4047552471393,25.653883183097975,19.90081787407461,24.291272503521792,14.160679087160158,22.439210179351818,25.009916991263736,28.340302131761923,17.331814182703212,28.011819553719764,24.718246037016964,27.105209259236386,27.2496069833471,20.781935293502343,14.977949229377849,16.30752851499366,24.236185307020655,26.400717765395825,19.242762664790575
5.967340812479279,22.979421241376674,6.638063373586332,7.522598799848787,5.913769338085763,4.820769802131408,6.415263887511794,9.321286895308527,-6.12430198887692,11.356663482692293,21.962807718316164,7.185330058641313,4.098207004858121,4.714693147861082,13.469313360636448,15.785896314044422,10.433360714553361,-3.9712449802243115,9.586569971764307,13.092958551571245,24.728183608324382,8.840785350234444,22.16938417187236,3.268194336609297,18.10749949824357,17.400227716682885,12.980722840512088,2.803096000630303,9.624753183105087,23.08628082603535,15.743746812713288,6.605945734153408
-2.0437498003025873,12.75600368970599,-7.879549416829492,5.903801133427442,-8.486879966644146,-6.086934858568179,-7.569655127985876,-4.305260318952865,-9.361749453897943,1.8844665722980691,14.028799862763009,-2.403551646131435,-3.35016130409049,-7.774518553198012,5.691179108388148,6.35881839091675,3.685692243668257,-10.911768018078547,1.2540970390213966,3.388747020132478,9.791261839751613,-3.9286255188388512,12.254333544636284,-4.927280454847451,14.063540984319992,6.062790879367674,0.9078316117325895,-12.940330721111188,4.344018257107302,13.384942044871176,11.053248955440644,-6.782177264300334
-13.047518889972865,6.306342888110467,-11.610712090108523,-5.59892196444244,-8.537265608556414,-8.13736635699826,-14.34656317293292,-4.4431941791872855,-13.302905830617522,-12.100784640598425,1.0261346717192439,-8.031925358569403,-9.411106495795355,-12.677139302421597,-3.9503155072349196,-5.487185754044398,-2.5752814186174744,-8.91228337172895,-8.537628460784475,1.9596858416936656,10.283241262117182,-8.844892623248903,4.761130260623181,-9.381346228982869,4.625489266693156,-2.6599220219334887,-6.292347641974066,-4.158345086156207,2.4272515345841033,3.453136453751233,4.896517590867432,-11.382090898646902
-15.560399572632107,-8.715849622142565,-10.248419157566342,-15.618016969624515,-11.708885366825271,-14.658971390617314,-19.475403047108827,-11.90728939946679,-13.42176275190636,-11.950751270271907,-7.327786367051644,-10.172558133433398,-15.09094098101776,-14.059043341596338,-14.881431051155257,-7.3836999054505705,-16.483138734867538,-19.65631803152278,-10.890197534055435,-13.420661560917765,-8.43038342430617,-15.330554970932889,-10.093929217214422,-11.976899369913747,-4.25463433635539,-5.828212453299608,-12.925580342965679,-10.050771748296528,-13.042633342139057,-2.9803497821106557,-9.049245522043686,-17.555064460928214
-15.82048840909173,-17.58403268620898,-19.787934740376315,-19.267591571770346,-13.57068301485995,-19.743660499841805,-18.4180279156826,-15.05213025924958,-19.589875011492804,-17.461571847922183,-24.65527617097168,-17.57168423420565,-26.901646270693263,-13.998284442407925,-23.482813175354146,-13.022117652271163,-11.972938966105053,-14.653825201650305,-17.773964933675963,-19.91455520402925,-13.8045277572467,-14.254843531219677,-21.22167501211177,-23.203334276526014,-13.279713496848562,-17.0179567748418,-20.642113828606078,-14.050180783738435,-23.812838955704898,-18.780976761490848,-20.669863712698415,-19.123487111036642
-17.497486441294672,-25.314596499061548,-8.660361485940788,-23.79094581000837,-21.36126751788482,-15.510069808274169,-23.49179896177412,-10.882006713365634,-13.792277642046763,-16.459978900002387,-22.735463514748396,-10.841633684734418,-21.458091269631538,-17.167226379607115,-25.048091786946856,-21.995158331288444,-21.98884696124343,-19.84557716098471,-22.960791359220668,-29.341757042150103,-26.238084301118874,-16.803475274548507,-33.77692678942887,-13.51632763523165,-21.053883227924548,-20.805677485228216,-22.76706621553624,-16.52166663128835,-23.69840271929492,-25.96393823059953,-23.2349956070091,-14.578251119332869
-19.789679272609376,-29.425901160229348,-11.168645713537058,-14.145099416583292,-15.174700238605801,-18.027804670902814,-12.214029362038811,-7.994760922467899,-17.835530525277324,-20.825685178601123,-32.69276808654176,-11.681927979368746,-10.771323864446071,-10.051403080728827,-23.902399960028937,-20.239352078818897,-21.726050170848346,-15.36246060195971,-16.983045335183185,-23.409298357989567,-21.307229685058207,-10.243010768185206,-27.409977417120484,-17.26013681423658,-29.572407541578073,-27.9730022129582,-16.567879995956126,-13.40141380422806,-16.07963288849221,-25.050835438563475,-22.075182457283027,-7.342075899773389
-3.052863301095904,-20.178053499333867,-3.4500139140474717,-11.041959242907577,-7.155420839514404,-1.1151791858286957,-2.4960756190118847,4.095343021103883,-3.8393172371875792,-4.971871655621651,-18.113915744110066,-4.033330033105841,-6.110480223677721,-1.1748633510820472,-14.754412336983197,-4.286863573178143,-8.168035853473171,-2.379621082972219,-6.152582148707729,-12.527490333328103,-12.74411115026185,-5.456618879461644,-17.576396914094012,-5.331604271711468,-18.340062826806705,-13.977454005985363,-7.037381924860735,3.9921786273379443,-3.508329578362583,-18.453765036761702,-16.448830541277253,2.586701098763413
15.456316008209935,-5.427096828362165,14.479044759033892,3.9136350398610387,7.9018548148261525,16.045027897178677,2.6921494303669595,11.533138573873792,11.145737182413725,7.280741237306731,-5.759342920729685,7.09605991072268,6.550667864310668,10.092685093728212,-5.269010417084871,3.533297813354876,4.111784587890928,10.707496138552163,6.076032277136519,5.630454134400199,-1.6114438115604692,8.709467817660489,-5.081370068771548,7.800063546384129,-5.341737331301937,0.07269755967081917,6.046162595178254,12.249889200736023,9.415306688683495,-7.5823123131329115,-0.4581202164485168,8.985777587444987
16.223623433454705,5.468086665289795,21.29766112081819,14.029908133504334,18.79101056645795,22.03515920792637,16.605566713170475,21.722297628754255,19.915518193578357,14.919476200670601,11.80689462574532,26.04363323225972,26.5156153731726,24.218198648655797,9.809104365771473,16.081556366967025,19.630544765369677,18.803398149786382,14.405308681046233,11.487081196557915,9.793950569268711,26.04934273906615,16.95236812942455,21.439787153950824,4.3674335545605585,12.890685296989517,18.011557538886187,26.460316137939685,23.037807299054045,14.629784206537908,12.784287732083882,18.25937035964567
20.994748530178036,20.516036103474914,20.82019218862894,20.28717840686622,20.474748755006637,17.503982873878822,23.6834390537115,23.40388658639646,21.462521241924012,19.984793781958818,13.900912719788828,21.244945477897673,28.27587873333224,19.338231365985223,16.808866843329223,21.267687309880777,22.056315973638554,21.769349674778557,18.428994951406118,17.825944638977642,13.356637197591855,26.51595891758522,20.003475494710088,25.062296863573522,17.565871753074276,16.245638586415886,22.713224487081412,23.285185049342584,26.616599495287204,16.83194176375729,12.786905098933815,29.729177340086864
11.933028510785997,21.45667957428507,19.354698298083438,19.254741896828797,15.858354714699075,13.942758436456858,14.960331742936795,14.407560277186922,16.786800570643123,19.305091464968953,15.426415590977738,11.642654425125416,16.55002860723695,18.056871729223214,18.05943124112885,14.144452985586355,23.704008647762187,9.538365406542745,12.423494248481985,18.23708451993516,15.512042715545121,16.825591008825278,17.890600202482094,20.302940247010905,21.544365942062065,16.607489529028737,19.70439133119875,13.965596129745252,13.433427129106356,18.33488114573995,12.886009212713178,18.595567757085636
2.8211862466012363,13.091172419010757,3.6473654071715167,7.318208331481112,7.231056671784264,9.118466999643312,0.20795459993947607,0.3187453255759618,-0.2610509937042396,8.360979354154212,13.748563720582066,-1.4124673027311294,4.39645987335086,6.584393143497941,17.917217159478163,2.803553838646585,14.40513154955963,0.5233737536438086,6.041405395585084,10.483689830192104,6.082200987431662,4.6527979922129274,12.797413574824226,5.377028021714217,17.401204856554816,12.201447706511615,8.14016767091713,-3.9624919242259864,2.9429731039589355,13.177018500187668,9.385871668304933,2.848775181121206
-5.305031926619908,12.201739603401188,-6.71775933999536,-6.372812629131245,-4.470401452120313,-11.265783083662493,-12.849703745819113,-8.113100447445174,-10.145523400986706,-3.5749814135961575,8.721518281653283,-8.671188976375438,-0.24361973095138656,-12.163059892001504,3.30914482673563,0.032567936477507914,-7.420154021448357,-10.209964178875962,1.3375786306328723,5.063055428521842,8.663452337163056,-8.29970129804884,8.866676632511203,-9.198902134651044,14.705245073185507,9.833668033189342,-6.0519548104226315,-10.320438651275907,-3.2495902244954022,5.5076309351697645,0.3627820242740984,-5.705860835252767
-18.778274539746942,-2.8861873374835083,-17.57176383414071,-14.535072274937583,-12.365227520679843,-12.688504267464955,-17.962599931246586,-15.274565763540549,-20.68572090888954,-17.081973960672162,2.9150885144409755,-17.027991362602954,-18.0197431042448,-18.011778880501822,0.43159562959497355,0.8576825907815433,-5.330852589460864,-15.363036495524758,-11.888759908701442,-2.3900322089149766,-2.0189810177258676,-17.612105018615463,5.85028487713472,-20.94936717934113,2.701209211948337,-4.558205811169091,-11.742554420735827,-20.801507156721662,-13.47628879784171,6.180278016524561,-3.0542394665597774,-15.895240329682819
-17.829066312922794,-0.6069709174702962,-14.482428419825087,-18.446999234000696,-19.18460318290805,-18.68131564967427,-22.093076090250673,-20.111521219574257,-22.02616788792724,-22.743671851310395,-5.067336604554203,-24.60180072769596,-14.765544295573799,-24.606451033380836,-3.7828509594524977,-11.2082638372776,-20.617231129914288,-19.49719421569989,-17.147268029902094,-9.544236311782663,-10.19617944330183,-18.821943789579993,-2.4295931724204425,-22.693486354176184,1.1895359788532913,-4.554475800756691,-20.05306986134022,-20.296681111870495,-19.761903086815735,-6.092531540188433,-13.424065086232623,-16.730909300328896
-19.285891987391494,-12.497504379660933,-19.913244552095883,-22.325106649970134,-12.7379772733022,-19.631614276002022,-18.424370582830477,-21.6359986769536,-17.863123370313918,-14.913930880902077,-10.635433028602923,-19.898486988936085,-20.323423185353924,-23.730325424218023,-13.004096465348303,-15.10169616792193,-18.747241261025543,-19.336891971314202,-20.658726093262832,-15.219715293134186,-12.702887805891248,-22.832114777849146,-11.216127340966798,-25.595621045262188,-14.175514223226683,-11.294726180120486,-26.309495901166336,-20.331701450672,-25.51119737271018,-10.244497863897507,-16.992615815031982,-20.9665924925808
-18.128190759231785,-17.914501536183284,-18.60983243112913,-21.70596647437687,-18.717565590100357,-30.310173521648217,-11.298140977922742,-28.586627413056583,-16.624111267168416,-16.473373927189556,-20.86510975726764,-19.072425304591448,-24.192457049836705,-25.864651995823905,-21.623681735520925,-28.0566288978843,-25.118110688691072,-18.73690393721409,-20.735757887379414,-24.901911611568078,-22.271926100638584,-20.046091238355046,-18.283055355343453,-24.63300145016923,-16.13492498110193,-15.780566922132966,-26.997253161528377,-20.826184419328793,-22.472112529202445,-16.11517999893534,-26.14690089838422,-22.36863454585516
-11.376489866619671,-25.30233200437423,-18.542547315777565,-19.006299470745933,-20.742994769643463,-20.353997766094363,-12.447851145831434,-21.673685343986335,-13.201374484178896,-18.659617035053213,-18.71360752373109,-18.5462100745214,-15.942810778070195,-20.024081298176068,-19.224703570714777,-25.457196341589107,-25.18320591750101,-11.394306108805248,-25.8828163108932,-25.35418671564632,-29.01159378065234,-17.124597639147556,-26.563657657150504,-15.998205949429853,-26.20933164426019,-23.191015326879185,-19.354829814760915,-10.826506911322808,-20.096434596541876,-25.609327349457843,-20.980359250036337,-18.010679411063595
-1.5947734609899942,-14.366359313811301,-5.657253494937999,-10.451860965508535,-9.047699746057088,-5.687713400079744,-11.220492179610401,-13.21581511642664,-6.744123221612059,-13.077581197134506,-14.483148005641826,-7.674406223099221,-6.543392383607411,-5.8677836450304,-17.53168018204519,-21.04878541216875,-18.26655634353378,0.74928516052104,-17.0185136895911,-15.332171819222696,-21.663126051918223,-8.597414883444609,-19.298197001261673,-14.238303899538545,-22.800103817319837,-18.019491668050545,-7.348798041077341,-7.698377255985985,-6.49440159963383,-21.87678255031918,-17.84550235309023,-8.591572417390019
4.932387604176615,-14.154166695862108,4.900778328936568,-1.8555426188063495,-0.26197171376973805,14.395801786603677,8.00205837898134,4.6668442907497605,2.289681416866129,-3.548788169642336,-8.362071217171298,3.5827755657794946,7.776298028138591,2.284396463873791,0.22983453840098547,-3.5510908784279955,-3.282856177704703,9.04018640406131,3.1407724641207793,1.1742739102670126,-13.344275442464166,4.480880840211259,-6.622632118489365,11.133872523553368,-13.900128609717287,-6.7020143213522205,1.8400012681932763,8.743350829519251,3.5397781869458815,-10.255817504533304,-3.94763872689543,6.552261107967475
25.789519897103887,8.66287583493444,16.47797047359846,16.598613438419545,24.455390234836663,24.396727151219373,22.9467086383804,19.471777644562987,31.584476678774138,13.239055749457052,9.484819204637434,25.972337390569045,26.886167089065633,22.535423680627453,12.45976750891918,11.640454158457477,14.048948016634967,25.22220947273803,15.874425735385362,16.16330930501779,3.7119051930639473,17.999290419332603,9.832809760692044,15.752237194517818,-0.5353656110794379,12.274783862895177,13.728309811066925,27.333414678686708,22.749489451166085,7.730773496550088,11.963092756209148,21.073885998575253
29.132527956864664,17.884434165136078,31.695044440238874,30.882674140464275,29.946758615699405,36.88249247418166,35.79671861383628,34.67222769506282,41.65610955573473,29.354915410538297,24.64798091661134,33.219617239003036,34.18227623185886,32.50231198228798,32.22068789820252,27.770108923820334,28.037408807808593,36.89317089851011,31.133306905693793,29.074410110447072,19.396930261786796,29.451295892822873,23.283989600814554,29.06223356355626,20.645632947951476,27.304024485036358,31.36998802491089,31.761924420011272,29.799667376379258,21.392096947076755,24.546971995468887,34.12162021567138
38.332270696547894,31.14644121904269,29.68174132848929,37.37948834700898,28.045902088681352,25.53844017989341,34.71451526501431,31.75890944771064,36.36552809520423,37.51886136518403,25.449643523170316,34.54320281225731,35.20826753076525,36.06950865378269,32.769294795075254,30.70836266470321,31.880225727887787,31.64657182908245,33.58668426799942,29.312583696520015,27.770764193348427,35.296743019884936,28.04981547885345,33.943410701002705,32.65517264555606,30.063788914828837,34.467069450883194,32.61123032315956,31.53468917486963,27.23480208109012,32.2510488228042,31.148225934322365
24.160191098648415,25.734851869972996,24.345314800467875,31.699202714288447,22.546871499336188,28.842149400703615,24.573202954846074,23.468541376462493,25.820875833912844,25.37741764080872,26.908376297056773,25.85961331640473,25.58797716092216,23.80239906900323,27.489220482520558,26.42380915413024,27.878104793156716,21.9809578196287,22.45843243463355,26.537000021788728,30.184319258992602,23.489638066175477,25.86580536396192,22.138493051043298,31.566607753721982,24.115747771860914,30.826260680275954,17.89210556171523,23.003393304165964,29.46508038684328,27.53704961625625,25.128077037968023
13.146095764738257,24.90326644623422,10.93581414331,16.995891668296377,11.991034437870066,13.649752930557275,13.152213646416223,11.667872027087066,7.742005037290585,20.05840046519303,22.38347164788257,7.34295281798325,11.80504483094578,15.481422035750304,19.12414064191057,20.817268995767396,28.30072452004189,2.108632624930658,13.889292673457597,18.952175072560358,21.242221084508635,11.68776831071574,19.43127278869442,15.2050454443157,24.89614519949277,19.90386499061665,21.461209885767467,11.199639603203254,10.623444010794444,22.696967236053343,18.248791617849673,13.47123101084337
5.326857692176852,13.729647460033718,-1.4887390308362727,1.2274779225279762,2.6108219520238354,-5.503454944553004,-1.6894084223428396,-1.689378220602531,-9.25708853151571,5.223125185357417,13.96891388499149,-0.6964619894696419,-9.71691068890691,1.8425816456930204,8.426065773306199,15.583229154999108,5.855067452041746,-4.783531578481002,7.743173954826913,11.20812796755208,19.512147710833815,-2.745669142480333,10.703146692726142,-3.1664615931626403,17.040400615379284,11.250154549409583,7.187018610309487,-5.11721247119196,1.4956300920527674,9.666804088957123,11.207594428935128,-2.2155383230698105
-14.25801534024531,4.266495281007666,-8.531490690140277,-8.78178407350991,-17.389184960221304,-6.902345553480261,-15.74923072761265,-4.147294754886776,-14.505049634625967,-9.812670189186118,3.181918852293491,-8.426650409256188,-10.358572922431954,-11.938503615840995,-0.17641717570984386,0.44721159132503685,-0.7117026825462379,-13.325523687075039,-3.506959793387813,-0.995782057130511,5.879191782131626,-9.135025056200423,10.463469555965785,-5.899608893893862,6.57554131519465,-1.8458199372555266,-8.66013209901872,-5.228817636813575,0.0853264497759329,5.72342419178989,1.144552868051654,-7.933161363739038
-21.214482161188204,-7.86916487482093,-14.991898603862339,-11.403753331930906,-20.59253949200939,-14.002727029108632,-18.83366645145243,-12.830519137785402,-15.238370430051443,-7.904102866808174,-5.692345872453033,-16.71859741402957,-18.193743820115895,-17.530341112924706,-17.132918245273952,-8.250059796478656,-14.799800190030005,-16.483891624220234,-8.593884933280675,-8.6847498562603,-5.565937413643994,-19.400328820480027,-7.397609184319186,-18.89842464638474,1.003087244710732,-8.476228144011051,-11.085821540980149,-17.710001095455205,-13.327325422378266,0.08350058544224298,0.5474679778631133,-14.191022634867993
-19.419233383057165,-15.502515842619621,-19.194639005354233,-22.404073843958162,-20.121751519325993,-24.228616631456877,-23.187628391178702,-16.22801334561757,-14.83004823141988,-16.341781768348355,-15.301755134774684,-20.76340201318406,-21.228420475475083,-17.603295738401723,-17.758375714267476,-16.62506320116878,-20.795768380616508,-23.55338159252029,-18.06659073328445,-27.338157148353577,-10.644967867066926,-16.47335646095843,-19.81046457244161,-16.150283339325338,-3.268867106965401,-18.852247383960652,-15.06649928194437,-17.75924607284298,-25.68767733974676,-21.25639404723109,-19.58539295265893,-15.887673546422912
-21.17469365722251,-25.719193279110854,-25.552058848226373,-22.624235843057996,-27.27422939084783,-22.742506530080774,-24.698512925963247,-28.006651191790805,-21.14559327679253,-26.197436137534762,-25.666761204598117,-25.434186447043384,-25.643521772983245,-15.158524025127672,-26.093585110389775,-21.576483356634,-22.16097321278712,-19.74676260194484,-25.3533554566794,-34.58313151889645,-23.871682059492485,-19.23622081042825,-22.341853919252625,-16.078586780017055,-19.46569321058442,-28.359376968791345,-23.62894448846504,-18.60305160813809,-24.886245338441597,-22.98002339312347,-27.931973981458633,-24.853259594435226
-18.336297077147638,-31.24729105678028,-17.769438722345924,-17.40678773538211,-29.10003427866307,-22.83975402058795,-18.820005271123232,-20.705478340387153,-14.008916065843989,-26.452687142707845,-32.15972425476292,-24.154900321821884,-24.14488172473656,-9.633140004446549,-25.00079252086444,-19.27068219808565,-26.60929804291074,-17.989729427248417,-26.807869098390317,-34.65205163238523,-26.400310428449313,-16.06990768841624,-34.91566828679026,-21.349691965986587,-35.44908967582096,-29.00378384161785,-19.202845717020693,-18.245907832990838,-25.201636361616544,-28.0961077687027,-32.083368458053755,-19.779917609807416
-13.489621315193656,-29.47473824255337,-11.1176627170971,-16.79432753697797,-14.162077205100235,-14.080021166508597,-12.45255742882067,-8.479460382752713,-2.8951690019413023,-21.173455133717834,-24.370707696388326,-12.101369524367456,-18.40946777352458,0.09315034122216292,-22.92682185990823,-15.708306687694275,-20.629684971899795,-12.20494858807908,-18.91340174937807,-21.836966702358968,-23.73003905414076,-10.447555810552418,-28.720302076276568,-7.709032218634217,-27.274316873751328,-26.99796836403913,-19.974225735214453,-6.670966255854976,-16.532580537338994,-30.75808931965351,-33.31028726883946,-10.125899671691663
-3.206323982123604,-19.661520376276478,8.666416502924738,-2.8102746065073,-6.441509092623354,2.639766422489658,-2.633556259688869,6.881879983740553,2.759364393033545,-6.570250337224722,-16.122155262837442,3.007067135737551,0.940472250801107,-0.38404146530442357,-13.598328255400832,-7.602365448683395,-10.020829590153742,4.042157973324506,-2.674879415602332,-8.397626254798784,-17.94381975438078,-1.7224616932541739,-14.519250929024464,-0.39695041204632775,-17.777288620573806,-13.848055624340882,-4.590438825660875,7.41561284256514,-6.3585514311978635,-11.800819278102182,-12.609848200184414,1.5981940546146405
10.562978101376494,0.28405426881818163,14.316775399027797,16.47475374715319,7.339023088885253,11.97407589975719,10.93938596095969,12.861187374185807,20.40150501018652,11.83889460247249,0.012021175022096514,9.64262753158733,15.14191183215021,16.606094719698667,7.90173886047431,2.7623904226527447,7.610974662887463,20.947145092176072,7.959801366690354,5.681226095332397,3.064977107035032,14.763111531683894,5.556397207751952,8.060441748707245,0.1684563321815244,5.189368405890541,15.666806334579542,17.463199811162152,15.524829161888741,-0.837074046396671,5.014864701866156,11.704385797914652
19.964799997159783,15.977202122907308,27.002942226373975,14.448730307938218,24.77014172466801,23.899413944190385,23.901602368819535,21.579626837960557,21.341016154249427,20.418889856376804,10.971660487227398,19.087314448093615,21.171265079283064,19.683798535984202,16.893661407850093,15.721185559551664,18.063494462593102,20.697774980970646,24.758345183901042,18.147184813817812,12.272969526097304,22.075313898781218,9.026055482855918,23.51512497409812,9.892733667192608,16.920844925618297,17.451735444511307,24.62631633818408,21.730902795170845,10.729138577905362,19.718400028151233,20.57296066176926
19.631821155662657,18.362968768549887,17.754878961558195,21.84978895251566,19.506499961938292,18.160638600718602,23.613748652256856,14.928439356454486,22.20367460945136,22.402390577476744,20.030319334139335,20.632284858673064,22.83188925024266,16.284984111056897,26.007857362688572,20.26979074669494,23.45929282061328,22.33083323310368,21.53127899050462,17.31480285207655,20.604021854541358,20.180614973402005,17.415995641745717,15.6610932743383,19.517990823503,22.278381203149106,21.57404579272672,15.17088882754171,21.07567979216772,18.981614242053187,16.73779173560997,16.4445824291891
16.413269949249553,20.123037790271248,10.158300235438082,14.981179710721648,17.04231872686599,16.217406616512108,15.096035911011874,9.07000885434279,13.914731616240143,19.222106032311782,15.039519174067923,14.001235762538597,15.643038202701112,10.655930835384803,16.466002130378207,13.895341178299157,14.210219397656239,7.965976825359578,11.683958753948085,17.443941683830037,12.35056671340416,6.230352757923676,13.599415725687553,7.142269519251555,20.406606073542505,15.477143934665857,16.891636972683944,1.9524477086695575,5.322540620563118,17.55469529498455,13.527314387328374,16.05736929783435
3.3643848240623258,12.001682512175277,-0.7602250697342247,1.1885097268390266,2.1031513834639757,4.834063053924446,-0.960598601945205,0.6617779601706063,-3.418700626117415,12.594361749633995,16.247408416615773,4.627522631927738,1.9459403535261064,6.439787473892532,12.988934084562986,9.279556551068351,5.829718920208504,-5.858752776424571,-0.8317642571799233,17.20363680289265,11.78391210946908,4.409509085042293,14.554446300476053,-2.0854291451814784,16.943937279093774,11.635399145930212,0.5877204210173479,-2.4502934918613475,2.342191541222547,9.269880324662502,12.71356077306849,-2.4819789770481995
-6.720450705970823,6.044129410556531,-11.110114186995315,-7.587531904427325,-4.956404994362904,-10.45972408084624,-8.40504008592679,-7.763207139081485,-8.677550317047558,-7.5540537597878386,6.818820438581435,-7.689383144143099,-6.333755672949936,-12.735018759557816,1.9760490646532776,0.6301178336929212,-0.771768088944993,-14.627435113970275,-8.138877841094821,7.866358665572139,3.487143975738058,-10.63938950759383,10.416982252830632,-13.40462827222071,7.686391247700029,11.375224368482165,-5.85546344497031,-13.222387518191683,-2.966713634119115,0.840058459116799,2.312497154860258,-6.339225238041395
-14.365260561689812,-0.6012616036938533,-19.23265452300288,-12.301228789578449,-8.353084574539421,-14.099278138532803,-16.15750220032698,-16.418218063971086,-16.351742032206385,-7.647957278924135,6.688958880565394,-12.24884480901383,-13.67170040502443,-20.756786389340178,-3.6518986392476505,-11.201706295194878,-7.532815952027417,-9.685297623023477,-14.836701764874118,2.0121959719963063,-2.095436185464857,-17.002186742108453,3.2892528844521514,-17.93813735077741,0.4081818872945975,4.906508052458392,-13.082252929055114,-10.768611570284268,-12.317595909546391,3.8642381562723687,0.16340605945032532,-19.16590370942588
-19.98709668544081,1.3880803548081553,-23.926706834827645,-22.21173605096344,-16.19853041294588,-17.601191416894732,-18.604563602133062,-17.65995101135475,-15.322305397270723,-16.51419906736058,-3.6880494802929653,-11.864051350952376,-11.886478222242602,-19.012813997249577,-10.585115642177517,-7.4177034365448495,-14.765407878091704,-16.783822985757794,-14.637475596763624,-10.090202181482557,-3.679322168770299,-16.03358151793073,2.476248848720395,-19.66566576056961,-5.185306774277542,-7.178004319886461,-14.186783356070475,-21.445453636478216,-11.964625401661394,-9.81121582363232,-9.706957140669159,-16.579076839847506
-14.832873086658298,-11.224718546636225,-14.315261589671739,-19.078262309959644,-7.480062779311521,-16.975353309858278,-16.27705856470928,-19.159707186482105,-17.95593427209585,-19.64956563507776,-16.70610975180779,-22.429923090854004,-16.266687552760853,-19.03080984896824,-16.269604246781554,-19.72628245641055,-20.264286224222676,-15.889972001963397,-18.53482098127333,-21.459920678176584,-15.0747472586587,-16.649889792189462,-10.112995933997059,-16.466322952680475,-12.081897223776126,-15.154231917064147,-15.0013449743772,-18.805030979605462,-20.6474804107698,-14.82019251035505,-16.885247875173278,-18.763017614052032
-16.900455911009406,-15.610832594006569,-10.403704347191859,-12.073822003789925,-12.99073151735116,-19.774863092244328,-8.353736987301113,-18.846235903091962,-11.616685386408747,-22.76335379269568,-17.87051819464494,-22.78781136428521,-13.58197394895392,-16.145883095872822,-22.180370761546495,-26.958417018806635,-21.249792806946814,-7.220404438439831,-23.760056908701486,-18.591605133860888,-20.020455206832953,-14.996790175248618,-14.090699995564998,-16.019097041181137,-15.504126732169583,-12.694575114449785,-17.8090293840395,-16.6565906382591,-21.56741346238022,-15.037988784655848,-22.004581283976382,-16.149353359502847
-3.465912710862062,-18.82399356895014,-8.785136886908276,-12.206456173326316,-8.081156692549973,-14.285372125068893,-15.075620854670436,-15.580217892609372,-4.574256333203292,-16.43267544586785,-22.080497624244845,-9.103544817435253,-9.7343865011635,-2.663083337387562,-16.476801030373426,-19.006739461734956,-16.52786302473136,-1.61835607281673,-12.857649901849777,-24.467657315285397,-14.841653316068971,-14.680143362118455,-19.220364726764853,-12.998286807194603,-28.532914139512354,-23.819915809020348,-12.33255116305906,-10.328562509141406,-12.353947542332287,-27.29818482436273,-21.95463911112008,-12.453819621682147
1.7045884627114989,-11.835012971969055,3.3895264462436363,-3.548757995750689,-0.42123754122143664,-0.18788126520978776,-3.9959005897721225,-4.971009595780632,5.14138596954401,-4.797681252453428,-11.147701892806227,1.5403021560381236,0.3688411558107156,-2.2429699957137146,-10.747126214697783,-7.511914298297542,-9.8103635502512,7.019210794823253,-7.409584759730905,-5.5118364916332325,-13.208090830239174,-0.19944355067191216,-17.524031985110433,-6.107093772177511,-15.155367078551706,-9.399109270058835,-6.125084070060968,3.4758488438809065,-3.9183884729781555,-19.90395576208388,-12.265695224685453,-0.5527313083700303
14.599581511771333,2.042455526425309,13.706642497489236,16.245978118473644,8.171978632618458,16.174839000634186,14.72672724379742,14.466416766899767,18.678908515756213,8.925236772544677,-6.462156795318515,12.947613220723747,10.376236085884564,14.460304196691776,4.4187590913889485,3.2606451235148075,2.6372421458209723,19.377993182112544,7.986782961192573,2.4301409254800195,-0.4976168870269778,16.732191377882945,-3.2149100929701975,12.222959945634543,-7.011024230876334,2.530399898469958,7.894246036711882,14.024123258928071,17.303649630874638,-2.1043984458980445,3.736072317058279,17.61110993588447
31.472892606880887,10.426762391596904,27.852576806361558,29.046024449614453,26.97020538287434,34.35985732357748,27.59576759490055,32.71298695085861,27.591725763430354,22.13094642690017,14.885519206353237,30.97478304613598,25.811570260768683,35.94486601087955,16.159180729478315,26.761341203534823,20.52158675480532,35.26087991530936,18.806683900774125,20.77104710609996,16.893511263323543,25.904901863962355,12.492431044091784,27.64875797197548,14.646629847826423,19.779761813947253,19.515057310897653,28.76497212791977,23.380465450939887,20.316182279646142,23.00081570598404,30.480784133684246
31.161874072948677,25.97098904760354,29.264703420001275,32.873788099166894,34.06878421464408,36.66382069687185,25.487806351164792,30.65549603825911,34.213059027731546,31.035943925070473,26.800289509459947,35.9029784038696,34.96795276755384,33.57869442376965,26.00514353326772,25.58162102832497,35.411988386152466,41.23497497822237,31.25235918910908,22.30786376746204,23.512542819212264,32.31078931832357,25.284093526681094,37.99118183030009,27.219691427784998,29.99588162243105,39.269916969414645,34.241359352301146,30.608325182383915,24.787897564936042,31.11651088198879,34.962599416309075
26.82882265381998,27.778601926265484,30.229291390982876,29.942313726714,28.732972646994078,28.78083396591173,31.22830860835956,26.444032851487663,27.078392597286864,27.206240614516435,25.41940660386358,28.092046698819463,18.239503415585588,31.14336752538595,22.43824138434856,31.175430720906437,34.34287332690486,22.08539165500223,32.0935440993374,30.302236308375015,27.256081283178194,29.56672444097489,27.61524874025647,28.25716326445106,29.43066580678226,25.544527221745575,37.48182763380869,26.56432939039533,31.207642319025275,23.633867934340167,30.389906171573802,37.4337090242959
22.206456921663218,24.32865482545248,14.343538363988474,19.74085111296822,19.48955560248428,17.87248138695514,17.888957919261593,16.591537333949717,13.190282494557627,27.03006977853057,17.74172851297028,16.649806808318946,10.460217962914639,18.85906959604861,19.792659962884454,18.612925828851054,18.29684952907269,13.75753974292949,17.56014547865821,16.56373120509746,25.06457245141135,22.238469268407428,21.757994895442803,19.251380320007364,26.732327464404253,23.13234448198274,23.230353455208242,16.909167265307314,15.828841515266967,21.52810957010001,27.65446342704771,16.582543038136883
2.780804538470078,16.916459963555553,1.0250029995547816,3.9102094892122654,2.429999648309262,2.4036603883188192,0.8281702766284562,1.3633301546324375,4.329262122213954,7.110862757835673,17.605017829629166,0.9570665835795532,3.450738767864712,2.4260616184376524,8.482976223769578,10.539287133326136,12.589412094139522,-4.93593975096878,8.024609958798758,7.907207165676608,20.19488582620658,9.471169350572241,7.909036060306546,4.813820462458504,17.96735777627772,12.757018410764525,8.499141185646117,1.263694088942835,8.994872715646574,14.72604241728609,13.601898595527949,0.3474714764375622
-12.854982401439463,-0.21553809234274468,-9.981347637379516,-7.124422984529894,-14.253464246243654,-4.89300800636395,-14.26736533307085,-3.5221727380430488,-12.295943179852726,-5.150384492435497,7.362951011124178,-7.878240007049621,-12.918259292804636,-9.658465110040282,-2.0417626328923997,3.083396559426125,8.527903830875307,-12.382065275850682,-2.8781404083363884,5.381737051935871,9.74810817306205,-12.164005444477281,4.557880914830509,-5.319831242539985,11.487376295366586,5.785880599607534,-1.4992232919013313,-11.988633590415553,-8.844395256541212,8.127211339746653,5.0988763753686,-8.078990955228079
-18.500821893827855,-4.1846662057582,-17.004606414396104,-17.96267642790779,-21.123664002746956,-12.702526199610206,-20.840067410139945,-10.385136225084233,-21.377034391471987,-10.05451581575925,-4.26023195475408,-15.95442828388251,-24.639868162809368,-17.02995879767066,-10.37687403822661,-2.864505662106761,-4.157461939899815,-25.90839932420133,-9.564758544642778,-6.426792858872139,1.6905921021284036,-15.463787992885894,-6.476591184087415,-13.832438510589885,6.471673800353493,-7.028156254434675,-11.82488056043196,-20.346910072909232,-13.669517214947858,0.9364500290424104,-4.427995928045475,-20.096508779219
-23.353404999203768,-14.492768261654648,-24.242961041554576,-17.193599205973296,-25.462480410783627,-22.4327562245825,-25.205885626070735,-16.42783920298935,-21.385145093486212,-24.01276094665147,-16.314362750486776,-23.807518775273785,-23.439187566384504,-21.941591742979583,-15.942100917560328,-12.286580469866152,-18.6426886441827,-26.642873976167188,-19.425079753939485,-22.867557077516018,-7.12651941411472,-15.9727205423746,-13.19759600484363,-22.26735976393471,-10.53690665965325,-16.130920070819986,-16.779384850300183,-18.737292625606283,-19.53409413014085,-7.74919617089621,-19.890903389256113,-19.4766475786184
-28.507908187949024,-20.298672986353303,-24.412213408901223,-25.02196825601989,-23.32657793492851,-25.916206299549863,-28.08576233417653,-23.736442700212976,-28.07812209452228,-25.027207226598975,-29.01047842545474,-20.52227681679387,-21.3533665630095,-22.823078806389837,-29.917917811122994,-23.423511510053793,-24.854960679275365,-22.476596733997226,-22.018099751501566,-30.79567905124206,-21.227170756622087,-20.30586875432222,-24.7380471258366,-25.13659381638223,-18.637321599866983,-20.23668895077213,-23.904417274575085,-20.12398506397997,-18.00263960680036,-26.125853972661275,-22.672864788637778,-23.666707478389796
-29.26303018509149,-25.925666180582677,-25.03589241871924,-26.509181703849965,-27.12951394396113,-23.539032140177063,-22.21327588558596,-21.228460097182356,-26.276972151613343,-27.431166804730392,-35.59132540301097,-29.84354448347218,-25.571597949243504,-19.479829281071474,-30.81033465190512,-30.02499368656878,-30.451810028523354,-16.451545306834625,-20.189169688926306,-37.512145575404624,-25.188442381208176,-19.814898413177676,-34.87148683338513,-26.651591477506802,-25.9346557872077,-27.565290850474092,-23.974106903690732,-22.721544905199956,-31.142226565213797,-29.66772303306324,-34.76749760795762,-18.966873131989058
-17.853252567180476,-30.603991890729564,-13.879294607178357,-21.838505989464746,-22.783528771201222,-19.170977479329782,-13.272182546383604,-19.218536010983446,-14.949940304321265,-21.62502365841568,-28.370771502371916,-21.157305860127554,-22.953820798142573,-16.08551540542204,-28.691551363336927,-20.387102759483767,-24.338908651275155,-19.096763427096008,-26.37148448489383,-25.82674851403131,-29.314502482727296,-18.75960917616255,-32.68227230261148,-12.742261167703116,-31.772032882312566,-30.151410026664337,-20.70731048728998,-17.760077010410406,-24.58378628248539,-31.835708218050883,-25.152260254676637,-19.44249505050748
-2.025038292138471,-21.70855911215076,-12.412680012797694,-13.425279685269757,-4.469559425221514,0.2967665130054703,-5.334337656280686,-5.9250017578391905,-5.914785221224881,-11.325814835014445,-22.769271016344717,-17.662258631253692,-9.405273818319584,-9.258557646701021,-18.744229194626772,-11.252442510496971,-23.031063788275677,-3.3473792829449796,-9.838042144523337,-24.830254992011362,-31.03061124275992,-6.315128704460972,-22.742297333885947,-12.338585542841443,-27.758570471235696,-19.607186982926724,-10.744299134775746,-5.624510137569769,-13.44303721292853,-21.265296985318315,-16.433085827740122,-5.406455137446374
5.4670654512482955,-7.5152201435952986,10.438871237844277,-3.560339466385024,5.917395338573289,11.047787893875839,8.259167963966153,12.779670949223222,12.429213905947726,-0.4470180511528577,-5.739284574017349,8.630679457548913,5.543092141629865,6.040381525036276,-4.454697785013363,0.42051881640379163,-5.108171233474956,8.2752299629179,5.389074356484409,1.64095424733682,-12.487150342696635,4.344368774980086,-7.311684997804963,2.237903603363883,-12.56228630053764,-2.735325005589926,1.004668165258832,3.5016276149541348,3.75850034255951,-5.758717925873544,-10.406357117383225,8.367327942741994
16.715124545933868,14.110024160368765,27.23571624166987,14.766795929335325,17.773243844461348,22.586158906321092,13.640525775730502,20.407922409464472,14.964271763661142,22.108965573972654,6.778971919143598,19.20916112562266,23.01688111821075,21.630183679975968,15.880429963290494,12.457307627862884,15.183835274505519,24.748303339426563,15.081570291653572,14.19505616440129,8.782869638543024,15.342417080081967,11.897331869276563,22.42389471494389,5.488811230324898,10.109836663346002,17.11491672579718,22.268457024209155,19.988198099354612,8.358319186372949,14.213629611490047,16.41114722130249
22.927656333491928,23.505908528134142,24.268142337591765,25.85279367323823,24.856397181781166,22.097341746433152,26.507915098319927,24.698766152958292,22.528538692554594,26.289872807923302,21.217167849076393,20.703902036565715,25.27098735319261,23.919643683032696,23.264004788487078,18.25164707959647,22.849403354306958,26.98569411212239,22.17954946243679,26.293957116197152,19.49690408875178,22.907316135359935,21.66384890569986,24.156146808707298,14.85302473321136,22.025124534847482,26.526362598895634,20.777097636308618,27.393714195802687,20.359798426271627,20.570636805604735,28.438528387147883
21.28062786337607,26.39602081917976,20.308633114288266,18.873218331060336,24.16772767750998,19.27878632562624,25.126510516078145,13.456295880834139,18.396948250687778,24.883787660892814,23.422882908744324,14.270353991366926,23.030826587892737,21.111896794700943,25.051174624696603,21.662804452547647,18.1218525907547,20.348564583983705,18.32634058803518,21.05117304596448,19.378871761107288,16.840317997673743,17.932452447364582,20.750277684247294,23.78783299729424,25.737349393751607,19.67640915704549,15.058630552070918,14.65296082783501,20.215578602591705,23.51240435379219,18.256998214136896
13.659915741125017,23.14379834511926,11.276496889892458,17.43184273432534,10.098994222528814,6.796906826234147,13.234001095882697,11.394203000847021,13.670167412493262,13.832573535398451,16.659968170298793,10.088842343817287,11.92059443512285,10.231804803439964,18.091442951991407,12.544417092205753,10.521936482079537,5.692379716010887,9.772368551732086,18.37902144305784,15.811589396059421,13.202033285206209,20.416305647314978,5.352752035506634,26.43846023443954,16.067788249905576,14.043563033174552,2.300182588076337,3.373637667264951,18.54469507028802,11.350815893511735,11.231097052858493
0.09741853387198157,14.724025914792445,-4.891129910617657,1.4929482854196594,2.736284880717194,1.2759788841029789,-0.9666117843101449,-2.8202141160429015,-1.6843108736864867,1.9775274274466097,18.60595465954915,-1.4162773000797662,1.6036532769665237,-5.365457467611419,11.310944119881402,7.6850345260721245,1.1476432400605692,0.31184411625161235,8.434742142089233,12.688824209540147,7.096039317283891,-1.7383676401519161,17.199160953775262,-1.4886884124477242,16.197444971545288,12.94967479469054,-0.42669258525872855,0.14099149609374861,2.654783910500202,14.036767543062904,9.220548862854535,-2.7527468622387916
-9.130604702753427,7.141170445261415,-8.919718319716011,-0.10459776925453995,-2.0030725102485096,-11.217732510580433,-11.481322416480856,-8.604783526468253,-8.81102129111029,-5.751924623875241,8.228573134111992,-9.427615339320758,-4.423140905199696,-12.365776153185298,12.476242483968779,0.25888089255465857,-6.096045997642907,-12.71846993370445,-3.610773932780111,8.652239798916984,4.567299669392117,-10.461115933378204,16.904195823537968,-9.563538945031786,13.636414857313309,5.057004187001602,-8.5668230207475,-15.07426533371813,-4.803138400353369,5.683365024703113,5.274930668680328,-15.169989822592392
-6.955427430631696,0.6972572677438722,-13.954421455397926,-13.197352544605668,-7.529801274627937,-10.818187474575744,-7.641352275055457,-14.083517134539381,-13.467781706585633,-13.431518068633896,-3.343247408589544,-9.630997796821525,-9.926249221573885,-15.686905161212524,-7.757428271564973,-9.461549758270671,-10.049735717488689,-12.04220744378505,-8.633424874790636,3.1277993550761827,-4.0414584553363815,-14.510443568685558,3.1914099655471935,-6.365457607322098,5.0894493268845835,-2.9495517418337336,-5.514880248802269,-12.128053595645536,-9.53412345609052,3.9421416539476133,2.6440028786766,-10.17516583527729
-12.473239690335097,-4.9669735743327825,-10.42788377584243,-12.589367064950752,-7.909344293800848,-16.73799725886277,-9.107551084714755,-15.552699744102497,-16.45859911232441,-8.825201444036981,-4.490616813673493,-9.083525118928867,-14.433856230938233,-13.365447281060822,-9.13278714299997,-15.046896375815585,-10.889945090799626,-14.740844579887293,-15.73222913582053,-12.136339298294969,-8.331784124772051,-18.93045699668085,-4.49305643863624,-11.079508425918998,-1.2825522501004503,-4.342573734541685,-14.131096762575067,-15.67707210923268,-21.896251538818856,-6.61500033893297,-1.170404708008127,-12.925691222368878
-11.666120528866466,-17.40742816805548,-9.345680032399132,-22.965012497796703,-11.665096218403662,-14.413342434145502,-16.452439219279285,-15.070701541984324,-12.701076227059222,-13.794089617744545,-14.67277201029517,-13.580742868792248,-17.337435738135614,-16.17643307010052,-10.869121086198742,-16.940504679692,-17.670563516329295,-15.152208934609936,-15.912928485589127,-18.361571386507542,-18.983224409000762,-14.665067208552497,-16.907071044906534,-11.781018808311662,-12.636013263493153,-11.995202670105225,-16.541889210818315,-13.256836857396909,-18.554328879730193,-15.996524726445795,-16.367086824875457,-12.4369951674952
-15.77756518768174,-19.845543597463383,-11.378758813359722,-14.352845710376458,-11.600344737251977,-10.683070728286644,-10.181300211345501,-16.48906332730368,-5.166163056620584,-12.64188448098404,-15.616159465748755,-15.754549085941242,-14.990226615093876,-8.651226511211703,-19.87115352542622,-24.20493033166005,-18.411221429304337,-11.52970091050739,-15.225812529986982,-21.73055460458322,-21.03824977160814,-8.71765735524218,-14.002048542239388,-17.45813880853272,-19.460518902107307,-15.836376041894018,-15.189180241110549,-11.750117036156976,-23.890542885075227,-19.46793693857543,-21.56700806681991,-17.33017279878683
-9.472770386287355,-13.054692675557488,-5.5254092875738205,-10.604660917960157,-11.928504847718342,0.3125434375170713,-5.325047973721396,-4.7519962213952205,-1.6862780688462318,-8.253200576901765,-18.021293996205536,-3.4566845496406997,-10.129497053873832,-3.5825778179563113,-16.723173558865668,-11.886365920091938,-13.17154853259927,0.6389404302462427,-16.194562744973283,-11.589237401885377,-18.45623722224163,-5.6957853658211235,-20.913740154255798,-7.045345180558706,-19.362436034063954,-17.437777482837525,-12.906544157619678,-4.358142266766117,-7.981676743142911,-19.12357922136581,-13.421097652099364,-9.419169781169346
-3.620347621687504,-5.54353665103917,11.107343926081409,1.3099250903775543,0.836521844430915,9.555169917753696,5.917658628398587,8.41400304764497,10.878437494281092,-2.758079535267761,-5.399486528783214,2.089760693636367,4.279708893090408,5.013880195508971,-5.1112158359055675,-3.513290628103675,-6.79550155268612,9.84210052188051,-5.666720733263692,-0.385910305969403,-3.962887828861965,6.270806751090334,-10.240734894931139,4.556684433499155,-9.239792250876292,-9.414118200606536,0.6709287788208574,14.386598552778269,12.470736436480959,-7.848670327283717,-6.447929605679298,-1.4389537601521107
17.360123602737442,1.4812094906195317,16.647762267650897,19.420866656175225,15.284235131422728,23.971493772746186,8.589352831112148,22.24368764729217,22.27707700758922,12.394079596522152,1.9257763794555884,21.003051118156822,15.621574713433699,19.027391411103125,12.062615173872874,10.63537528677583,14.991091284618534,24.99025166114467,17.233084517512914,9.167759678748642,9.430116213370695,16.460269040410463,3.1794224542423146,21.070406987029855,-1.949188908544711,4.263350984540881,21.714634089415885,27.15494456276784,16.554159176724752,5.857347809690484,10.105000736569414,17.37167564309878
23.10778526437862,17.679479018769896,24.470300699971542,31.61655601784385,26.17716488709107,30.171766487975166,28.22156206440905,35.45418786716888,32.620038652106544,27.265816297378034,16.542331220423318,29.850040111230722,30.760272931267583,34.41127573346055,21.825268683730283,28.80694777712709,25.23799260438933,28.70830383109436,26.254315656626318,19.951304719600348,17.35147788206236,30.46182422055331,16.82067911126588,26.88607316151652,17.15699831769022,24.39430898497144,28.2184784397086,33.44984725961201,30.739422115547196,15.36774122795631,25.712673007092693,29.159771126427334
29.906233640735028,24.758320545427573,34.15501372600406,27.978635900526186,28.04815445714502,26.20907390311059,27.315553695860295,30.646266823242797,33.205597139987596,27.86081526952678,25.407238132303927,28.900979924322314,25.708777586003826,31.34342914510633,21.333924640336306,30.27647698916568,32.83257299290388,33.661729026379625,31.38187270347165,22.357709983427114,29.655431795122958,33.335153239971035,18.92926227670083,25.331142863609454,25.06665863351685,28.432237999697186,29.201464420171682,31.97387172953366,34.680702086094584,28.182331765277628,25.355106277118047,32.73485608231644
17.264964398548884,26.473826520685865,27.94655174011672,20.549244890736084,23.93738349884067,20.05189191710294,16.240230509567738,22.391238378187907,21.36238311081152,22.193824865353914,24.77892986448762,17.773717633211653,17.061917902301523,21.448264761204392,26.84529785894012,23.605790538126495,23.737426973111663,14.858164070733142,22.655672410562214,20.49182350191747,25.315908581437462,28.508970214217474,23.85974404552,28.26189219631931,24.512114979900687,25.803664940851633,27.743325217258654,20.376901098613075,23.471250533023998,19.472560104982577,20.99462786960649,26.19062958752448
2.089805978974679,14.133864843514816,6.122705881559476,8.790420833889373,9.898982609012952,-0.12764011151542742,5.352155347031308,7.448376843265935,6.999403873664446,9.793279491159876,12.13093561761419,8.685389551488242,8.29514256619783,7.242481838356532,18.692742168532593,15.951010141849595,16.104851987333493,4.375296004995644,12.024880595123497,13.979260676691588,21.75566556232685,8.905813957139658,13.363601619507138,10.687583080132518,14.156536204215572,9.514970578896655,15.575083234977694,6.566974868638776,10.41139007276977,17.247345601490043,14.656378368625425,4.406029252866527
-6.975464366246798,4.698476209869325,-11.53574763088773,-6.2109178814682435,-7.027120898171176,-4.91485118191755,-8.04036895234966,-3.5620129431096155,-3.219384196812454,-2.3190649349804997,3.9791345478720186,-4.407931341797499,-5.318651208326879,-1.3562457407294717,-6.247461844366223,4.2884078385833995,-1.6789089353655666,-12.746855257030129,4.4899475307324925,6.3810036877291925,9.646275007268056,-6.452367635433278,11.363749206552482,-3.353031750997693,9.409393522661675,5.1306186794059325,2.5631115040157906,-13.01002551359325,-7.465350187989885,4.327978165991396,3.7619767895680765,-4.546758288442028
-16.73386059122177,-3.061493753378838,-19.89308714132625,-13.965813129915487,-17.42655776045888,-15.55721834562826,-17.675522048036125,-10.522824668181439,-24.14399245957601,-16.640911117416024,0.8891300611115429,-19.344732856802285,-22.645272381436925,-9.225384445069423,-8.56170373008384,-4.589509313647072,-5.942801451966369,-24.457651113054585,-6.426030616773978,-1.6125170185737163,2.0514874515737156,-16.00536844866476,-1.7182440111200372,-12.281848513145274,-1.3366874269613291,-6.949095591799568,-6.510019438336617,-14.500061787633431,-12.332229670346207,-0.914151276625536,-6.932131171247277,-13.354795050088374
-24.307855524218674,-14.75214610651475,-23.008204446623907,-19.836885316040803,-23.837875743327444,-18.058691745594317,-24.421199308570735,-18.260287684299715,-19.819145193162043,-26.507384677020497,-9.771940286262362,-24.670661089959435,-20.065839862133657,-19.567640330765755,-14.450720254252012,-13.723699094479649,-10.869719621767858,-32.07831500200606,-19.83776015467661,-8.838406956828223,-12.804968622247292,-20.706252794108103,-7.729634618428451,-18.00867391059562,-7.703720518120593,-12.563695608166176,-15.203472971080412,-22.68601566821225,-18.322790868259112,-8.618071774927913,-11.859466975118611,-16.577823375888112
-25.56202523325132,-17.461185307854088,-20.84084107790416,-25.52864552874272,-22.43922054726457,-27.61861873861217,-22.770561038046875,-26.397697626222904,-23.272249772201075,-19.594875134248216,-19.500866865117434,-21.90742565582639,-26.690652821967266,-25.93880790004831,-23.513891765396288,-20.046376869928725,-23.217226001396273,-25.271168497910146,-28.990173843477013,-25.826383502917555,-15.519076146195925,-23.405916336053394,-20.99310850828918,-23.228420943218254,-13.832395982749828,-20.33157722469077,-19.432411588756782,-26.439825292527225,-27.894427973974757,-13.619053794835384,-24.156195236960297,-28.433924622957186
-21.324039915332477,-25.20848532443068,-29.23283891947526,-29.555714355806277,-24.61039091782989,-28.421481792409036,-27.724484669381347,-28.40066988297641,-25.54559446674403,-27.127625178603502,-28.847955330078623,-26.88560832602693,-24.552842766297577,-23.795951813702246,-22.97049113565577,-23.31795525630772,-26.91045567571166,-22.209927202609634,-28.5697940963728,-27.699225961519648,-27.889660139226017,-18.824903558285797,-20.817117610663267,-28.458224913185273,-25.446175823756125,-26.829176932889087,-23.21531780592907,-26.181904395458226,-25.107515337141475,-25.135469605949634,-27.680121649497384,-30.690275838984256
-24.292359869097695,-31.17057013388223,-21.768485244137477,-24.85390902531491,-21.59960663287637,-25.30646867253416,-19.248916088929626,-21.68822956823181,-17.336661966029364,-27.410765833936473,-33.02283762733777,-23.877798382011555,-22.33727239577728,-24.33424706521922,-29.138559867361188,-28.989324983401204,-24.47142050481074,-16.589468196006827,-25.25924450021804,-35.965592472018315,-30.721742139005418,-20.81271964012955,-32.83344512108979,-24.270342901601317,-30.080951838427353,-31.381178039859503,-29.242067810240812,-16.03776019891008,-29.465253060905784,-30.770415737653344,-31.27731929447308,-20.110500026725504
-15.509669956376776,-27.033632687337885,-12.07619009621398,-15.124411984897264,-14.356103861581976,-13.684579197374322,-10.16605968694732,-16.442151309747743,-9.971956658983817,-18.188019857854115,-31.556922200999548,-18.659346650006132,-9.108238931402685,-8.23673546736797,-21.437961039747922,-23.20233855718796,-20.938775218535003,-12.320317749608659,-30.197433214979068,-20.69697318998447,-34.43334739768994,-15.714592392967354,-26.95958752767388,-12.11509414761858,-27.196584204219477,-24.470385733945676,-21.094417215538137,-12.219715811455055,-23.441362163236874,-28.007432853691974,-28.84409857688026,-11.5651769919063
0.8902530888245515,-7.021465149505726,2.4590027759484787,-3.0530109424336844,-2.8766804593305024,5.665529858707432,-0.038675591849560015,1.607006062905166,2.811410814682843,-6.213034986176938,-13.595250055237836,3.1533546765921514,0.07055462207470845,-8.634512811586644,-5.69834188573103,-11.868686996515523,-11.210785235076937,6.185971681671192,-2.986367037224306,-3.435007698976499,-18.29997363386874,5.5639541541924675,-11.50087846098412,-2.467658808352984,-21.70262018863262,-14.452424011763172,-4.707189385153891,7.439476738496194,-0.5788254307419929,-15.775000081492584,-8.015567492360757,-0.7911274137377798
15.750427227115193,-2.023505677776949,15.224719620901967,11.583517774061555,11.340599892048097,19.46331886145832,16.00771739660098,17.939360214543903,18.458109639867036,8.839292871372072,-0.714405884349629,15.879088809875952,21.815669821541842,11.533219656230012,12.526251076355578,5.748447455966025,8.051746768304435,15.661802981956491,11.677682532842136,11.932230860034055,-1.3289557244225816,13.779491000395016,5.695264965630474,11.706911779255714,-1.0883696033889545,6.806784374652432,11.531961096281375,17.254287533779078,9.72415469196961,-1.671837470832507,11.935278216390163,6.8890696361666865
27.872416208384337,21.86034881335634,33.821499575293856,24.920495699042426,25.068824188660056,27.551465973195405,21.90133699686705,23.960142115046455,30.589219954932943,26.023516886766274,16.668219826636157,24.326771622102164,28.58506599429736,27.77143047157186,25.18336584353401,22.71732483085679,24.196572642052327,32.95930716937992,17.841520656558757,22.658512814678236,15.436573862307652,26.209537131148153,17.476717932688413,21.192046828320343,12.250151383492193,18.20856620881526,22.20271915137782,33.87717435649254,30.302028029287303,11.77863612832459,16.17997113855004,25.732883389915525
26.472890232674878,26.60284373937553,27.03137851571047,25.34220056542978,25.53523135039953,27.907597876328886,29.974380710265283,24.82873497435236,30.300028362729698,25.403612354725357,24.490341004003078,22.303338596222428,27.22531410640053,22.177272032640836,28.889653658093575,25.524696101194305,23.905558146165166,25.75210922069875,28.077365780900166,25.590425162496356,18.70789583634493,25.320356706632925,27.80655271297713,26.739058843643043,22.44060199104414,26.17473855897801,28.984126825532883,29.71144002309183,21.454594544124262,26.592896018878097,26.61373053974394,29.67872683852294
21.377885749517056,25.78511928342393,24.8290396691676,22.762302065978666,21.667776764688906,13.589387239079219,18.5159402997805,12.770402999621417,20.808907447054224,24.74252831661822,32.73376685046864,20.15101125634903,22.18938549871129,19.151320263219308,28.482475343399646,19.62164484730285,24.94385165728813,17.656090700058833,27.044036976899275,24.429808083001745,24.437955257413716,18.83155506995197,24.669477667458953,15.96685923810447,27.490284249637625,21.121583205923887,25.65421195960304,15.811336362172382,22.19950404538821,26.831711275834348,24.707341923210684,18.06148479257195
11.59302627439276,25.08343251558984,9.36616967911247,11.429062997378644,12.946158244322694,10.174304473665728,7.905781543646674,4.480754909063387,8.270066008359661,14.828693897594052,23.594939807585366,3.364018036357056,10.369222637039728,4.899611629157203,17.54181441247643,11.198634760178539,11.974639188683936,7.574721486067417,5.990735925293688,19.546475689742937,16.59461792483596,7.033992451580399,17.640511619645977,9.272699824974291,18.99253123360198,19.076079275008645,13.12200980136751,2.1814741160128044,11.965725518710045,20.052742654866737,15.632378860764078,10.483574831152621
-4.3058840911684575,17.600734058683237,-1.2804059855194796,8.6907939460665,4.643432370703145,-3.8037341142867427,-0.5400927187725209,-4.495947891152649,-10.690209217377857,-3.9302705353760023,18.802589632052236,6.471333835711066,-1.5425334321733914,-9.478451062109261,12.118753451350525,13.467495543847239,0.9071331313917046,-3.019355962917838,2.4190707414916246,9.495333863176521,6.891725331659261,-2.985321032715422,14.047613615431548,-0.7698927159981257,11.441838625665369,7.610377053645928,-2.4131119076029357,-9.31707235844783,-5.979239152504559,12.026061227513939,11.86731559879128,-1.2874753565484913
-6.414543614484099,2.1682067057621612,-17.697642574241108,-3.304255028819958,-5.287661240185987,-5.160962171195136,-12.315133995898645,-8.569877232154898,-5.947417605011106,-5.639774215520687,9.359439869395366,-8.610408646893802,-4.601920651568666,-11.77961222081481,4.874992015564472,2.971637215705644,-2.7883368725179274,-4.624602164170253,-1.2538173273032827,5.3118328511631505,-0.01353220772929209,-12.77648104671045,15.046905990196706,-10.81736646255295,12.017642599315264,4.84868738846289,-8.373914207693803,-17.67276328654363,-3.7456526513415045,14.861336049023526,6.080496734902587,-13.680342760190559
-14.648645533752964,-1.7537786786742506,-15.402638508237445,-7.472534609553761,-10.13107352432286,-9.003528054027216,-6.907836168443725,-11.872149853251365,-17.049286475456874,-8.579361687252838,1.529064495503797,-12.68604123044738,-11.748517297675095,-16.27613206033778,-5.074454563696981,-3.7626768089795686,-4.09320563834146,-14.859298593225354,-6.695339100654304,-9.954191099549613,-4.380042480327692,-16.17696797335117,1.67071235128585,-17.496331205278686,3.856323560685428,-4.645837338750159,-8.521698708122099,-5.175773047021933,-9.313942065765241,5.818231069519948,-0.29137802984037275,-13.067460256893787
-14.706696747735759,-8.101345367698077,-14.142611349103088,-17.543778611582898,-13.947923964167037,-19.820308236188502,-17.24894140543509,-18.180670993344595,-10.328723940402769,-12.459129769829413,-13.339540730274337,-17.15176463868696,-13.151371890101927,-17.812265326278244,-9.212809732033142,-14.679101807967879,-9.822155790154902,-12.36977894555183,-12.018799429768935,-14.124508089100267,-12.686572104869624,-15.298797001083427,-7.700793722273936,-17.045233168232382,-10.773933110258607,-15.393993996077395,-10.64764764059628,-15.791408431136041,-14.026399746269936,-13.61637407791869,-4.670254657349632,-13.54471188081541
-12.72175250552297,-19.99023278625066,-11.712414650178816,-20.88078101970815,-15.142328492775846,-12.867601439845098,-10.498949874997423,-16.670119213056168,-13.68569820787138,-17.436456338688785,-17.118056841207363,-13.468000890221164,-11.866633655469125,-16.985144575145654,-20.41910246412259,-16.9612735019747,-20.523019147890217,-13.897337566716498,-19.02886101627405,-18.927549862446835,-22.067388238963243,-14.544408992758528,-22.737014397719896,-18.228226022506036,-15.688466120574846,-17.764378241931457,-17.277994142710074,-14.014005113541739,-14.508966418630912,-16.804443035184473,-24.6039165404375,-16.498642390089863
-9.032388617114725,-24.82638236623166,-11.635899868465456,-12.510079400116027,-21.428735908243773,-8.96771042347989,-14.049585791940101,-9.995243255062752,-6.57402189591756,-17.653169099832706,-25.851911876910275,-11.763437243393861,-10.394315004082555,-14.16304207546256,-15.112994424118305,-23.590419005173977,-9.409160718460228,-12.126904870839322,-12.577313296650104,-22.56056839148488,-21.418447428116288,-5.811181678893554,-22.241635864632837,-8.646040982533052,-21.37280887423749,-26.67375953238323,-12.68930078697844,-11.272069004222825,-11.976184880562343,-21.07965348802534,-27.319868974204297,-9.610151306852995
-2.0510323133299355,-18.5210110740043,-5.741706030183591,-10.79469183950978,-9.158717182554202,-2.35343727816402,-5.888887132658706,0.9075459617600258,4.092012336028032,-10.866923284371905,-17.51357561886993,-4.341538291155068,-7.4033893514911515,3.3363312093087547,-16.145129624266968,-14.919248308030712,-7.455517003315816,0.24665388169144437,-6.61478344999498,-11.880298530072237,-18.455394504052823,0.522458520075946,-21.600722561522698,-0.6480766181125064,-14.340481017353026,-13.427893036989031,-10.127839746184625,6.248873273586212,-8.266455550582618,-17.245138001334873,-14.218064509081392,-8.544878753715583
9.22344018753761,-10.658963267928272,8.452550863611417,5.678349627965073,5.512964808026046,10.164746081163154,7.856397520647625,11.237126284784125,2.492156106628909,7.179455408338554,-4.560930293131158,10.36303996359258,8.929838489268143,12.462443955884348,-1.9323226107312788,-0.4766590296516873,5.956062036340476,8.26484670911689,6.116004507246625,-4.1511229023494955,-4.897782423089417,15.60386377609262,-12.188928143404583,14.2866580919784,-7.763859288536418,-2.407643169494894,4.123307905554047,9.112105817391035,7.0080578702672325,-1.6254723294168443,-2.4210496844003284,8.835880386735331
19.064203265357076,5.8503078270950635,17.99624750417258,14.168874290358442,13.351527346848961,19.847934169862512,25.17696960583639,26.467102608639678,24.997064912472734,13.956722230545305,3.0315277193765082,22.112016278048426,18.00683239490648,29.095940553919295,4.318971315427184,18.845260647207407,25.49424399813027,20.291704947753093,25.35686343536683,16.22902285523028,4.7119937822123354,21.4186456092438,3.7487695668792504,26.116198777968968,6.631426641786744,10.700323611039979,17.55296094262086,25.425381625207212,22.083506827084246,13.709470565662878,10.07551865602293,24.73404751168592
25.865193504235325,14.260923747621717,29.544142914974916,22.193127367160358,23.910779558715063,27.77295140797364,23.712791372145773,31.09231117266321,31.867088085025994,29.855523978070597,17.035567169966306,28.403824681536676,22.549707226516905,29.688946951474016,22.570692600532613,23.229874024018443,20.464215263598184,29.037261908825162,27.240675784991197,20.16153807001896,20.559954247533955,28.48041368202466,14.635831685339367,28.388711300987904,17.926193889853245,20.922741371153847,29.64905534826277,30.581216834965307,23.479126330867945,13.8499718012236,15.664588206807439,29.066477759466423
19.488312767527063,18.75879647465376,23.450967025967802,24.184748526527148,27.00608340671326,20.77800341153923,22.39782155033296,20.842055826155878,17.77649665499309,24.085652491017814,17.252278899179345,22.72779957733609,19.624289389155184,24.35587894514044,25.8314832789866,27.26273557617086,23.836433671298828,18.148996575922588,23.414983572086054,21.56193903139318,20.593672478373538,25.496037639035407,18.21468639074276,27.66896825795389,23.99489626892927,20.86790700353837,26.005918194275154,24.031880188499965,24.544908274254016,19.07743109589732,16.51876505543328,20.877362182991916
10.390539813879515,16.083771583444083,9.69671189335429,12.503984621227264,11.506523771673361,14.134027117766632,8.915849200786809,8.107883920940555,5.1960386074492755,17.16729793260405,15.274550437765983,7.329737004507439,12.649600356870094,13.017292590280423,11.91294767503983,19.124167996312995,16.00611613854629,12.240377062535462,18.582087091873138,16.26853952415728,22.82857320655032,18.83995007705564,16.07290550771554,12.574762320380824,20.05702781731384,19.116157474541055,15.924242571517853,7.4342009759985075,9.583686828581373,18.246476970914234,14.848214822867334,13.16788865283051
-4.801102779971643,10.440953458617221,0.9068700925180617,-3.9809536440275615,3.5374935113401924,-2.799149665493368,-8.299301358627286,3.0581117047538036,-3.1422573314186595,4.272524999340397,4.101941372701993,1.1865761325135684,-9.48998529595366,-0.7701792927898751,3.6422423575096414,6.605930231242903,10.251430903577702,-5.636053602448055,3.5739373010801403,7.570008008637562,8.807697845058756,-2.6146410158486213,9.10576798794764,-1.5603865774505674,11.991701828446628,12.229099927973278,4.033633570996054,-0.1698799403071971,-3.5173321710181065,6.433638770093386,10.638560923416497,-0.5927251673022074
-13.723179453884708,0.15099434010185675,-14.775875973680934,-10.964629644918544,-9.052860930907054,-16.996738991020834,-13.69879069173146,-7.688372891538918,-19.517528730127292,-7.884825363018385,4.417141204452481,-12.336904691900168,-11.164871243150248,-15.544226353345588,5.392667915046095,2.661943420494625,-1.461862886151032,-19.44430532812488,-8.11502283254257,-2.4285980160130856,2.8157007302910264,-9.267616783537639,1.8163383618438962,-7.691533343481253,0.7962580962773866,5.594950130231094,-6.4535111849488995,-12.712018894729832,-6.885148932684163,5.686756922173003,0.4286574668377446,-11.91082527191523
-18.672417138251173,-9.336072612249376,-25.56825102380556,-19.650299534516332,-14.505837947064897,-23.65296552283835,-14.959121561382668,-22.94985473672382,-24.549772556370556,-19.880676861017005,-2.822073754999095,-14.613540593520787,-13.85157412413575,-20.34329076719985,-12.650368950874809,-14.878879816603535,-11.181547114929096,-25.68754330741286,-12.440981454359832,-3.784600885160412,-2.9505195590082405,-22.899020379835243,-1.4528005407589932,-20.784067763546346,-5.432390800768382,-7.4560275443150985,-20.39519053317034,-19.74838842890193,-22.270099611778804,-9.022451722214521,-8.689326536094402,-21.861210950851966
-22.60539361367642,-8.14384635320937,-25.260114868355867,-24.677808635040545,-27.168055044323648,-22.86553037338776,-27.22766105945606,-22.33466746003818,-16.176371184039567,-18.661447406269076,-11.017812703872789,-27.411468944761733,-26.102165901373617,-25.241571457756436,-15.562858913093574,-11.78234680590239,-18.519305512769957,-23.23923697022088,-19.46185471478052,-15.937335946097416,-16.680532884988803,-22.111253218606425,-10.477033938500389,-26.930141544896127,-11.28596628371314,-21.13737937288305,-20.59042244935808,-32.93882160383834,-18.591661693423667,-16.93994056541174,-19.0195381857954,-24.830677038685774
-22.311335654273563,-22.435558179251228,-24.372424573315936,-21.788149111732558,-22.565751502820675,-27.713239259332198,-19.958924887325086,-28.015635179814,-26.83580150326464,-22.590687925916473,-22.708000240417547,-24.402186818295704,-27.52056351128832,-24.492348526830913,-24.065340400186244,-24.640376202049435,-30.168666217923736,-25.99639113337289,-31.175651169282858,-24.338892974393104,-17.169825228725234,-19.29966690332925,-21.34315225360612,-23.396635559418918,-16.60021319206768,-23.924006403791125,-24.164027702556844,-27.724721795780418,-26.72643810586886,-22.582406715854102,-27.055986415736108,-27.75340071375558
-18.678831951442127,-22.08090577402849,-24.64315575818508,-24.708941166395284,-22.587982196706488,-22.90024649982299,-21.78890905901887,-30.69035043874935,-18.84299104226207,-23.44145527324137,-29.49162023933732,-22.84809200690029,-21.799613535842436,-27.531553794079045,-27.452410041328278,-25.33857331954892,-29.713153057317555,-16.913518474897373,-25.9721371559251,-24.883386308676798,-27.461997939656655,-22.5969182179775,-28.187630747438206,-28.012968094488997,-29.099050597172486,-26.761361381641613,-27.474511307418343,-23.58256751054541,-26.105958812284932,-32.681496675075046,-24.24311788139591,-22.160705068806415
-16.112235722317685,-22.204428703549684,-15.790837904378158,-19.027721348143526,-14.510367904192577,-22.43605405041325,-9.987998494757166,-19.207254390204398,-8.592775048697133,-18.996999962134822,-24.032801013503377,-15.60987821673256,-16.035069548495727,-19.668561143683924,-24.848248860177502,-28.433872677775692,-28.50597438758496,-12.724873058520087,-24.2870502219158,-24.608098902415037,-26.986080867842023,-19.58104939413515,-25.960773556064826,-20.564954893875534,-30.082510655116817,-25.834538454139608,-25.69742620974003,-16.072952701919736,-23.827248562146977,-29.787840052616982,-32.18012920296062,-19.344259960256935
1.040194350275988,-21.126737435298406,-7.495563086978675,-9.910956682478757,-5.7178386818894245,-4.107348199837501,-3.6397663803046547,-7.121257486075966,-2.7425029740020372,-11.49068223920468,-18.993842889778552,-1.149841391698136,-2.2832170135343004,-1.2309425453021041,-5.289745224067567,-17.900782379459272,-12.519175390048284,-3.3477130796762484,-18.253490554622147,-12.353424931037043,-23.524773587838443,-6.156895065740796,-16.118238216640304,-10.935928516505914,-26.635664620645322,-13.934123431765943,-11.831036695456504,2.4818255386852726,-6.463090272816581,-19.774196188284225,-17.490829049651797,-10.345288289204502
18.94406453207962,-5.908961725945772,13.417719721413281,3.6982186705617575,11.437747250075281,14.093750561166347,14.740527081302787,10.394098637282857,8.272182707979868,4.56038133765537,-4.3584770428580555,12.323975161191411,16.121759665980857,9.223287992814093,1.8133387525929714,2.6534723461985297,3.193825814860566,13.96093093287854,4.295546817678789,1.8126140316814685,-11.649591639111248,3.720544967691402,-1.6780050801376112,5.854531966395089,-11.374439269616184,-2.50634308282838,0.9661800486241611,10.881804497708861,6.594019794656539,-5.067859292704356,5.483262228332601,8.614473607597285
28.078848249428443,11.509966397200788,26.371193586989424,18.646077308915917,21.53914325726764,22.019845968491122,30.810145392225245,23.926367879981473,28.41941867032631,23.90026403200309,12.96952487981,23.16778365861622,26.70755603011213,21.973700008047754,19.44450523068884,9.359032906943165,23.188864986602965,25.917494321897305,18.017616365164425,23.846333401775528,7.997257454611482,22.457030086919005,12.321675011382768,27.18188388067379,7.791837354292837,11.8334400658618,22.440799363531127,29.347085986389313,25.0539363217293,11.826734087573312,15.183024219769173,28.33531228521832
31.700387952125784,24.21337496323205,37.48646567389769,32.39325389966986,36.01342429191167,32.64046281068979,34.96269909260021,31.795912388888123,33.97375989265397,26.76132975473701,28.11601598845215,30.09190416433605,35.780641616837286,24.99838276723751,38.30294217742234,27.00189223195775,30.715031709940426,31.728828080921502,32.38787928668489,31.3038259817241,25.670097498055515,29.960380365160745,27.806556848737255,26.327854169256945,24.231802648169666,25.648981803560368,29.61483976610611,30.738810588915563,32.43703698914888,26.59554164341358,22.971737766068458,32.15830102701589
31.57107206912641,29.691556261100256,25.53650659217459,30.79188845799857,24.766812490417042,27.544860117741994,35.041452412817684,20.73232300646934,32.05769123989807,30.688162102025867,29.963913944603245,23.430024860454775,30.937936897833545,22.865185356146164,29.43056071617901,27.365630776062023,29.743224574731553,28.0794258103678,26.081555014258086,31.49838984395362,33.32455049983586,26.612108243813967,31.03703759613527,29.25812855410045,24.26481311653887,32.68419907825303,28.98258464545685,24.2050181700942,26.451951770503843,30.078211618980678,30.16093354259751,24.145159169889233
18.54638996631963,25.54598032517176,17.926274746640107,16.929538414099017,24.886239398982987,20.454272503508022,16.868788658096598,14.755514639550157,18.222436722190288,24.618278536342626,25.726175817750665,17.71394360866328,20.063380372703563,12.909523189292077,26.02615620655475,18.65511109640469,20.891846182912992,17.692315218734027,18.946018566076816,28.19035182192142,22.227205089402812,19.731228012221898,29.05665255553222,17.59029108119873,25.731085059994697,25.718064888476995,15.437845491302342,17.919572507719515,20.106786599686153,25.023164032389108,26.765165753128297,17.970008565418134
8.916056606060684,17.049177088596142,4.73584572572301,11.912372735236266,7.132674190167209,-2.129176937686457,8.753583531529857,7.517973266797765,6.768494853124745,9.848671296269373,20.404714214109667,-4.321380947568842,3.9206394617020446,3.6407786422311075,18.214999289372024,14.336279179259106,13.88839300985667,3.2835665364332067,8.0637823668472,16.29085805016128,23.054295954651366,6.391170114306817,18.076446383585118,3.1195910373956623,24.554431626559893,16.91035536603973,3.942223794420679,-3.4547131590153963,4.3046697961282785,20.368300696928117,16.848311985464345,5.246803410350464
-9.04436477716606,12.91950874331217,-4.887814434377475,3.483379362146461,3.5472207856036047,-1.3540448233018214,-2.106506025538039,-6.308721712079449,-9.191634608971738,2.4298004184167046,18.468294427503725,-2.902308203946501,-5.421179131120786,-3.3650050957647872,7.1954341924775,10.21262490734693,6.767323646569562,-5.768682986373185,-1.0861373757848038,9.2264998885996,11.435439092409178,-3.626462936066949,17.364351970666366,-5.841866752453693,12.283801003272231,6.227578500448782,-2.3923082245367113,-8.361730426368334,-0.5882423679147597,11.28946578846932,4.598771753772168,-2.303353430801125
-8.973702089046975,2.6425022823243327,-6.616326272668517,-5.432442981353731,-7.020469822983179,-6.776294951857941,-15.757332478446534,-9.967875917670227,-9.951199516149607,-7.775520924460837,1.6345165636771148,-5.8202309656151945,-8.292810269160654,-11.828823441509694,-1.0937214700147257,3.9344287223633407,-5.41646515372403,-17.15651409576618,-3.9379671266681884,1.6826579815366114,1.1909936809970616,-14.335219929554532,6.240180071196797,-7.128669851103497,9.868094843377028,0.9902726592299689,-4.81320265671103,-9.964646622545676,-5.506278635225189,10.238820686250099,-2.5067807102338384,-12.235406423873876
-13.81417394576495,-13.214706525013051,-9.97247992459258,-13.89621840992722,-18.126070870343913,-14.418418230497792,-18.93109817455703,-12.41348960167861,-14.910324280997937,-15.207712113435583,-3.2300799123970854,-16.74758431595611,-13.55110123332722,-13.371219503428883,-14.945295461304639,-6.857745715634715,-5.860937812040206,-19.54644064168792,-12.210913103331357,-14.071318708004194,-3.6988122624064497,-16.01088474257875,-12.147306013631587,-6.6484025224221694,-3.8577246263385327,-5.354865840427571,-14.578582660399759,-9.808354308788337,-11.893778303070109,-4.913661168612228,-11.270211271911183,-12.569550944815123
-23.566418422884517,-14.59913705050625,-14.199566992159456,-15.214900740965442,-15.942585071412553,-15.887007509758607,-18.85521621209789,-13.161818183896818,-17.643585019190738,-11.754000201494698,-12.361655308107439,-18.91964115480289,-20.04119585514946,-13.450021285398226,-19.64511920407828,-13.930557767361154,-18.47529801070198,-13.716135353982498,-19.19902925146895,-22.845165101007712,-12.071207519100073,-14.322740267078009,-18.49239659113186,-15.951935738277735,-11.514515380010486,-10.455681655633759,-17.885765607582933,-15.599857309884888,-11.103654052316049,-8.895931950011306,-17.917556571801747,-10.849786362608999
-19.437009312042015,-20.055707956791085,-12.219298741758497,-17.908871381722737,-17.770418331104374,-12.895900467046776,-16.84586622338682,-15.492700034969808,-7.32569440472546,-22.40646660189081,-27.34626615431446,-18.1964433783701,-14.733585912190142,-12.695010127786121,-29.078774924077553,-18.781270618874657,-20.69644115618552,-14.593046619138631,-16.867115821542054,-24.342766430997127,-20.66605555352612,-13.93949916061475,-17.52987364719945,-16.44655130497778,-20.47249796830496,-24.761049554379863,-11.6747728466921,-13.806640568028163,-16.1088934688838,-25.991660146985993,-24.804012439273336,-19.257239907096604
-20.151403312705988,-19.311622071962017,-9.673408440336235,-15.905327171820275,-22.582942436354735,-12.13858214084519,-19.634156914659858,-9.639886599671362,-7.243729202681615,-12.597575614882569,-25.680056355959586,-10.654665477176287,-22.34359486760666,-7.93736299051424,-22.813375112035526,-16.958043733493387,-13.493757873881409,-10.409099228535602,-19.572448692548754,-24.54287423086736,-23.187510350433026,-13.057066293282402,-32.454611577551205,-14.514809269861432,-25.861596881263466,-21.203640630258832,-15.838531503115295,-5.218360700927953,-17.46376945902025,-23.70847937214781,-12.836437430533778,-6.650775326963379
-0.11404351302920557,-18.821304015933755,2.2792536115450654,-8.376331232249035,-6.87977497136452,1.858553201422588,-8.723896500831893,2.235040881893334,0.1500078212182192,-7.786323720706668,-17.274199813414075,-2.279736035138947,-1.275164674253018,-2.210216482081301,-17.049977737277082,-6.130787466573961,-6.5276039735083735,5.110125144102115,-6.171598797880185,-15.454174440391135,-19.156949424649785,0.3314457522847153,-14.846311447873239,6.29175881205569,-15.070378096197807,-18.69964430465054,1.0129220387950584,5.930015703068746,-0.7085285733446239,-13.94417134980429,-12.983552518876959,0.6105037671407026
9.564725535255725,-9.992878173926165,12.911275258958685,6.531340432369248,1.889859515836626,12.740754584585753,8.201351184708162,20.572064352468722,11.287256825586415,-0.21750201726259966,-6.358007954547287,14.718225755870373,9.827081489741825,11.859724727929509,1.132275617089604,3.9096347496303547,3.5524220159491056,18.571127444034502,12.392852287293417,-2.660334580737957,0.6930664151929855,16.895575143155078,-0.26678989874584363,11.690002953098926,-9.154183321701613,-4.838427544353148,7.464495212490822,16.854112914574532,11.402800497645783,-2.02999040757114,0.6256400901627313,14.168851039769747
16.5099245123115,9.038915698437874,26.405767058860807,17.902506208520805,18.756994937750918,21.663873331591,18.28821051506421,29.48449129287879,23.19374734727277,11.804173807555923,11.435853862077288,26.17031326404347,13.984421024600472,27.941970773373804,15.70361028157119,13.137547442055162,23.06497482401079,19.852949296146008,21.285854060296383,14.805639639645978,9.382127289271633,27.829975259891555,9.219259002979515,18.2346130925543,6.331984865509612,8.64696221549186,25.549222525772784,27.447645131720087,25.32810982317015,13.096648689501563,19.025864064843006,23.205001121395913
24.72195361542905,14.73990548410664,19.754868260689115,22.62794363597772,27.968258844672118,22.386277103014244,22.31134906261187,25.46523666516574,24.63968103238321,19.786337506924,17.169042023395573,27.117789538028376,25.286941294495502,25.34265096331029,13.994485938784646,25.61404000401398,27.129367489412136,18.689050479405402,27.976784003829913,16.423382281810127,19.645025184976006,32.12645105440502,17.543449694505902,26.760834406676796,14.149983932184004,18.4649669190925,21.673252980597873,23.41200809028453,24.98297354691242,14.783782842582276,24.34356706138432,21.84993110306996
13.298920019704115,16.60134863841469,16.902868276552123,18.381462022943637,16.953467028241985,12.604459619543693,14.650153096712096,15.591176188902962,19.07820866741475,16.345754995591612,14.190507124759973,16.16080343368195,14.122815911810767,19.554722098160923,16.364516615545238,16.76187616870934,14.294736853602293,18.033556435811473,17.16621745137882,15.281025296952798,24.184023057195738,21.22279856479846,14.672277112875086,12.92875839080817,18.5784281234312,17.79885013626286,20.390116775312105,14.104605197503645,17.716121768360633,14.165941917893846,16.718376080910783,17.585612688721426
8.864432814662994,16.887177495958298,1.4706455038060675,7.548528137883453,6.718854255078981,5.044269048735341,6.471992528559555,3.7604489152390226,0.678231088265995,6.661703730340279,12.384012200961966,-4.230287296654402,3.4183087349569625,2.0511373534989397,13.792829498739797,9.73295558078184,12.63478866551867,1.9470132625987722,11.03778600235707,15.356845134795453,13.651676191309777,0.4342980775336905,10.195705589278292,2.9597981615767206,15.240166494452884,12.102625418167763,11.540965209682232,2.4816065695635006,6.845366839325294,8.037528200110586,9.82932946207296,4.554635329171228
-7.86097652224646,8.038302203541166,-10.722057578614928,-0.4890253871633185,-5.473046728945582,-5.733808257052876,-6.77696546747141,-10.968853664301253,-11.5809905937296,-1.9157587581704614,6.711432056439835,-5.759324112008309,-9.6359579836874,-4.57325315243181,2.240827946973867,0.012788235569585749,2.01879629268258,-6.8667878535688125,0.2540604600824775,5.958113153305637,8.063463150879764,-4.75820648599573,5.804909251788618,-6.647225017799086,9.541865472140206,1.1494691291409609,-6.110429443824242,-12.549246261589813,-2.0369203177180015,4.945171720625478,0.8636220086900388,-11.2248747813251
-18.918925426606986,-1.5049863703733377,-20.59580268863522,-14.064050913019633,-11.153060591584607,-17.58507931842379,-16.041034601559858,-17.409822345819798,-18.260598355195278,-10.568525289535648,4.65872945743892,-16.641121030108458,-19.053056054797352,-18.594030445618817,-6.728809627798549,-9.54876076521621,-8.781059124361217,-19.894622760632586,-11.242702013885204,-5.387642401888341,-2.0278198585213887,-18.143647811120587,2.8981642506643137,-14.065311780432944,1.9256185578326375,-7.102347763407329,-11.320007176067898,-16.782954720209997,-9.048775507171898,2.391546486064903,-3.3880981647730914,-20.570167185472407
-18.30851454749698,-6.877736996036343,-25.27870125472639,-17.164941921757233,-14.236054109071388,-24.148654210142734,-25.74614676517502,-22.279811058224237,-25.97401356977848,-21.694310666158067,-4.311682896145488,-20.640467150531858,-20.87802469744738,-23.27790845128942,-9.983513558287015,-13.509190586092297,-20.604711061124483,-23.292297593664856,-20.566459356077537,-6.30265146612025,-10.60006207291469,-27.62416553840476,-12.52746913868127,-24.13520720112409,-4.289758397659698,-7.910835195943723,-21.3324016022952,-21.415476936385897,-20.53574531866117,-0.9470433058291983,-10.4277455924194,-25.612154009930254
-17.64760064538939,-19.91747512735941,-21.466803827755864,-19.020615152798747,-19.02501748007683,-30.105923506841116,-22.614949446449426,-24.477808890650206,-22.21265187742924,-18.74408976582357,-12.595610729387385,-23.19017810282234,-23.734472386446136,-25.687011175500846,-14.849850013433585,-17.584714781296874,-23.9667809414347,-22.727143130697026,-22.494341688615396,-11.600799757884449,-20.59089112125693,-26.78905551900383,-6.449768200550871,-25.047194175708526,-10.517922896232013,-15.060126611094612,-21.97634319685809,-23.25626116107607,-26.164173131053936,-16.861529301416354,-15.844950960013225,-23.23228231869301
-20.058773816889875,-25.389464161837687,-18.708571228216897,-18.166058949241236,-27.17912623901328,-29.360743697083848,-18.69296484757639,-30.59915714926184,-16.938991438829134,-23.22926562417024,-24.19585428369547,-23.68025670289842,-22.68494328635983,-20.342969034141205,-20.645145059206385,-25.061802557870525,-22.22948643043628,-23.38162317294203,-23.784055304056526,-22.16840560925262,-22.32410653733621,-21.610316115596337,-20.362093087979193,-22.753365256057624,-22.22528444968652,-23.864743586174743,-25.51118866029138,-19.881955560887732,-25.63351776760169,-25.965828599442847,-22.6896433255413,-22.3583100887802
-17.161879979535676,-25.803857029083282,-21.992711449220046,-16.974173997327238,-16.941091485871944,-25.63723441521453,-11.031493411349699,-22.316571266500848,-13.51117221575363,-20.433965569359245,-25.335816860344973,-16.154148168426886,-15.456183183061828,-19.854215700002882,-17.368264231076445,-28.373256947714395,-28.64336483754234,-11.274100795790334,-23.774309480879126,-20.741332167326252,-31.58043533681385,-19.293403838277232,-23.328981035781833,-18.04749512713549,-27.59978117210759,-19.583767880239197,-24.97575761758377,-18.04500681361641,-19.572893029900907,-27.405643479959735,-28.696845170491084,-19.464655817568097
-4.161043764189848,-22.503772262242197,-8.083772712210935,-12.214637574907663,-9.128178226554532,-7.828289904652954,-7.266667834263475,-15.811087634231955,-7.341298023814455,-16.163321140601525,-19.339754741157112,-9.237620899611507,-5.486072846558337,-10.247501758884052,-16.680353868938276,-17.30162537271149,-18.05730682829407,-3.2641803852288005,-16.23571234451101,-14.298574054675264,-25.326201551540578,-12.526046364743593,-26.37130094110723,-8.641159639404343,-29.923400890285453,-16.826298283635488,-19.16181752989418,-14.164578485850038,-13.952944145514774,-22.127248722324737,-18.64682502225009,-15.89352760030785
4.694428954768052,-6.732955422331338,3.1744148239189807,-5.012670671891748,6.601221245482728,4.991683200398361,3.4895390333631235,3.18874653855817,6.925195910812038,2.2691865687337454,-9.46171023056492,7.4779468790872405,9.326355955352286,3.1429208612912247,-2.7337436822793904,-7.907213776043829,-6.2066183821128345,11.227074793555714,-6.3802830393925305,2.324777729450288,-16.14880427352421,-1.6910300109467866,-4.207466599516117,5.731386906360614,-19.550670884261233,-5.340861329711333,-5.050372076436483,12.791941163219391,-4.755497948549811,-14.741565311178022,-7.039410519949541,3.522191034726866
24.485208640980055,3.73673738890486,26.153232958613565,21.120264122722112,20.69770254956438,22.80440273930881,21.671145470601232,25.722088625569555,22.789457260611623,13.357499393117667,8.963933563364602,21.269010545111154,26.31719839403633,20.404289870631057,12.415779648764284,10.673169955062173,10.871756777692482,20.4231000923821,10.39425031974518,13.115202687206976,3.5628656921405466,14.948437725070887,9.131810884700942,17.588921495542365,4.136307260468193,12.53223180595611,14.249847791106752,23.451773008376314,18.195028500260165,8.172325546591605,10.033547275845972,20.044755066086857
26.19159114628785,19.856518400672858,29.277848058553847,34.331419112570806,26.1682278943741,31.308206246916367,33.25716065953026,31.810590397981237,33.73922910364867,32.32424777710265,26.705805386999042,30.24273085143739,34.29356325736487,31.031341242954667,29.726119692520527,26.18236291221426,22.788015590098237,32.45754473248106,26.597555002357684,27.276304950351545,17.62449577200182,30.504748500920368,20.30623551517858,28.54847260349658,17.30198254284565,29.814367549511033,27.41255210994751,31.29048790788607,23.311601057026678,20.415696432229975,21.907213930254553,26.677053207123347
35.413963474160596,25.17253299926867,31.072807220516697,34.21629774673808,33.28302520053019,31.89691650331952,35.60849713118383,36.6070597333326,31.449767907230395,34.79540098185056,34.84810009500595,37.01520197802636,30.038831198856393,25.694124614190464,34.86193349138797,30.44067505300434,32.89859298487045,32.88747230801027,28.57103347841129,26.539956609853252,31.214304937401796,30.859255797112482,30.180122712743927,29.216986335859016,33.1464620193727,26.09911110031551,33.69889093535315,28.729083942924422,30.882085206028403,24.826991305926114,32.90872104141258,33.87812951680259
26.02414057563731,31.575374579120748,25.312265728562156,29.940809971360142,31.067909102634815,24.64478649659665,27.186473741004832,21.41048579491314,23.580600535597373,27.849353870548473,30.665164215134276,18.834539694302116,22.735947530912046,28.77803400191118,30.55180207827418,27.541373358183268,31.179135234765887,23.875998477900826,25.97783052081773,20.804338762779103,32.39844308297518,29.976708685433422,26.235447139892422,24.70036899774638,28.160090243755622,28.548549038942177,27.849550700084546,22.752311241159983,25.669435087182958,36.706948177688176,30.26836949374797,22.01342464204511
9.563093542065673,24.397913843278225,12.890250956313444,16.563489367381404,17.196664132607562,10.82975462672219,12.813137853172748,16.853954903171218,9.762092884193619,19.978455170411067,18.55413418886506,17.451597941868783,11.88226335905682,10.16491367828406,18.8370689597571,23.49273249318864,19.57654467731842,9.41131138678386,20.655583950491547,15.65907403642236,24.34974847906027,9.033627020909432,21.93322216016225,14.777573424887663,33.85241781232449,26.27599260906899,20.252553308898023,15.215231212057752,16.746794688850724,22.973688735915424,22.55761021028371,14.683436086877482
-0.774019043240292,13.754148050989938,-2.8558368639928964,3.098323506469112,1.3337257894304868,2.752968432206531,-1.2485005918487455,-1.430000842394845,-11.832890451044236,3.251505925007309,17.77879951878036,-1.584356683005696,-1.5253424875915986,5.358606567423073,7.002558059758541,15.624996095491175,8.531787145049327,-5.5216716994133765,8.534789105882522,7.774730391940264,10.353299088033138,2.166596375796644,15.380950268394827,-2.064816553715292,20.020876594931273,13.376274547075521,3.0766827738666493,-4.553425103481064,4.4786468318281445,17.697108910480168,11.352515873722826,-0.5841264672506916
-16.901304379319026,10.055683460159852,-7.383126677423898,1.79958551746622,-7.418224861056008,-7.747249366704014,-12.054792066413953,-3.0572813930874245,-12.3199650696156,-1.732351692628856,4.255029015438009,-6.402060210797021,-10.465001621656343,-7.099978545316395,0.9508600630007231,5.484956645289668,1.6534248630262571,-7.60391898508312,-4.326573245220412,1.7442593597683718,4.558986942746978,-7.804952710246159,4.654003915609507,-5.198400145880915,7.000799620392024,-2.2729416406311587,-7.939331027410594,-16.564804008385416,-0.2317169569808998,3.6729414872234254,-0.21277913012510946,-9.553317928226084
-21.5733042345427,-2.305466485102942,-16.514951824011174,-11.548026405268464,-12.618712878485345,-9.917165914303332,-16.341358465144683,-12.262080674172271,-12.711438071874447,-16.14053213897169,-5.054763481692105,-13.253481658381526,-15.102757357729127,-15.102896493885366,-6.884342330015186,-5.140664896275007,-3.695943146329336,-18.75008766924975,-6.079532707237691,-12.858731281395887,-0.8119779543345549,-13.753230354046485,-6.879249492172562,-9.074891139024812,0.7056013935927086,-1.3966423130207997,-9.311089379191849,-9.282557739239795,-7.067743089396403,2.087819579389386,-8.923700658317848,-13.44305094883913
-20.72298108999905,-13.772636788622904,-13.60141335650778,-14.149654051533968,-18.62985044285914,-15.861628083566151,-21.69338240072318,-14.006834791173738,-20.174948137644126,-21.391617513309058,-10.632895149487245,-16.00309705922797,-22.316863310788932,-9.255408632156637,-19.635793418612295,-11.05230425185869,-14.14164230669495,-19.718922741744862,-13.987820728219479,-17.346116412632107,-8.74940272465713,-16.737123260007703,-15.094295601620395,-20.37626375984541,-6.057159413968243,-18.814427743741394,-12.554573614227797,-21.04644689677311,-21.926872821451965,-13.903996750209593,-21.87477559409618,-16.301953788282802
-17.666414331224093,-23.714393197620954,-18.267556985194616,-20.437254475780076,-21.34125147231356,-24.273841526697566,-23.287598848857634,-15.781350784816505,-17.318516602026996,-21.382856806284146,-21.94305327033873,-24.346468556049096,-19.000282225240092,-14.597223035596523,-25.446768015681535,-24.538387265872203,-16.35112928699704,-24.7118144438738,-23.834483419968084,-29.848893744183133,-14.696802440214793,-18.00645931166628,-23.818600878096422,-18.191004574560694,-20.745815651620894,-25.27301698088593,-18.380584825349356,-19.15563643936035,-20.291302736590136,-18.41546092645744,-30.116006927368133,-16.949475570218706
-15.074652869455615,-31.979694575714706,-16.62997107631405,-16.579457466338777,-21.75630496856433,-17.142046438538408,-19.441459799401912,-16.423688452251607,-18.977394112747938,-22.79300389329677,-22.0011042894716,-14.57788870340878,-24.219388514956858,-16.9272790495343,-30.456672139888575,-23.26478633974481,-23.111787571805845,-14.094580987971606,-24.69801829712493,-31.563327292459867,-26.354491456063666,-15.791195554217202,-39.931124087802026,-18.420720601794862,-28.604563152099935,-32.7834265531497,-18.096817331583686,-17.679532921543778,-25.426109549834575,-28.56564366968996,-27.367820721317567,-18.03482412692534
-21.663046160035076,-32.6193977205499,-5.286093660015958,-14.427257240031803,-15.323241419644424,-9.791790411449512,-14.850440986615379,-3.7341706625062847,-2.0423802433144767,-20.715278113325336,-26.11839905863432,-8.729187479196195,-9.844170999120617,-10.41580852450683,-26.333916478250654,-16.336494934230565,-17.733912842365505,-5.03554641311069,-14.17122038817096,-26.37078110318784,-19.73765083588824,-11.17385259289516,-30.794245979698317,-14.92836423180773,-30.532015999583205,-24.193091208666882,-11.93392538667395,-2.4331183038640196,-11.783677371629778,-23.6255933469103,-23.38028643664846,-6.606798139829531
-2.556440646839635,-21.777509013433864,6.137968228693603,0.9913685677123545,1.875587001870704,1.9622073046528052,-0.5225327433291184,5.042922329962776,6.3046559903183015,-6.926350894812051,-14.740661108007181,4.364894770814022,2.619396754690157,0.28884373146493825,-7.373610481267204,-10.289735847387895,-10.446315472109841,0.027307366850616438,-1.8208915662324596,-5.193000425373688,-14.72134719119359,3.3071169152666493,-18.51962718147429,-4.340865653511123,-21.917253037762286,-17.089500739073024,-6.5423769537771514,6.459482619146869,0.16461625929642154,-15.05323777305367,-11.44207390432631,1.9683721629407223
14.807350726476983,0.8531916623959881,13.709518209037899,12.57127299377045,12.953124413908062,11.690240181306171,12.403445014477224,19.583147411041196,13.054770275613329,8.424185751104984,-3.7412744583005972,12.755811741341526,13.395893133348688,14.620970353281919,5.529807729025055,7.9066550475874475,10.499993522930948,12.244677095176728,20.843604515486483,6.122776269721967,3.9311501190754665,10.885260032251118,0.11548937324126102,14.672923313770086,-4.26710906692427,6.668033282452277,8.95513655875626,18.649864350423456,14.502871678554174,-4.549952433387587,9.986266547449691,7.831068128159579
19.85831310216881,18.825056894270002,18.48308042478819,21.518456577068857,22.877829535961826,24.785578297692886,20.61843048121763,22.334626149337925,19.835020143814038,25.31530423166504,11.818157121114428,26.01585363024091,13.65981164869388,21.88433473735411,15.217852640740501,17.406626897083132,23.929202022073266,22.12292584656391,24.498464328950025,11.831965748946223,10.557262741412922,21.822819367429858,13.99743322327139,25.801370338029123,17.62200732620358,13.108999209241183,17.503052374537596,27.034046205750993,21.037842808241773,15.484152755689214,15.451791951959988,20.248084921156106
22.546014947993463,17.61688452500268,17.386060145320588,22.631283324701624,21.09866358183866,19.875320299572348,17.375664333138506,17.71415902757639,20.575558824119046,27.736588968545366,12.61511389048445,16.661047926405274,20.405105644740754,22.39752999191122,16.69834046647719,19.088000869591028,21.31855686268982,15.464032808598061,14.146691619503239,22.213398438598478,22.497003538980056,21.664157505871124,18.551048183088323,25.174843957047916,17.120635245494775,18.356035637353347,19.782904727003853,21.12485471118537,13.754827229965889,17.078330405072375,21.496766268138863,21.371824423045922
11.934784897327182,15.662492515444262,6.935024071991007,14.831600410752644,9.599176886125102,7.872616548144011,15.42823477138776,8.339987009167897,13.324401304307326,17.895920428359652,20.345023253174098,13.282494799688692,13.430128381240678,15.689767451845748,18.32042648806712,11.810495705917818,14.16778454971941,17.137132106770714,12.09830531413577,10.869975477504939,19.068687192196563,9.559404399079824,15.303511869918731,13.411087309040898,18.31129946249837,19.66677749249343,10.423038306913885,4.901268230533723,11.622206183622566,21.378213580860436,14.06380888536169,7.035374026982325
4.383046222876623,13.766255950990764,-2.5884166591922195,2.5783829499259485,1.7758315502203443,-4.904438855811859,-0.3089944038628938,0.13441971405155156,-2.2195328937032257,3.410767777927291,10.211454294278571,1.5518972216162543,1.7267100924511325,-3.6621376188895454,14.829352430824953,7.896690011439123,1.941348450915421,-1.011160689817798,7.2411598985822065,7.13761162776818,7.0120356800489825,-4.536558606628798,11.669122079918928,-1.854743492447183,13.16397825481955,6.719530755881124,-0.7181265948222193,-5.462395386026141,-1.3969716757516624,6.464711696633374,11.80466804519286,-3.3390452929055887
-7.325591797222128,4.176262698485871,-12.675914827033237,-6.644653094855298,-12.201429213483372,-10.616087420493916,-8.026073813117149,-7.472295775749659,-13.443911141043777,-5.753337177054833,10.000327247632573,-9.443944082810413,-1.1205145219059667,-14.074867073924487,4.3889247521249155,-5.607810236037795,-4.318869062286424,-11.10332406208828,-6.024414970195776,4.3404213382496915,1.450335880176973,-12.203759832533846,3.572310429147867,-8.335942892015616,7.166137739480176,9.535328906443526,-11.796811617910102,-13.532707802615201,-5.505643234834618,7.082119321864026,2.184091347980343,-8.231089534227499
-14.58647362543431,1.2591339504826955,-18.801487663385632,-20.69170461078723,-8.93448477965328,-11.884605684341114,-15.680539825173298,-13.676653264520974,-23.296103327558903,-10.04566372771064,0.35248320508298037,-19.10094159266189,-14.909995188144883,-22.316580632089543,-1.1423971125207553,-6.731018325332443,-7.102320473010292,-17.166845445658385,-10.919373326585632,-2.146977492352211,-1.779274188852139,-26.18058791167908,4.81688682619333,-16.319122060445988,1.3256197184585667,-6.312929228142421,-16.93028340086952,-21.174623654308444,-16.204865274451965,0.4783847207789361,-2.893043357579367,-13.704749462781926
-23.52214449713445,-1.7163483961588675,-25.39218291083793,-17.21966067698829,-20.641015507672673,-18.047153237551093,-19.25850970337872,-18.17581393117429,-18.699456592746618,-14.44376883379279,-8.54969738662067,-13.810318595249573,-18.50119977102626,-20.94777073734541,-8.766664190942082,-13.677969837682571,-15.156409357951347,-16.11352640521355,-15.805040776878432,-6.792057887591925,-8.759313664046301,-25.990810578307283,-3.0540768289869398,-21.477941266195472,-7.786191026984896,-6.651788770986546,-15.25104295747802,-22.913822020879216,-18.640763887729122,-8.469416781798074,-9.35815336569711,-25.47543426703576
-23.69984865211747,-10.000956669126552,-12.315377598080905,-18.29023830560093,-19.579529724757357,-18.01112492493644,-19.71261900051584,-24.660812849869725,-17.731658569187275,-19.633622041188733,-13.98247306315207,-22.96972659022104,-19.27033834849811,-13.536406446479477,-15.398368167486723,-22.41920024218054,-15.18437168472057,-15.209416796478125,-18.571800242382302,-17.81867898773168,-12.841535981466823,-22.39319142582854,-13.721110128568206,-22.670821603123038,-14.45103629416536,-12.813928419141323,-19.38837223212189,-18.807972945457823,-21.274236000168816,-17.25369538446649,-19.143488548717222,-24.0815211502465
-17.385214315055375,-17.48710116562448,-20.73939813128572,-23.83351371597478,-10.737245753559952,-16.500111551855014,-11.63924535611503,-19.879172842065877,-12.406469636991744,-17.521940654362513,-20.273929321835464,-18.294013965754488,-17.54384526058988,-19.356983060288783,-18.520228392288256,-23.392925901740263,-19.194589564397642,-7.732988969621603,-16.881362277869798,-19.93835973096149,-12.387179137273089,-14.864687696335611,-9.154723444506063,-24.90257707746207,-14.987992057930239,-17.71629363791629,-14.336157387712392,-18.566471805343106,-22.084381310024654,-25.374751953902123,-19.194574566367255,-24.380128499628153
-9.892639944406001,-20.22657567802092,-9.925980240114608,-13.096005432935243,-6.099464938361526,-13.958183529133116,-6.653003965896078,-21.98620904638254,-9.61055690722751,-21.825586729222426,-21.318802942916907,-8.435471616102605,-12.596129061087641,-9.745799717689795,-18.654177808082157,-16.392534677112643,-18.141318337692013,-5.692346662249965,-22.032939528724025,-16.29479298771474,-24.44664768349364,-11.218866744325023,-22.06569405152329,-17.390293471779124,-18.675361895901403,-21.79716818910756,-17.71223694933102,-12.172461009618633,-18.616763313469626,-22.676901757658563,-18.826068316234057,-13.771979483940338
-0.44513998476163086,-15.764883706143165,-4.649955764369784,-3.965460596131463,-4.508356373450666,-0.8119061800883074,0.3448492933926902,-4.921886875892034,4.8581364273741166,-9.843817391485043,-17.780242161418236,5.475233570616602,2.1303034953398265,4.873355806748493,-6.8960327973669076,-12.5070302079153,-9.369706313439401,1.744514184007204,-7.730053052276518,-15.54154261296588,-18.303130519733887,-6.5078397005527595,-14.628801815806773,0.08241587307833115,-19.380397909400823,-9.041214345884777,-1.3514061998057376,0.9637466638459318,-7.585537024415681,-13.735439666438209,-8.164999784303635,-3.4602650558106287
14.355423612476699,0.17689788423789415,20.59898838971011,17.17078788581242,3.006462502969303,14.171792901405992,16.06650551902354,19.65435344441766,19.116286312955094,8.866528278686037,1.751228536792121,16.16094343734468,19.502615846122623,6.963957580360416,7.482091402538821,-0.309134871832544,0.3822164564655045,14.717247403549043,7.782438789420419,4.590873569581181,-2.3334743209393767,14.352688674073976,1.4133698371587,14.335806510177555,-3.418965198089174,0.6874033002418827,4.4120997004655855,20.188358165131405,11.983325268391788,2.6835159115659284,6.28297645249824,15.037465953425865
26.733524226952568,16.08676367831244,31.712160268339723,25.004660295774173,27.756623956978963,35.56412825405758,27.158003297378457,28.44583888960439,29.60381572916829,23.77439583505521,15.547482072721978,21.044402775080677,30.146744508294272,28.29773882834843,23.55313828138594,20.536918344915872,20.079929432113655,35.60379091526606,25.837982110585116,17.066891202164783,14.112120287293308,24.094907885178174,17.126141387720885,30.025443024884815,10.204625739846119,17.885220658995554,20.846097214303885,28.11026964457247,27.605491947174297,12.870689326357116,22.224641784970544,27.090273886081334
36.477011051028505,26.513152860646457,31.970458507244874,32.33127003832743,31.115227331531823,34.071740666773934,27.824342975951385,38.223122673047975,36.53390651284043,34.524284573375276,26.18001273503686,35.02054892426639,39.01287105788923,33.15468250638618,37.40882993433349,27.533898302110924,34.42936183429051,33.70044263377954,30.855160729627688,29.02222400098435,33.65886284344093,28.637936630662917,25.51304758811016,33.43966512433901,26.037433397176915,24.21927980476637,33.410812651552476,36.31094370082511,30.955423238340444,23.383349557585003,34.36693448500644,28.832324837256664
32.396966287430075,29.995967051176915,23.86564809042857,28.48167316622997,30.09415825899104,23.623566522361777,27.817190006162356,27.50414263643615,28.53305631021586,31.50279815551565,28.491900931916007,30.777916314358876,33.48165643812297,32.143341601150354,23.462241982566532,32.12933807356957,33.954264365116174,24.36116426935984,32.10927433605268,30.03503425662943,27.45112014770622,28.66915437259441,31.068496221860226,25.8442153801853,30.051857000751404,30.315606560143618,27.444051866726642,29.67668474544204,32.123443084334276,33.06943380321891,27.125278398931627,33.64465678647588
21.36189710615617,24.8487539907145,17.106209488583325,22.461516905485222,18.780692293632875,14.930453129233099,14.627027998032059,18.700994157404324,16.0990901925857,26.441338190528885,22.098957181648803,16.507136625672416,9.717138857333442,19.402620421747223,21.107533654149627,23.75853070397839,29.193663561156356,13.052172675855747,26.703291821671062,19.060109002286257,30.513299645399115,21.263036627042432,23.832099198094493,26.054942992268877,32.78201594886255,24.421450096832963,24.52840627732144,20.14871907850671,20.695359721980303,26.941853314019212,18.07928837886708,17.849946036402415
1.455992667332516,13.90719060015265,-3.8528250654291147,8.998721745016697,8.613035459712524,7.89386805041664,0.051896752464186055,8.187126457813932,3.1190274052202818,10.846223023627479,12.141972512967378,3.375569264803943,3.9719701916987766,5.367147987105544,15.701147038274602,17.740003417939402,12.494707667713158,3.4140168616814965,4.235336748215668,14.44612085283146,19.170608946640904,7.727541189171765,18.04210062950134,6.061669490376391,22.327601939542745,11.329328218893107,5.8003724249587565,6.257679208618169,5.704517827079859,21.397540287241434,19.170112767698043,5.541789085803943
-10.796533731495643,7.8505634886395566,-16.652561710933426,-1.2637561807933677,-2.5926916540311886,-0.3038918664659279,-17.89701772389789,-3.023365596285789,-14.083468517924548,-3.8104201836868685,8.351859967235468,-5.030508411123879,-8.89546288461283,-11.604728957748549,3.115825030556394,2.2077394427481263,1.1440645051110516,-15.30651650034603,-3.690911938713104,4.400300362305165,10.302510063288638,-6.372465433142307,11.4303215023785,-9.73114288769296,10.764186638007748,4.728191114995069,0.7282290245047682,-6.345961484474568,1.3519383963343432,15.159204662954203,2.3069697518694374,-5.341304014967232
-17.10032284916311,-3.3129650772359964,-16.394658126672393,-20.88449298219925,-15.799435841639458,-10.977890166986226,-21.38853722954477,-11.518724849621854,-21.05702937493722,-20.074095952214375,-4.705643279577921,-18.38850776014672,-15.61645529426418,-14.523346008505683,-10.002129336469498,-0.5638686361966817,-6.598170682007302,-16.748991981776822,-7.791023694087672,-7.541548222609941,4.955568984373764,-17.913513195054577,3.0412916231193283,-11.230779660423057,9.019489456407669,-8.396545252196491,-9.662688686751496,-14.387506714196464,-4.019904026835517,0.540633882339388,-4.615629615232938,-18.195777837313045
-19.594629635858432,-10.790709142836135,-16.90744205595072,-18.98635088536656,-17.39226069148805,-18.780177913587945,-27.282267072245936,-20.558902740023743,-20.229564297468233,-19.893916530584846,-6.079548995306902,-17.821622685892283,-23.94243191564428,-18.50182911707521,-20.175734737272975,-7.292739195117264,-13.310570364522217,-25.326541633911127,-13.698810021946977,-19.560144509071,-9.968121714492586,-16.033309908873402,-12.009900526244616,-15.06190346453665,-4.151209718645688,-7.523546384189658,-15.843437982169618,-15.668826454830057,-17.148155644497503,-12.469999354371069,-10.065583614230981,-21.056305183604692
-25.127327729309922,-23.538384277162713,-25.260350693332335,-21.361684642645344,-31.509921131565957,-29.492702243155527,-16.891601934484747,-22.902070766030672,-25.763799099278653,-23.266965727164997,-23.752849418221455,-23.81930098111039,-28.00978514426037,-16.578924618104224,-24.02629195433883,-22.667270095110826,-25.196676180958534,-23.02734987847576,-17.943856641809084,-27.99579792284692,-17.182594461302998,-18.006307749132727,-18.68992481478366,-21.09402569495228,-18.361401698362094,-23.22690237500787,-21.639863679012063,-20.856923361749466,-21.854023852911407,-21.68015139429288,-24.139174543159953,-25.42852926424095
-29.627790108261017,-31.887520074410055,-23.450777825975514,-24.034070670049804,-26.6792832410828,-24.25422929721484,-21.59212122939549,-26.77222232359104,-26.996082828210227,-22.02657723777689,-31.34914903599373,-23.492695445932267,-26.874724488481775,-22.019372543687222,-31.270280155991404,-25.512491897351634,-31.862423606891227,-17.123341977949813,-27.92235956852685,-26.717582997986757,-25.85931733357447,-21.217518674341484,-33.786875158174084,-22.335496342978384,-24.107584356523574,-28.25943157080681,-22.913684665120467,-25.208921725321627,-25.988690461719965,-28.22832952599593,-33.05371014305992,-23.1430108641271
-21.36276184118182,-27.89684549858848,-15.960525905321493,-23.98640585089965,-16.474967068604606,-20.95777573142408,-13.983269936414516,-14.4857318741322,-14.547282548723153,-21.67130557364334,-34.04259401111356,-16.31091210611338,-17.643953791238843,-8.63268247465774,-28.3619577525631,-27.730282774835818,-20.46181867778756,-12.822281183693269,-20.19826411559686,-30.944365487242372,-24.841154228280374,-20.096991286735143,-28.165904204439386,-21.308738149464453,-25.15832730169459,-25.974602030068645,-24.271484205132857,-19.79065681179778,-23.268640466145644,-28.207891691810808,-28.559185458552157,-21.960010754526856
-10.491611813887813,-23.557892617322047,-8.575521996625847,-15.150727981507007,-5.584415405355508,-2.560823751318357,-3.121029843483347,-4.61226134903729,-5.680430960407704,-16.38989762521499,-20.11987972536994,-9.543044135189817,-8.763005042689905,-7.056968496131981,-16.873357868979166,-16.387683920914803,-13.365743918462499,-5.838190364682228,-14.629095467996397,-16.944207934414788,-25.62393809144286,-7.055866634523573,-25.23709516763074,-7.294724173237851,-26.877117688725754,-22.42459408521969,-13.42315818362255,-0.42199768296202744,-13.241408582520428,-21.634214306146404,-25.244789624287467,-2.7060921271347684
1.2952456757705968,-4.957685124355732,2.102022950452143,-0.3921534665422702,5.823928528354477,4.736683318351281,3.6165692813074655,4.659219010379805,8.739743424883892,-0.015166093825950619,-10.91403067409468,7.8873575898662684,7.07240651920561,8.21334875176813,-4.7426066666029945,3.6411315504860866,1.247206088601899,8.060036317436474,4.026071749568298,0.26250892258009834,-13.08344148120963,8.778718301732082,-6.443825200794192,4.723618074827125,-15.470025901206741,-4.12809113690929,2.4751453363268103,3.4260631194281235,6.850333594987121,-7.455743339705409,1.227793803420393,7.464653242078255
18.027510325785183,11.261946595444428,23.73603044634576,15.7884587194516,17.52797759738675,20.644913807660703,19.654910381715965,15.145828406918856,21.004184602885438,7.71487207448689,7.03439997588854,22.187529745620573,23.74952065174666,19.48528888830728,14.54104984144281,11.646618017428436,14.943160714288457,14.607869038791371,19.173644335237707,9.611685961564834,1.631315854425781,18.84207476728398,12.734749595686603,18.595738185095243,2.055743872759352,8.863415362911573,21.22664509735785,25.36727659777138,21.949473302780543,14.980795283668256,10.017334393356213,18.285917754757662
28.550015910572608,16.522919302252717,20.364926990982852,25.96954529997398,23.50310580289993,18.349168618924157,21.14540690269187,22.52116444396021,26.44966668725654,21.92328389054121,20.21184786131357,23.697278268678193,24.391309397592707,25.888773430192554,21.48879597082788,18.370968704710403,15.594876725982044,20.06826094222633,20.829933507219604,18.942343790666058,16.48907767680979,25.340353304854933,19.322054550969277,26.51677599651383,17.379489380374665,22.53339103077098,16.93121834876972,21.710541718057534,18.641137509157915,15.587801914608406,21.283612385477152,20.43251411776406
21.68966795514103,20.981251633572978,20.02829463449546,20.382268082062843,23.73420980584255,17.963259613287516,24.342965281919014,10.271816963683248,16.90297605083996,19.760785015129525,21.585100867872473,18.708830901096345,20.077079651798776,16.744776137833924,23.42450035172555,14.039316535431553,22.074685347770917,22.067960270850982,19.065015311144702,20.01908642962242,19.055935204826397,19.025100569990393,21.539225132975805,19.21584553831553,20.87462667138067,15.28725295831784,19.290766436453232,15.688688998455723,16.348822446456495,21.415194749294564,16.464316617354527,17.971261858673657
15.755517548267871,16.510126187094908,8.560147901325987,9.81885904205643,14.76553705128339,6.737584490478074,13.181410535182204,0.29973905832722414,7.869354387873406,12.724051634944017,17.30549167270504,7.178625594466807,10.630335719351281,8.072414314646142,16.724626326848533,17.434085585619727,7.834998422310491,12.007793170992965,13.614826585466739,22.154218701479227,14.368812616332994,10.130661308580624,24.034649317904048,10.508254156954191,16.3394923936133,18.228633275543636,9.150878508734664,9.363307846821783,11.347414484100971,12.725491724591812,20.786131132282556,8.109532711711367
1.0063957293380281,15.50456836423123,-6.1401756423244285,-6.445486693770508,7.770168140327799,-6.0828132735183775,-4.881258718994702,-5.775238510407254,-6.753446827437114,2.956637701303465,11.197917421196436,1.7116075804418942,-1.7712622356642882,-3.3670086937208756,7.880481933989715,1.9105067707076102,-1.4434200303461673,-0.04470692533235482,-0.7615362382168034,11.999347421488789,9.537951179323397,-1.837756543656696,15.37699881684192,-8.313969737329838,16.548665895205957,8.000820189225125,1.180270626518123,-5.94520118993561,-4.04463325900761,13.893484614215568,11.410949284978113,-4.476540130112268
-8.845146663642076,4.351967224418726,-8.423109337769153,-4.788590654070151,-9.792178322770415,-9.110286623406775,-12.064402623690064,-15.138791137350958,-14.181015141035697,-8.110310398957402,10.580646934570701,-6.104864149102946,-5.119709763728225,-15.803399544197019,5.1792901466551795,-0.8293583794972579,-3.1966596834895986,-18.248366663921225,-7.858598559499187,11.81948580134837,-1.1970680336522412,-15.536064958997978,9.479505850809149,-10.438298342652798,5.12397402520565,4.797598535100126,-13.627521881129303,-17.858540387899886,-10.07740170379811,3.317045270520943,2.128121298690662,-14.979283977882112
-10.029436032356966,0.15694727578784318,-15.897808035174313,-8.229460367254418,-10.421162596030252,-14.727055482160901,-12.364802423897714,-11.824003638703152,-13.376901957370627,-15.415500374017942,-0.5059169491378697,-13.38079511847118,-10.613037312053233,-15.324133397699095,-1.624911543652543,-12.356953854562814,-8.620439435832033,-14.914822231023305,-11.700473087713908,1.0061214936831249,-1.1950251567675303,-22.154052481646023,10.707667090195782,-20.140100594695806,-1.7496270442321438,-1.2733638444579811,-12.43403438309316,-21.78307348714577,-14.549003726461763,3.3644723406200074,0.2925204663310431,-14.702402991546617
-18.833881395469593,-5.706213649968312,-17.414739375950823,-19.455038765123426,-16.13933490819728,-17.22534904994624,-13.010954368774994,-15.764700217913378,-12.338973997406303,-9.739337210969946,-4.721435522327935,-25.488752075842708,-14.922117057440468,-18.12908564279734,-12.112496727849582,-10.698536838300083,-18.90174539379751,-9.298830394370333,-16.36439672595559,-11.127407930895362,-12.36772393707608,-18.277448637132352,-11.15551845928623,-18.999659802011983,-5.139917841493524,-10.176174483342479,-14.317271193046022,-23.13834683989645,-15.545999988512113,-3.4604532258598644,-9.779974733177465,-15.80188274976074
-13.4303727829478,-10.23333040542555,-13.313570227301035,-12.731024997754247,-17.737563896751713,-16.326480439304014,-11.1637897596978,-19.560395777256367,-11.193136822334623,-16.785476329151827,-10.79093032184628,-18.85926193703211,-14.031508563778196,-12.714542791863568,-21.18427154569347,-16.60629171909435,-22.620327291589188,-18.12232149316091,-17.273550050733697,-17.340841292645738,-12.634852785853328,-17.70308431684092,-11.575655239064963,-17.62845471668466,-14.916734364163233,-16.52412543664383,-27.701992753104122,-17.98250381374384,-20.57245533386193,-12.963977901126912,-14.074341273591006,-20.305207375906637
-5.9098243238189445,-17.595742181341226,-8.10393699889075,-16.86381513378943,-18.221369433941142,-16.57429774989202,-8.573404686151756,-14.057904443175596,-15.257848028298762,-15.046622418923167,-18.978396701885316,-15.718478321929755,-17.60692653630147,-10.359809174251142,-22.619554580965204,-13.752559000521359,-15.176401860669891,-8.695464603619133,-16.962107595695965,-15.541420810052001,-25.890826792714346,-9.939036173652925,-19.138232982504967,-10.495926866065329,-13.190826473839651,-17.1552065589443,-17.41231423865236,-8.723557901637713,-19.92341772515812,-18.646208718667598,-23.118126529821414,-13.037573510755884
-5.842499465415617,-22.54650407150949,-4.018974894252418,-8.213548153383591,-6.722819866533911,-4.612759292614691,-3.6525084039420173,-6.591112000558881,2.72119220120199,-14.640447715702486,-17.513418287721358,-4.171765714168265,-1.5872183960323039,-5.5421154137206265,-17.529489754228372,-17.65186598811095,-18.687586573483618,1.1042833991838377,-14.221127094120204,-19.96511895984046,-24.94444512475352,-7.003963756944775,-18.978638424631555,-7.6201658062170345,-24.29731672526655,-20.504974447296924,-16.7022277100929,-0.156314442588171,-14.370197862827684,-17.47287939317815,-14.453663040468646,-10.04802172019259
7.6140979772525235,-8.379966971961581,10.438227374424677,0.7015165165950586,2.3760353670540417,9.191329609198274,1.6785385992570057,10.903119391897418,4.159910288140165,-0.9555278145893543,-3.746007268431387,8.19940939338721,5.2170338717093445,5.15058670515167,-2.2897994646574626,-3.97724093446575,0.3787932805491624,8.945686395042026,1.0000892158588088,0.8236063643331846,-7.16977451141933,6.029977587417643,-5.43072030906521,4.332076601971171,-17.14287062787898,-6.430210882030209,-5.15014966131866,7.4399092367231185,6.622725030946551,-3.781761596681993,-7.942352308293254,9.565279032317624
16.443120183022458,5.17859989891253,17.739073802942467,14.8172744811042,20.10104597389614,23.999399556431925,17.570939136631274,17.790953140744897,17.75229642081527,9.576779512395023,9.733936835452605,18.95173585224249,21.066589220951418,14.683818230689198,12.703985160294605,15.336859811021863,12.740548270554171,24.67310876608456,13.526746661500407,7.023013745189749,4.086529241471983,23.7165488409752,3.5033815522301897,19.02256435436584,0.12622361525451348,7.8473896619262975,17.44613166744502,21.69247538568968,21.38173594370008,4.482482105701943,16.13014539941084,20.780691438734287
28.09382229753676,12.071816573061229,36.553825763291755,28.899940886676802,26.254735642034753,25.24883543253432,25.36683171288562,35.48562373982171,32.35469823125535,23.40175130297816,22.85085399888488,31.366049820016993,31.48399994065219,28.292202192594978,29.297511993438174,22.034612468053922,21.512444774288753,28.935620161284803,31.052997522912097,25.417348345371167,21.453449660784887,27.484313128258563,19.48281935536267,31.323178854720968,11.666123881266945,22.20642284189058,38.76326955473271,39.60139799228325,29.81477070480565,20.172959429269298,21.08066875333414,27.031813545110484
28.436083236098575,29.048323324880826,30.435580210391244,38.965195881551615,30.309304274928092,32.069708601130735,25.518534012015383,27.748786003686313,34.73477595044498,31.80019384645647,24.731943322142076,32.448458746309576,27.65688997043784,34.41142064068926,24.397541930656153,32.95942342671848,35.85813322851487,31.749815189715996,31.2939159313224,25.219407293227153,29.925222774222973,41.045209122433576,20.90634802155739,38.99863312965117,29.180339932965303,29.609748870879386,39.56691676715808,31.967372120495067,34.2384845440116,25.60764254771061,22.431191412598615,34.5448693352036
22.785082644576935,26.841580908340443,20.58703891766858,26.482571186309677,24.880884638208087,21.108138182057065,14.913867373348902,19.286871409280142,19.29679676138107,30.718851225472417,26.24419890884012,25.62625737819374,17.41998728439957,27.054561809737123,29.19728238318757,30.884594836913067,28.382822647005362,19.05419915516078,21.391367750752558,20.931003757847254,28.058044786100766,25.976606320298266,21.97974464775178,28.467269899153127,27.375973332103356,21.97211664275499,26.38695022062062,18.885670269664494,22.603536565019656,27.79218232540186,19.448361623088818,22.349738358362597
10.718640708749861,21.333539035958648,7.8943203289433175,13.966749405759641,8.56477065153909,9.42738451830165,-1.4470750166681479,11.75868451685437,6.726615445741932,11.161625502555733,16.766712964663267,12.449214541102844,9.000927205254817,11.935126151335094,13.167348935420177,19.281768523061015,17.331009356560717,4.2003658267731785,14.458671903309849,15.369282868448273,28.077598253030764,12.046357489837709,13.253775722274572,10.425751231162279,19.60907266952007,15.518536582770853,14.684519846758217,7.8084138928095985,10.121614452706082,16.553820349755373,18.672849026994946,1.5551865868500325
-5.960732666237248,7.065409099762837,-10.046917188330578,-2.85084380865035,-3.146832910878448,-1.1006535069825512,-9.610501236596035,-2.9026415043171045,-5.58542854259519,1.0477645990633184,9.27229788871141,-4.290152418697582,-9.000296493151152,0.3989264253359581,1.1897935361668264,5.1989161009358655,-1.0359805112726248,-7.969039948088094,-1.2519783261488107,1.7875703560557905,12.098907968935894,-2.2010026368027593,9.502564122465152,-3.056358738742864,9.581359930078849,3.7286121683838194,-4.116109056250205,-1.117129227362307,-1.2208256059406528,12.70064192761644,4.661742532063475,-3.9819719708313457
-17.62279678622685,0.42005182362968674,-13.92421215602518,-16.010189602529625,-10.917256677264568,-12.301384326440445,-20.312130260504127,-7.496416490745069,-19.208481240415754,-1.9670602431330035,1.9383119211057218,-11.57740819824825,-14.96590322684572,-17.822362311122344,0.2574504151885282,2.4772622766014663,-3.6071017392859024,-15.821190980611668,0.00021830981073805988,-0.5393297420378868,4.350218294916355,-9.100650517158208,1.5196348696903008,-16.85396484549209,5.213787162307799,-2.231513103936299,-5.998633155523555,-11.250648116107506,-11.63749982820366,2.4742147538237953,-0.4622130348767011,-11.495252007600143
-24.857238751225204,-8.111816867461725,-23.070268107346408,-19.200788785925894,-22.39520957461521,-22.23700287363065,-25.700464456781017,-19.308495721809873,-24.789717342031665,-15.950038662048264,-7.132152261422605,-13.779164619654013,-28.452986843299914,-17.41951447345909,-14.205888785956523,-2.0383542262763834,-10.859685288292468,-21.856186960613954,-10.004277406921885,-16.791015296839724,-9.33226970736141,-16.089065322386574,-7.889668813646985,-13.059025406203883,-6.171204409215729,-14.20794939620556,-16.862678845861574,-17.627690817602023,-19.477220606043797,-7.056980338678725,-7.236155027605334,-18.496778332884205
-24.299041315422027,-21.193014351856508,-22.962609588087638,-24.43866851134576,-23.717520856008967,-22.27050181497981,-23.31178750177894,-25.540720950357507,-23.85533827991071,-23.65799719053886,-21.52027552642689,-22.512052974587096,-28.510671866925573,-17.891360505618266,-19.421514518133204,-19.179727685302367,-16.061692569303602,-29.853866716719246,-25.019538283931833,-24.744537080206854,-15.699459848829346,-24.861548845846666,-19.91006523741765,-23.5081663445609,-13.303895465826121,-22.01167489292622,-24.897141106513324,-24.409147460388372,-18.122901142382474,-13.965365285198063,-16.559607130296207,-19.81580938246927
-24.443504051215484,-31.257427077948154,-27.46633798107353,-23.608678248842182,-28.646244918375007,-27.265337894581876,-23.89183492177882,-28.1370775553546,-20.713962197341928,-27.104145594601654,-28.67893830530904,-22.519902189317964,-31.190023272085813,-21.982178018050995,-29.914212347484835,-32.14906839701291,-25.28885865554108,-26.421269861739283,-25.138631732899203,-27.965253234263077,-24.530698950761508,-22.5429153619298,-31.98818119214693,-24.664674198058012,-31.103796898144612,-27.74056102203309,-24.429069159209046,-26.351471680151423,-27.130543993731266,-27.530798193287268,-25.93204779521578,-28.39569176190349
-24.496214737078017,-35.55492032884235,-24.062964391519685,-25.637372027329693,-20.8024030110962,-22.570153262968677,-27.358331902125084,-27.0226452721887,-24.618466979575555,-35.9396871008561,-33.578854030556556,-24.51756791797166,-24.05779033035075,-23.551648356413803,-33.64220135712654,-31.367983760151038,-28.59429368140828,-24.043031363021687,-33.627158724502245,-33.06561557727922,-33.37138978065506,-22.319608317471314,-30.908319537675347,-22.276038035612626,-28.199611406700406,-32.44678952735166,-38.39841212861297,-17.030813124673088,-26.66789610502284,-34.835808667196105,-28.2562137102473,-26.326933683222244
-18.411108594052006,-28.551119816536282,-13.092316814472445,-16.890321704723384,-23.017165918118327,-12.396618520789529,-9.351485861875698,-11.558688517638373,-13.190265054420294,-22.13990267295785,-32.72762269598857,-12.877239149440086,-18.48922510930762,-14.097614360316266,-23.2600831139381,-24.14490098939986,-20.943711034113434,-8.367937489613883,-24.47098111717592,-25.974663715520045,-31.96098237555007,-15.746816513577086,-29.340081001983197,-12.920757918582707,-24.157349449580636,-21.58228520713622,-18.392493704955832,-10.193260571266567,-22.34537163971892,-26.90894852805678,-22.670852042106773,-11.516946667675253
-1.3112888015475896,-10.951942659804061,2.962348645875,-6.790042332486958,-4.365484352442789,-4.374134042415372,-3.6007352287904393,-0.5741673081129118,-1.2493562427565459,-4.604074173545222,-8.252016855061727,-1.291066994088385,3.965322777081109,0.32680006208251966,-10.836547970848047,-11.721188064553314,-8.02572116942165,2.0332085562610853,-3.8913780005179643,-8.434698769969325,-14.68890972792354,0.5551925768513094,-15.12639903295099,0.9181500735834237,-18.75416572189258,-12.41542005490918,-9.695391365469805,-0.35161804321826096,-2.500876868349913,-15.890342499205898,-10.508262603962747,-1.069978136446586
19.88697147578485,2.1476553101295313,16.544516096283797,6.975553281595057,15.619228302811427,18.186981292772657,18.98656331528144,15.652555847930172,18.263400656046915,8.797404824560772,-0.6882325135130378,12.565903343762097,17.70884766921636,10.13090516785042,7.8926020311392975,3.471096843861958,5.360918309079388,17.262075114590036,10.05398938255593,6.172632170998802,-6.002330803543964,10.11859879908158,0.0026268445622963654,13.308317221169293,-5.144072006526006,6.418258865855913,7.507358434809193,18.11022361582139,13.440482431993056,0.9985312143449292,4.148229061435237,18.86001569344601
27.572651438675873,15.119759026063909,26.088492051042643,18.61359628792671,23.38764057934921,27.657159251831867,26.1621974385849,30.975716777679242,23.765852729707277,28.24594119445206,16.693561381802347,26.206162802931622,25.57257452083544,22.74161937349665,17.43297124432285,16.183123077647377,19.064185522826246,28.333340672026857,21.033511954808105,14.525240049241523,13.077739120391906,26.03834966683098,17.377138044418064,25.380220441188825,10.336567164182066,17.59709243389581,21.406622909814455,19.59313406568392,25.569326490044233,14.434401970922451,13.48382010907226,24.732502087503274
28.200714815451274,26.282621299457485,25.738620654845853,27.38854476999564,30.991141321345403,20.659339203109944,28.25538459836693,16.77957565053984,25.773154049599036,27.662646307206924,23.270009153639666,22.941643127630307,26.20522877446014,24.02034892206824,26.409772104458654,18.011655380764225,22.619671999491526,28.654414053953808,18.701739402546117,29.256027813659205,25.421525784844768,29.174357163797925,29.6055282291299,25.12686073557377,21.86132794895924,25.44083431157452,22.698438324385435,18.21540423139706,25.085968324813194,28.166127761024107,18.721072556313647,24.02611761083238
18.57389489771182,22.437926170263914,19.93205527574016,20.35947650818347,23.747288557980866,11.267194941640792,15.877177423389151,15.628158210548866,21.45973322300889,23.345918884858623,28.06833663031776,17.332243468969722,20.623095727417315,16.97754686348805,18.716089120925655,16.295278271972695,21.689002419563394,16.130641485384533,11.844953339234497,22.646017110386847,19.196666635915694,15.405287793988412,23.432668952793186,14.330666418176502,22.657128000961922,25.304080427806714,20.15560134301525,12.582466114613363,11.781898154517425,24.02702314849602,17.044998160243708,14.35926128158502
8.307057321035957,19.071442520867794,9.350812581763153,12.64430335201968,12.743168035860647,4.590798386629591,9.524367376044049,9.62856100079607,6.99226488682736,16.362737879246303,18.977228307419853,4.557899307214083,10.163795374440385,1.628583792974064,23.238198954905908,9.404499853761433,8.530925573038589,9.376388005948556,6.551541520918026,13.863707025689756,19.15233244906568,7.132251258220411,16.776245659137963,6.6452969308454595,21.198077299587947,9.92902708193295,7.802149229745735,2.757424893625161,8.344890858182502,20.272092104091648,13.68009328733914,6.927833161496297
1.549753508837021,14.830701062836734,-1.9255647543588437,2.4537578043991983,6.106900886016233,2.053206784418971,-2.561079521390964,-3.152990846645916,-5.4237224081518995,-0.222098358569401,11.715279769685933,-2.8096399042834443,5.933750905590347,-2.402447134516112,7.656642767599014,7.686813159084483,3.7927682247924888,4.802135872259388,8.771576350907496,11.068592049609716,10.361436925440394,-4.011024666494973,16.062563815579377,-3.5694742769847103,5.285342420737364,14.443110153551922,6.295682957734488,-6.838801051014286,-1.0312985610770413,17.073229888114884,7.924587209448436,-2.667759478231168
-5.325585480096662,4.732320819931131,-10.25889623940399,-5.992718315514612,-5.3556541517408025,-6.5571298917272935,-4.952669701598885,-9.041304708142839,-14.697705350572992,-0.04502976456311175,8.960439240232613,-6.354343647926487,-7.147264882323496,-8.640458543519326,1.795339588951588,6.986381765008739,-8.063267618890196,-8.409445031321615,-5.849951090015914,5.896174601874691,6.671391490244104,-8.775557028227087,16.27925681846114,-10.673171903793538,8.60409893432433,2.326002864738906,-9.751515634571353,-13.033506316816336,-9.758409610789599,7.719204172472153,2.279496136733998,-5.559750891058501
-11.753777909062796,5.489894887477355,-10.414846932721353,-10.226551332096186,-9.607628705960808,-10.702359041330551,-15.83733044703469,-11.126387762299487,-23.24210428649555,-9.4924048982184,2.462069144214403,-12.064130187317655,-12.496303761440476,-14.454544603033836,-5.052204190646878,-9.027481864968427,-9.117771181562933,-9.36633275457086,-8.132697735263736,-0.47355657321699135,-6.6521887868475575,-12.070945175851707,-1.4344683596174754,-14.670661220530688,5.104374239858892,5.993056356195493,-13.50308034130698,-14.092446755254436,-10.865693097645988,-1.8003347636065856,3.584203425686691,-16.140370340167962
-14.56924877312969,-12.127922677969597,-9.413634396539253,-9.763168677552846,-19.526360191612806,-10.44862445021584,-15.447440567856148,-13.772398959443986,-13.310737627934303,-12.039000042811638,-10.093518038472542,-13.469126730332011,-14.283917136138996,-15.509192180496145,-6.018315389818968,-12.400745176375379,-15.766864673330865,-14.950489599808783,-13.531564038386803,-10.023423453207112,-9.791984391675994,-11.4150858294903,-5.781591908113745,-13.837627288563006,-10.446560003013197,-9.770665191918448,-12.88898484818495,-9.965174833389733,-16.505880788741482,-9.74174111103317,-8.570586381138757,-12.397693894145137
-14.420570421596246,-19.58119879255026,-13.222463644700632,-18.9652188108593,-21.122271554926506,-9.82019307627727,-10.042397473997735,-16.657709388839848,-8.133630112055407,-12.338871431070947,-13.145783393673376,-15.85850116877252,-12.12563653509803,-10.839405453645982,-16.50449587700585,-22.681384430508217,-23.33025502847386,-12.790868188893617,-18.005093735954624,-19.576099925034494,-17.30135946495599,-11.937404038618846,-18.590944178968005,-11.111234500709301,-11.298496777383706,-19.831647596364206,-14.290257152820017,-9.5162923231006,-17.283713695481786,-12.558405401427038,-16.43033742275732,-19.84441540435733
-10.430842052701584,-27.92774393969112,-8.272482594689654,-18.994400631146497,-14.316848488870711,-10.413571231771181,-8.738208328820827,-13.12458492809861,-8.18362691760757,-15.086043094009892,-21.479103364927614,-9.707110591699175,-15.72404632181638,-10.810387544796606,-20.362713726743685,-13.959691158397721,-17.32765101079029,-10.447337622680646,-16.6827260587404,-22.372954907042793,-19.913883694472865,-10.963964124934684,-19.999314821153956,-12.305405237935933,-17.267715373241874,-21.53626306225556,-13.256471259942423,-5.401342665858897,-16.349084297543715,-15.193150291387344,-18.552787256420416,-12.190549000180473
-7.005728675743059,-14.18662646789208,-5.43687374520785,-7.651929711319517,-6.832262188788608,0.14263159561440464,-1.2713488832646613,-2.470027595422276,-0.5833022247456768,-6.580736281825336,-17.250661144732103,-2.9164361313857214,-2.6541731883942465,-4.468366777539752,-12.763798174632338,-15.57372078611936,-10.229712749510906,3.443017365502242,-6.538493487060242,-13.611860727239911,-11.94389934422042,1.3365030978441153,-15.058222127960455,-4.55004688701499,-13.10119430162111,-14.308171830577791,-2.655214836982175,2.6012949148151003,0.03790344141405347,-21.69059263703029,-15.179550487702798,3.451533259510696
7.384095377693295,-6.300255306632761,13.868971923602935,7.440581632117483,10.665871100348038,16.106931748259864,4.852239108219188,13.32517643199278,8.473011817086672,1.5501358795320743,-8.810588268140378,15.137748626359715,15.420044469534686,14.84066238060008,-0.1287020499110339,1.4606015119210833,6.809445105676814,12.453439820246802,7.758613186185565,3.2139393191977366,-6.32004470188757,11.407815101473954,-4.7127018199269095,12.29761806000031,-11.47689202489393,1.115328428373222,1.6421980823993088,11.721797250008493,11.729182915288842,-6.7388369043623015,-2.506355218308433,8.394417513973393
20.79393319125191,4.211819354035969,23.296495372137404,19.696526913620854,19.119107388965737,21.42712283561355,20.546326718544147,26.67262190025469,24.271841856766578,18.785744169891544,11.382021328530413,19.559201088395692,21.549550299947118,23.244542306823053,11.06074212681638,14.604003936336104,18.825912965017128,24.839196891581096,20.051489239786086,12.818817381843143,10.247769858133946,26.815600576111198,9.821997275351885,19.300777917372308,3.180651306458099,8.912692497156794,23.638627781402146,26.272473808856358,22.21685994588883,12.2411994517779,17.651749089710517,21.381803028794373
29.118189400234932,18.1665471076438,35.675456064107806,26.943551847302196,35.27053497592694,31.31288740567029,29.31060530872503,33.09076893187539,27.434988565005337,27.032818048047517,21.39446054651293,26.29927110063483,23.50077037287572,32.491331736141326,22.761237417927006,23.535544882298893,32.065964326051244,27.50846201807815,29.50320387160826,19.955571340996777,20.19108681327048,28.412468851151143,16.7339530176137,34.79479669422913,16.005266732153984,21.88822456049247,27.3907275560939,27.23951195633812,25.460694736384372,22.62271553319065,23.258283363606633,34.483055444366265
26.16550123053276,16.848884541742095,23.849510993283385,28.426363736892412,24.47129223055527,26.51863961741475,24.745280917309774,24.825906126621877,23.065893613426336,27.417421530737077,24.794182469803406,24.123674830295744,24.489730243262496,30.721234162899925,25.7705169676087,29.720762553523585,29.489123549265223,23.38851088095176,24.774527555813712,14.821525106405941,22.047422883286963,31.169830824780732,17.668462056190346,25.301935613774187,27.546545933790334,25.230609933674373,30.048500447951348,26.693051574337623,29.18820401195768,22.46768526314431,20.64362020217583,27.473623447467585
12.281071567879295,17.424671115946232,14.742703939857712,15.60443419670994,17.381459403981154,13.441444466877176,12.800680364991141,14.37767875676233,5.408125821558433,18.04412733333722,16.04753546489165,16.439950407852322,8.155677404297764,16.764194258243997,17.930907079213107,14.945936777870102,23.610445337555376,3.202620933469192,17.86209097802833,10.836654765070469,21.36016620316632,14.297478436462184,18.762854930694363,17.161802636939754,23.05655757462441,17.219963767761385,25.736905227221587,13.030762721084995,17.8471397898289,23.779110819775937,16.85560652082852,18.524458771980072
2.9198782942615735,11.512154324497047,-0.1670769051559276,1.158357154182679,-0.198910250548566,-0.5133879846187143,-1.8809341524698158,0.09366428907925581,-5.492096616913738,5.516839105338432,13.063472574498071,0.3617237005316946,-5.007169317061944,2.9194742182523066,5.961598744802235,16.128433814583417,7.773805547373028,-5.740686581991669,9.683700164556726,1.9073594782378551,12.84413240057065,2.2842058602905517,9.842181013091404,6.333425365962839,12.420001308616625,8.291316671659681,11.872955426064781,-0.28394952385858874,4.2262061918964315,10.832547213579051,10.10694351916342,-0.12244211104982919
-15.09021094101721,-3.753511984443409,-15.496952648452769,-9.773828793813585,-14.034430692393546,-14.028422274071675,-10.926038858621405,-14.763424741883341,-10.442324136258696,-6.716407674753363,6.799576643117757,-6.782975848479802,-17.67155704594501,-16.5349972801862,-3.413878920374228,5.4918283186539325,-2.23024748091286,-21.838648963211906,-4.806196801937458,-0.36821924926019595,-0.03246764508487765,-14.454385058182003,6.300385265632644,-9.780271014808926,8.877972783270485,-0.45718686414998594,-2.926527760510048,-19.03233082223245,-8.43745869925385,0.7357349100209043,1.4444371057187264,-9.948744106056347
-23.275929369788336,-8.736127926113161,-23.84755452301809,-23.146002831976787,-20.61823469941285,-21.887892807722356,-20.593759720803234,-21.71001949563328,-23.918858947093252,-14.675290416639696,-3.5712506738559533,-22.673882484799325,-24.15647043431557,-20.952749809604157,-10.826919980714099,-5.043053466872102,-10.87539775595709,-23.649764561517802,-11.330204667866477,-11.268522779528766,-9.250898710555452,-14.154900190213905,-2.043450928964291,-16.73143874368579,-5.032177525874366,-6.819151605246429,-8.75367238026615,-24.238930117774036,-11.389990398525438,-0.28728491899823794,-2.3207030529165324,-19.578416737999728
-22.24313281854261,-11.260889789955538,-29.750086280405,-16.783480528284713,-26.52869550597539,-19.649801063973477,-22.59809606619904,-24.20204994321689,-28.92036488101564,-22.367650694702363,-18.40888618899058,-24.210600390027412,-20.890774596146905,-27.592204161913234,-14.912359434537525,-12.099235612056301,-16.896085529889366,-23.952291852889836,-18.86503798337941,-15.660549624458792,-11.580953506501528,-21.934936983791676,-14.507629968828544,-21.194964856703507,-6.463467166050274,-18.662712375434275,-28.789088172104865,-25.12306706951551,-25.317097921964127,-11.646954174565023,-17.79105237259699,-25.105276859566683
-24.318502716490084,-23.337843630540995,-20.41714315506351,-28.048831496807413,-29.29979568137109,-25.70341979169827,-19.514388955231286,-27.102108420140876,-22.10940755925848,-21.604343640226965,-20.275673568161093,-31.76164529161686,-25.700672532959643,-29.484472733270344,-19.500716221549844,-19.981157985597243,-22.817758642446737,-25.587179379524443,-29.171282241652605,-27.06578655434022,-21.66156517011116,-27.492848133338736,-23.428582171583788,-26.195474751189565,-17.729119713921254,-19.123018717715464,-28.383767691507934,-27.452527911271478,-29.64865897973687,-19.148671724512656,-28.910468833937742,-26.63297596181413
-21.587184219608147,-26.12260724486744,-19.11833262466864,-26.999684677907688,-25.388118956356525,-26.200307361227246,-17.424622549936267,-26.301418339257456,-22.77859382240201,-28.999529490944738,-32.13088263877041,-25.21861681337646,-25.132072086861495,-24.710831868848096,-28.62566467555315,-30.720162779305028,-32.47116057401304,-19.865803878365195,-31.684760140079653,-33.21323819105124,-23.066440850513725,-26.06368328184284,-28.68942739664324,-30.251899907643065,-24.106911214744375,-24.894858127098757,-27.11636381164578,-26.924811416111574,-23.08816129733557,-25.798765221370694,-31.95067659978395,-29.33327598167837
-15.266511054973154,-22.41183401043296,-17.84063046923178,-17.49155354863972,-20.100193716706894,-17.445260087571423,-19.895368868404947,-17.702376196592688,-13.924872866713743,-22.628565108467875,-33.965863874257245,-25.106874797163186,-20.13781533540034,-14.926685492463317,-28.624673847926356,-33.33445250538239,-31.978648403597198,-16.35379000514322,-24.71755323740993,-24.502423502199957,-30.18022777976149,-21.25397652861328,-22.85085461469833,-19.380013990314232,-36.19087216887521,-32.47977174009496,-24.39096890122358,-19.772298493345506,-26.63802547928205,-29.72848183408849,-30.613133599989624,-23.342439744012196
-2.2852139017973627,-17.396850096610766,-5.662851464487787,-9.042919160499277,-8.757929846185727,-9.98161596935797,-1.8049548125311197,-5.568145084938174,-2.5743182983690924,-12.239779573149992,-16.03547633978411,-5.9223894472795955,-0.7993110616995245,-9.630243841712064,-15.493758747257205,-16.678751759122896,-19.719209640497446,1.90188760343634,-18.575965320652003,-14.597970877678584,-24.36434032023823,-10.40503406116426,-16.204949794248577,-9.713733629183233,-23.12089044647008,-17.2631520668078,-20.048265005821605,-2.2512048897548627,-16.587678727180542,-25.397707876364287,-13.441870739232868,-11.132452415766652
5.130669891402088,2.2030737409394203,6.090953646959349,3.3305973451834183,5.121246790761772,15.128646277111333,10.876304385232425,5.341312313985599,12.618541690472966,0.8195418308975801,-1.7466234479547256,9.773308919460067,11.537546659749994,5.839428674174142,4.165171638460324,-0.46469370491869055,-1.2110198671452215,13.81560335169806,5.461457831786327,1.759156493334477,-2.369363551181954,3.5171126688396406,-3.8939919282355246,4.23930264595508,-13.552248707547431,1.9426509189659449,5.780386267908148,7.581753461431408,7.558007243226544,-2.2349355034678795,-4.108417946181536,13.850473163187528
24.459580508576934,19.020118786934383,21.5063885809841,23.871464740453654,19.523491196985827,24.788404953174126,29.468429959847036,24.224337614504798,25.004720573563127,21.669601292473263,15.821270057054369,23.940046651599356,28.25608173850816,21.301793054092645,19.75643042394867,9.928479837915443,15.186327305653107,27.130325926665623,14.320087120559846,14.233952011010588,9.91658197070341,21.080107968819792,9.765821517498802,22.05974349985502,6.025809312011171,10.788177813791592,17.402464408570058,20.88373501308278,19.23564197382783,6.210253003823417,14.694758886293554,19.535384509875254
27.579320162325235,27.581920644030784,28.705390897580298,24.302183974656852,24.823438754296042,28.681157291500455,30.124941274180944,25.663090227803853,33.457130675983095,26.487416451227393,28.60888190805118,30.088035977005333,36.03586669290064,29.367610828328942,27.898951277915355,28.609851933727157,27.541541553483967,31.103496892041665,23.433147276273633,27.79864009663918,17.033936372748293,34.3768663315786,26.03603838311899,26.242231439226515,25.62388635119919,28.388859370398684,24.49009433576314,27.013340997838267,28.652856687605443,23.69993576466076,22.29433915275368,26.932897323393526
24.775255275369435,28.498589622754004,26.17066859915197,27.677623601278775,27.80315791788901,26.502389967790446,30.661423906421494,26.017151626251543,25.716929005298223,30.088297837893457,29.407221663027283,29.879279504279495,29.839011375056998,20.102967465065746,30.39173012063404,23.72169017157544,23.052992587740157,24.9079264058334,21.273424479182072,29.32514019295646,27.978634111480723,25.018997858239324,30.55425908782968,29.095114714474743,27.52666068496145,30.317905670492806,29.565487176485234,22.463614829779825,23.503176118987408,20.872854407773872,24.223851754246738,23.401539270755713
20.041195885075002,23.144038153041564,14.805947277540707,14.253662314957237,20.815411369729993,14.418305021054069,18.584106807963366,17.31460757930326,20.496378973514066,27.037003067813387,24.130572104384612,9.622159317884147,21.074247826619754,13.757475297254649,22.632927992851126,16.458951782952965,23.12764110311268,14.321242509770483,22.969267216625028,21.494037041016963,25.23985674364468,17.633406762521595,23.14882656579363,12.956950874263383,24.833008510251066,30.37792959566124,16.57599963959793,13.121195960142538,10.34592312576895,23.09906367430259,20.273627171419708,16.959696195207385
10.130826298833519,15.072639945528161,3.2700029169621825,9.22864387434348,9.219974004539088,7.149699975398111,4.443716308585172,-1.46997678301093,2.801099246747304,14.125674867414986,21.525178320402492,8.249848518941494,9.772148412362448,3.8604111799731586,17.441606446577225,13.702105155692804,15.234901953722954,0.886339114177134,5.192206741420246,15.174404440870163,11.573694391529678,-0.7890765076195756,20.17696279039012,6.664368149358391,20.943526577714334,19.67199766027849,6.169491576603561,-1.8168266629207643,7.045053708106507,18.952487892913286,12.475560691214323,2.5296180411355604
-2.284753466993614,13.694653978301712,-4.112017914567111,-0.35429213115778724,-2.2788598245228777,-4.179278667440288,-3.184054807936205,-6.594961730889561,-6.095019281950733,5.846192929998633,9.590356350795991,-0.7090779600305155,-0.3223709272914649,-10.509559954987882,4.187940380229922,8.191033507359741,3.0496558972069945,-11.46501692994278,7.225572867068639,8.3328660618788,8.865720811855997,-4.54167755458347,18.79114943360927,-7.558904440456172,13.534904240835164,8.516103551023305,-4.854197981009822,-10.197709634824625,1.9779450840442883,11.82800652031213,11.448435790121362,-8.019599797902478
-6.7944654466465275,4.532716539579816,-7.962648836739284,-5.30521707572232,-6.332039844749657,-10.441521278397717,-14.091375964284332,-8.519716513161162,-11.751103995143982,-8.47646550812598,8.061168757503808,-9.579870798906194,-6.442793404352575,-12.298417842040951,1.0416446354382354,-6.365933805902955,-1.4999245147053777,-9.634429883231327,-4.497370961982681,1.2003703664242011,-1.5667159280499277,-11.175084431651863,10.931927600522076,-10.569359399006002,5.501636845948059,-1.1277809056180303,-13.352941926428944,-9.824517912877692,-8.433886943444096,10.915064027848487,4.4261986271637355,-11.866407248287832
-12.095634149017359,-2.5846772726365055,-11.095632747951884,-15.102628938723074,-17.29272625376303,-14.571866900426006,-12.538544154569253,-14.823153372680013,-15.990256866066538,-6.397335193690222,-7.27297041061178,-14.598789761444596,-13.680975514032069,-11.365317110193674,-14.064278265283042,-7.90277984435469,-2.3587764216132716,-15.114096537868933,-11.491181974548383,-1.687253349336115,-4.179906068886985,-13.540879711635135,-6.847246566697738,-11.65754444604361,-0.8704643353364939,-6.590130252230175,-7.3397868751783815,-14.247996750866621,-13.439528196840415,-3.473935455499437,-6.413914877749003,-8.227324607209878
-11.6175047129797,-15.795919019044911,-14.793455683175436,-15.57696813036707,-21.659330452283037,-17.884595219070356,-12.920063297968438,-15.177672002248178,-14.346801237052457,-11.471764609274754,-14.46100312230557,-14.574981287303695,-17.66444904057719,-13.778110191247881,-15.23380301967316,-6.727000312403265,-15.910644263663066,-12.348422775470308,-18.340251138516884,-24.67906196586481,-11.081253353542698,-10.934757438925438,-15.32803037283199,-14.459818381408095,-5.901700727445355,-17.625986203065622,-21.283590673415443,-11.11086709636011,-17.41781386611225,-14.712086765324134,-17.95820424884354,-17.281224159604502
-13.466887963108263,-23.978624299730587,-11.755760809263954,-15.34547782348367,-17.143677494629276,-16.83429035126665,-17.708554136463732,-14.095620190077756,-11.487018963558803,-15.55183757148878,-28.204033531740095,-15.978554446498922,-19.526416565214532,-8.408672092644368,-26.895061710570385,-15.433520003904086,-22.5175458424972,-9.44980128988971,-24.360763250090642,-21.01284853810971,-21.046215262969355,-11.663607794332098,-24.950805013505555,-13.357070972850048,-20.5174645605024,-25.660646351070405,-20.714256236110415,-15.78031817555179,-16.89621674986013,-21.186296857929936,-22.794104319696345,-12.983388212094663
-15.995381529486501,-24.959137327985538,-12.640728932285196,-12.571159761316432,-14.470102128801798,-9.33315119381072,-12.711012482501907,-9.502783064238132,-10.253280144947192,-18.424897120318143,-23.965508511148876,-16.240823611667704,-17.754027202294573,-7.150262428188385,-19.579670115797565,-18.808712398224053,-16.906691888737647,-2.735035480935234,-17.36895506678409,-18.60771698490982,-15.152873514004595,-6.576340822907517,-21.990591600982444,-8.510485197877006,-23.463439754980318,-26.161886734520504,-14.507933663724794,-5.7264079720703105,-14.061758202166116,-24.279431566953214,-23.114554102113523,-10.521856718664054
-6.908064760124852,-20.676629454137945,-0.8336423596613395,-1.50873312207991,-6.869781286862301,0.7741216137056618,2.970839507548941,8.114607094045791,0.7334628803226587,-10.184151663600634,-11.263278255093608,1.8227277597964642,-3.848714393267122,6.06043738372607,-16.100805742629152,-8.473129937679715,-10.447262829385654,1.2156570657064425,-6.189788367517148,-8.799572684823364,-11.495351081461301,4.801523190475725,-15.60251144749712,-1.002334500209141,-22.647506045094037,-18.056865761629595,-1.2522147567279895,0.2456628481536574,3.1799903573040766,-11.566120333647584,-10.247466853292085,0.23906849735374708
7.005729736911633,-3.0629271831546956,16.289549247951882,9.273814600026258,2.813034006795366,17.22282525941614,6.6482859057089785,17.604379904276573,9.344268967958595,6.150446327003085,-6.135121359097134,18.44442621319148,14.597817395105233,17.203254023331745,-0.408432289741216,8.35088733281237,2.4644826482817987,14.89217937141048,15.091574723824552,0.8276449354269328,-4.35021353082093,12.355069609028998,1.8505255071671487,19.32455166017824,-7.060384635329304,3.518210052817219,11.625506374468138,18.283829103545372,12.521132457101807,-1.7467817240480972,2.039646353353418,18.17040885947034
20.4603652555736,3.4452713330233298,25.433476350114475,20.794667345767945,23.329570544977237,23.51163012471693,21.38843062168624,25.3885069752249,24.77069262847692,14.732471796143642,12.613868957101694,25.802573201800612,22.978897471121094,29.99975395227634,17.044583611606388,17.483462698156043,19.97611087405233,22.470445812175114,17.330980420934544,12.026315715505463,12.378644825728218,29.841397720893756,14.439704346206817,22.480766029757426,13.568471838798615,8.834534396812101,22.647978774081825,26.142102055639654,27.166503374134813,11.699586150860002,12.76481415145262,26.353452755048835
24.611135412892594,19.953693713220297,32.676336774906844,23.831131580962065,30.018128326652896,22.025400846845255,26.171254865649654,17.03739110595996,18.876816140358073,28.831193974348473,18.359002790896398,21.448072416930984,25.736122582437517,26.091892597165163,22.510691060838706,25.83665969329378,25.681231303042892,22.72211081038754,23.916717420804556,16.391952916308817,21.070970536730545,27.921591400806633,17.88427456330685,28.075737965023563,14.844368335120764,17.003125436318044,24.495188436114898,25.539328630857554,27.899750640653664,16.134777225252265,22.523440714333027,26.504272565481717
17.8832997903197,21.057257402147897,14.362082269099112,15.84848065826026,14.409847555080596,14.390293902768851,18.376470289974634,24.345842187463365,14.238712591567886,17.1453903257602,16.041348521477673,16.155822042021,15.4644430956366,14.289889767105997,20.42129167420074,27.38696197578926,22.619227520789046,6.435697589486933,20.77547473493802,17.31144929745769,19.462661463302382,20.32193760923971,19.68152734018744,20.01325005322264,15.666027890448085,23.27209205669795,24.130567161907003,15.819231622917432,19.882951106616165,18.925879090446095,17.93588508357804,20.42671442467597
2.3728963577597524,13.600373651639,5.553891612915282,12.2609897107919,-0.8087547583820975,5.16014774770678,5.676487325503849,6.534006079148085,-0.37581244267663416,7.283010279981721,14.606220147431568,9.337494808203955,5.095404494491988,-0.36000854039823477,13.462580975087034,14.800134138082427,15.465033544002761,3.957069999836316,10.842114527607595,13.506785689298546,18.22523769159684,2.2702080228309174,19.24485927040794,4.662574854872543,16.270099663467914,18.45320251003531,13.081450852021922,7.2575494661652105,2.9534939738474533,16.764658639735593,11.624692404800703,12.015398199659707
-12.171379779317565,2.2869256618691596,-10.506536049659104,-5.328652686802862,-8.194273088121559,-7.598177625827432,-4.671296789820952,-3.0886523960279666,-9.998801706291472,0.6728558008610276,4.841990510271247,-7.597388897663535,-4.822112864564721,-4.793700536610656,4.269122047545459,-0.2548289719342206,1.5147598025478872,-12.121147469075824,-2.200705386898161,1.5259489388308576,8.37457070879264,-5.351866508558862,7.882397935538029,-1.5265181356451083,4.592031007725154,5.288166557632034,-2.279302306534395,-7.440534753265741,-9.224368568429723,2.8693413919364876,11.223560907791343,-3.85241026664025
-15.876735063348116,-2.9102784304818456,-23.063027331970957,-14.859056905750634,-11.586107333631979,-17.30424766225947,-13.489187329179465,-13.452880082640513,-21.656925183262405,-9.645142685039845,1.1335347917125946,-14.899981372895263,-17.058727718781725,-20.908805600349492,-1.2873469045367452,-5.567608013973803,-5.862413679747636,-15.753604848895606,-13.037072835948148,-3.50276963976212,-3.527272306211679,-15.221663719061914,-3.3283079779983145,-11.63030359407734,-0.7431920045960555,-6.357792133652487,-9.276799792260583,-16.355002875602935,-14.160753091247347,-2.8483627615572717,-1.013695953360726,-21.327861825183703
-19.145255993178232,-6.0174489567729825,-23.097182865264028,-20.811782191536974,-16.434646293049585,-27.698133879717496,-20.335974523348295,-21.096624051756418,-25.541008383518395,-23.357512119350762,-3.8244238861968,-18.75119962584529,-17.424183494585552,-25.393350987497328,-10.704664439994666,-13.441151173051807,-23.696973490888787,-19.551494835826514,-21.971816227930702,-9.503495886964274,-12.681466784848165,-17.791642317589794,-3.7050805921624717,-20.230966494408953,-7.367519651170266,-10.271692575272152,-21.34589307699729,-23.16091463591355,-21.915120491711516,-10.56639072303751,-10.432186525479997,-25.179592525842853
-19.788499069171685,-17.131841313310527,-25.8970973440723,-22.39752290655606,-26.78550126614977,-19.447284611765753,-26.108161976759376,-28.396802860779605,-20.82332190491372,-22.270104078158674,-12.393967370709367,-23.086902584152394,-23.36588029800416,-19.54329897013317,-20.14694151269549,-16.719437499682364,-23.5378155327696,-26.03138900144254,-23.585933486582594,-14.980752375540904,-16.00406370965227,-32.04043700382448,-13.67221355975738,-23.3660101971234,-13.957449266980332,-18.074089078828965,-28.38560474847542,-25.080795736385994,-27.34668567114152,-19.293340030684163,-21.54168320263989,-23.03200578416955
-28.45111040399247,-18.313423496157608,-20.827963307902564,-20.105263683672987,-21.06272298416251,-22.4674959369879,-18.726381839188356,-30.192065082601527,-19.619315021853097,-23.7609070667274,-22.78982332238887,-29.42880632327033,-27.299996079584414,-27.37921074948908,-21.6267188550452,-34.15378663624011,-24.9698067363721,-20.557452291526097,-26.81775122595492,-22.85693378259103,-23.79565858175317,-28.738681479594312,-20.038495681122214,-29.321186882527,-17.23252917721928,-28.409985828961666,-30.418842033298667,-27.329568694174448,-32.932185984456474,-26.665119925400248,-28.573602611338426,-24.902681057086937
-18.579138182033972,-27.416284474640236,-21.550494165771966,-20.95854554688494,-18.737087191449856,-19.94112880084114,-17.209643199715934,-25.46877408366711,-11.768372686549464,-24.689541561279587,-28.135630206056412,-25.49959030963376,-17.35220106507747,-21.69020717559357,-26.567722570729618,-27.58774750191958,-28.698977512878432,-12.279599026369558,-31.205032974882858,-23.714003072291707,-26.856540488148386,-19.567232273964166,-26.7942774921433,-27.337306153724246,-25.691621520309237,-30.120780235486706,-28.750205227892458,-18.863390537722175,-22.988114687406625,-26.023103690320994,-32.28740232624676,-20.24005425064604
-5.472484553721061,-22.736355184672526,-10.112270116850702,-12.20889740703756,-13.574144532017158,-13.881508363887686,-2.1034430714250565,-8.907432861334964,-9.077403451334336,-16.88317162726754,-25.93972785024808,-11.119451961910269,-6.757571309078366,-9.608726002091872,-19.23291230968895,-23.094138138858884,-15.137971337338653,-7.520594137155015,-14.571490587755594,-22.28676824558231,-28.18519421491104,-13.884214246271204,-21.891942981705075,-19.71837995621523,-26.673841030617012,-21.51661211066541,-14.636879016507875,-9.565724600920456,-17.5957205647306,-24.18079124656529,-22.996790234737396,-13.43561388865942
4.665835019444878,-7.339577177435625,5.364051720163951,-4.171835557931353,4.420345745417548,7.730338316230167,0.10221700708632181,3.1935983556675174,7.786632583091772,-6.131119671449207,-7.051020496643997,9.149716520142437,9.270949331330849,-1.3312943132789912,-4.5026638372134675,-7.844104402800424,-6.219937278361117,10.85809484211355,-3.528621251889742,-10.556000844341039,-21.53951554774921,5.827067184108125,-12.12314906934306,5.0511407081223005,-18.442133793113914,-8.22781296454075,-9.10489923713703,9.420414784150195,3.616519520415174,-13.165198042568678,-4.897271494120649,-2.808370393107703
16.9336290129354,3.595115560209962,16.36947383179627,10.493007377487894,18.174118014590423,23.010987258355925,20.141389729158767,20.167788307624914,14.954151105467364,16.866077779687956,7.586677267936332,16.389095198906553,24.23957047172067,11.399196319417952,11.421829390195082,12.314738280195552,13.051987084941745,21.78584056889656,16.107009373692733,10.503330584762082,0.10903245929064165,13.766311961561042,8.456071070904837,11.572112033397524,1.3949106656395958,6.894895788977351,10.37962662241232,24.73478498564279,15.626822183031864,6.72320959989586,6.811434174484666,18.987495838510558
25.040584594610493,28.62476969774416,29.17536874043566,27.88269548495918,27.901504296541802,30.437626116103235,31.933880851182447,28.5591473663952,32.03781986185259,27.392913300153715,24.526487071961654,25.351515324042087,30.097812755916824,28.691085388895203,26.236156741734046,18.90016720475648,26.594353626557773,34.45911224707058,25.87548577940886,27.96094906999017,20.364961784044333,24.76721985196282,19.55850258632781,25.315543871454192,18.76745626744828,27.933858889565823,26.323248436437552,29.24144851637101,30.29377987739479,12.60787673872065,18.357813634314034,26.24033602396082
31.32114999760879,30.138617530536745,33.0011124159584,31.63625745902047,33.02290771256526,31.801718452844145,35.25775076923126,33.77506957861707,34.20560565849871,34.753076512736655,25.83402450704923,30.329695681113908,30.368038868811208,29.761050875749714,33.222138342432146,27.063565968622978,27.70422727670634,31.739160621797083,29.253594865362718,29.607366151645554,29.355563040479662,29.957623141917466,40.18325170931122,34.09703575572471,29.577490718108432,33.939180878311205,34.71444703885152,28.860859552298848,27.10927274130828,30.778161403477117,32.64291601999886,32.13539725903094
22.461931389109054,32.56728969107242,24.93882902233735,23.924744971878425,32.27698883561551,24.887049079242306,27.62850282613102,22.717137787398133,22.047244640042475,28.81817198302522,32.866424566117374,25.70377744855697,23.16277636658261,19.010198998954863,34.55365271957734,27.616244332876832,24.062876347891347,21.02637860019551,20.759485020095447,29.487602404247188,28.306370357528227,29.30585370830589,26.08083094382914,17.81942569077161,24.998803941896078,28.954863641821348,28.807858376720233,16.887224869519642,24.476153499635128,38.529185359547974,30.03441600872433,23.489165867290545
13.742187797686821,18.269821354479475,11.555057281883784,18.13358907931468,17.95717056480243,16.46459874014835,10.265247113651554,13.717292517657725,6.447429960172257,16.32842247518619,21.789554385934302,15.375922847429367,4.0237470875168,9.644022700122372,22.247884370209327,21.762745885168357,23.365617185734052,7.5504726986121655,14.883540328335744,17.763092955317713,20.963532836617265,12.160284024304342,21.111409119683245,13.320901920360807,25.750236737493392,20.0126201501737,20.730515756842294,10.042164556225263,14.15367208871143,23.92860611309945,26.81345147190823,17.34783198093282
-1.229883861216313,11.781554911944067,-3.071078397442552,5.173382459094233,1.6694519128972252,-0.37633929685228396,0.23677956527775573,5.769108343657548,-3.2899193210666495,7.878502264960094,23.15607917893375,5.302430087281492,-1.729042983762021,-1.8629460804653792,8.695514397776003,11.748438481855368,9.367024881749481,-9.374357421834443,7.330891577153373,16.159022381434156,24.38372088396682,1.089973189905247,11.468159437402166,3.7623027213641898,17.27960430197942,10.112475579938668,8.314602348593104,-1.3343627175708068,4.858074017912714,16.132197975836547,13.978977671894866,-2.085387559290775
-8.128496387991426,6.8580298459457065,-8.234644726200592,-6.368092101671042,-7.8823208219551795,-2.595691819528334,-8.877701395580575,-5.181492636479123,-12.227406932072473,-7.407610667081973,8.548585735592685,-6.3929394131709,-9.807651058896113,-7.262518641128663,2.6090039971033043,5.847614387683214,5.414750185594435,-10.989233832785981,1.3911493235409524,7.038281178028406,6.272865704197079,-6.795763778111547,9.394250894953638,-7.29246014738057,9.51169962104719,4.423488332313622,-7.4853612312757045,-10.221288164840011,-3.224670707411864,12.414228761383427,3.6229267563976286,-6.778421358167363
-12.798973694879512,-2.8750774663836616,-14.929322619085653,-12.274205445976158,-13.481825843736711,-15.23410588289326,-19.666544102826848,-13.109411324913532,-15.30203916647873,-14.974377496175515,-4.253742908412166,-11.362097840050755,-11.431280969595177,-8.955303210425495,-4.629457485125482,-3.9165717075394846,-4.190188360145701,-20.105257798571753,-5.147628394232593,-4.852467105369027,5.036025694596131,-13.468391285778345,0.5001667115469184,-8.737461952919096,7.505913935894504,-0.6791374604400274,-11.32361670106926,-15.457574465543924,-15.820719462520822,-3.4173122288148896,-8.997355945396798,-12.41300724302823
-18.808796840025945,-14.093137139170674,-14.597777974125519,-14.40120008512269,-14.31315172056863,-17.069781379423585,-16.052298244297628,-19.08850745510391,-18.16437686717612,-15.873735756118958,-13.915292819763435,-17.834068470324752,-25.16992872810931,-19.091710986973098,-16.022036538528624,-13.214755654596782,-9.34711708405736,-18.299200708256514,-15.830082453188203,-20.482184457117675,-12.740026523455445,-12.81093832533623,-15.189548241934537,-16.940833967881776,-8.660211553483707,-13.91493976680584,-18.328016483630694,-14.758248330600676,-14.044305831887046,-10.86961868152682,-13.613285348927405,-15.420403052674363
-28.578154787326525,-25.88589215001703,-16.449609149238633,-16.49584988803394,-12.794000495224838,-18.484498897229155,-18.80666160804257,-16.7264309746923,-14.934333999231136,-19.469728704433244,-21.805041813691634,-17.083919719355993,-17.860211995329554,-10.93335826811541,-22.313657320788717,-20.07984975453582,-15.709106976511539,-13.91344768731421,-19.50681987237108,-28.518936132569344,-15.448005212515913,-19.87995388480116,-23.196856058260323,-15.650183006227143,-14.397986415642736,-24.51902836802291,-17.974383888175705,-19.09977578751981,-19.648370734110692,-18.82663027617706,-24.897513512747448,-14.530216299456333
-19.476288969161175,-29.23585727399567,-15.961522100320428,-17.354772841598322,-14.651977856280393,-17.4886858030647,-15.198403917278027,-17.77348733255264,-10.71935740555599,-23.982539051620794,-22.82161388807382,-16.43498212063171,-19.883358993123732,-14.919693228195067,-30.01662900947763,-25.517185576521168,-18.70916195607026,-15.945570647551474,-25.883111216125272,-25.67178669172198,-25.83750850628038,-10.18022735960468,-31.33454457940816,-14.665743021584971,-21.995113078325204,-21.246271650859846,-19.42543050597889,-13.80167476576064,-19.769113933828383,-27.65958898132047,-24.9017996657711,-8.567455998940343
-11.243986368484858,-21.432802124249157,-7.431609643513026,-16.66814630456839,-9.105602382023815,-6.018348939329136,-10.624492433965248,-10.288185778829606,-6.221448665745564,-16.444282898615903,-29.399314626614828,-8.091031794309108,-8.126577661405015,-10.108348147288412,-20.463885451577557,-24.87387470913443,-10.905451759844691,-6.484301704807194,-14.729492104453339,-15.975526094322099,-24.64314399219667,-8.58041841476949,-28.503945975843802,-4.969392453210274,-24.21663009961205,-24.71420878960295,-14.266145031765388,-4.620292628085557,-11.471631135770124,-21.185374656005706,-17.888958337160147,-11.691581436360453
4.2929034162490955,-12.142079139884551,6.688481649391877,-2.772833679258709,-3.8555729550856044,8.340393184896218,0.24043863858073164,7.3085431733462976,2.221000614580982,-10.976174200265309,-10.091001448509754,1.6315974281436134,-2.0658247687855056,7.634548474314331,-10.548162232983376,-2.0341523524638787,1.414614817446969,0.15424333975384716,2.491959864403042,-9.909683825422206,-8.763742170558356,8.018359200185609,-18.194621566367783,-0.050663744316093995,-15.845825848703466,-9.983901787100523,-2.543034208727602,1.7438115663959974,-2.4466612062174113,-12.13320075317499,-10.727171621335355,2.4154192471834017
16.344073793855085,1.293147370230895,22.97668866921964,9.177996869647735,8.32392244102987,10.25217364955675,8.656249197096267,16.960142460822112,17.017277824018322,10.947922808708118,3.6579817675603628,17.37871014064898,13.680262813846216,17.178869942432783,5.011628975398928,11.333267893396183,9.790635184831604,19.662553306646988,14.800411044626715,2.1259019435147475,-2.391198419451422,15.22845553163419,-1.38465341207116,13.314075101809856,1.350797260898726,-0.46275116426025553,16.05476097262097,18.89783832175155,8.535722880607821,3.683318055832873,0.27086538336942995,14.636411076370326
25.637777853183813,6.6605989829535615,28.062433121692262,21.109893711878474,21.07394353298996,29.369835351878766,20.540215388672163,26.99975629912234,22.01703822143825,18.87908226633893,8.1026047797011,24.464067905937224,24.87478610194005,26.087660343408032,11.206823460559916,19.918814251669588,14.391707915658545,20.194030635339445,18.438117957693287,15.07497539428905,12.478287983369189,22.589364113445598,15.189989872449072,24.435678620488964,12.0582192365721,21.72677049998293,20.8437371735473,24.00837170657164,19.463833069548027,14.903055249658353,18.08781333170751,21.45455167930156
24.31566270470051,17.538609604338383,19.484205479405556,18.23575439101814,15.87494069041216,20.458335129972696,25.87800936953283,16.44615090075747,27.218092069554537,24.038371251191258,19.751677662776455,18.557204032676594,21.777872406778393,25.800474519149038,28.346908042318113,18.73269039890181,14.729728268135393,26.42441475034225,19.99876942557641,18.212688191549653,23.56976155185426,24.30429957403623,12.648203238439377,19.75533883516716,15.718265949129202,27.330915851242878,24.36288740654483,21.265865313797796,18.14871813858179,13.606928708817549,23.59010569457963,27.302817862136592
15.632286381497963,18.00318090380346,8.558391685097412,11.619223263183269,11.954684947983646,4.8928293335555155,14.225632406131524,-0.3715879787862203,9.588724210553217,13.387367930998545,12.58491599880873,9.770890598431254,11.752800662870293,9.302673928230918,9.86779554222997,13.409223656407356,17.694797339398583,12.230371119423179,15.906165319127384,13.498192204787685,24.21331863272208,8.855302820359096,14.495666749781515,13.375677944883371,8.462502975036617,14.904009840186609,14.77155521205065,11.87428962515576,11.624377344248408,18.476794744815052,14.370556661894213,12.037001250377134
-5.918773089356007,12.41044915583232,-0.8589285733921539,2.761420538910833,0.12881942515562642,-7.503284759310808,-6.4920336997544,2.9900592317603936,-6.2083887203973065,0.8166397771215081,11.064926499699673,-5.081924906591832,1.1971852148946038,-7.532755171247663,6.161180844348222,3.6935761421958433,4.880232520173758,-0.44446899149365215,0.6791682724422488,9.166815506972176,9.716049440688426,-0.09685217955265481,13.121876266397805,-4.498214447562689,13.756135841717185,5.40171823538114,6.461969023737599,-8.297431239291196,-0.40337083304779486,8.90781863387009,9.55027735682901,-2.6680476886219098
-8.46001926289388,3.88126026817906,-14.04994408290201,-5.238039224927732,-14.826114964677254,-7.616272156290844,-7.793473358907185,-7.988968133943689,-17.98019360271687,-13.110429047643152,0.9243243535518844,-13.922536684452677,-4.901732396794347,-11.61969755118197,4.130085399540816,-1.348700149317024,-4.602243705788399,-16.92525526091787,-5.651545478153475,6.714358285627898,1.3174865772019666,-14.389945915937728,1.1545937726008253,-10.705722185771188,7.824909899568752,8.369249706908107,-9.422591525061211,-18.399804515452615,-5.8105246149704515,-2.4689350709177247,8.515100311317415,-16.686195066137113
-17.491474373943856,5.8562931517972086,-18.158025180537294,-12.444516608986746,-15.968933407987029,-14.79434648092111,-13.509662082366747,-19.97843300391752,-18.80787930132522,-10.19473938455556,-3.744520807973225,-12.674395267583243,-11.78422862167274,-25.862891627169976,-4.157404677176915,-6.026286608965944,-17.989677764103188,-20.188486600305875,-9.774189096951133,-2.1086691592857214,4.565119359296584,-23.382524851162362,1.210608939657887,-17.70034674977464,-2.2376933855053744,-3.7184670317069144,-18.7294144927385,-18.37426715748844,-15.966092576418898,4.434182559677683,-3.650823919658241,-18.465954151142185
-15.209050034965305,-12.184844689950655,-20.126766566973323,-20.636734781536877,-19.732195937933568,-23.263891051691743,-17.772720981663092,-26.186814025404434,-19.520360110134714,-15.143898055112565,-4.136150254712357,-20.464310715288708,-18.35620666357827,-22.99952502571503,-12.943432552171988,-9.41636084764993,-16.03303436396372,-19.335108384284773,-14.672089922183382,-14.913175169544113,-9.633385570305583,-23.73226440643829,-11.138211185107064,-22.089531155344066,-3.410361566748895,-2.4341182009642996,-24.585663669510062,-26.33546086889504,-17.54795907635127,-5.500919023268315,-12.421012947917038,-21.48877771751283
-15.893679164954012,-10.595798850559042,-24.50120265343965,-23.946314489432627,-20.717309954378134,-23.150588570738137,-12.96719051233561,-21.175763802398357,-20.635469197193288,-25.09532720058365,-20.71410734672333,-20.175832448547645,-17.54002120496389,-16.68869275057284,-15.212125488049455,-17.48509588544097,-27.476496558024316,-20.4420307882293,-24.863914277608767,-18.78109591927443,-16.65555209150987,-17.97947518151761,-17.656887954572593,-23.96232330628546,-21.185123745174494,-12.255381714330722,-26.03030949365395,-25.933338133040383,-24.96177340279011,-19.655271185495412,-16.75163376064195,-19.72430765840768
-19.610496663632794,-19.46038513763252,-17.53552357168929,-17.637255654024298,-14.63619962897894,-19.841280621001218,-18.20324670672663,-23.193606796058244,-17.21334349012942,-21.56313434533606,-20.03382320601748,-17.077255028149736,-17.560848610682473,-12.881728113768409,-19.193759262525905,-21.88038188359965,-22.98936809156641,-14.527901396843955,-28.66122384354361,-24.7492223509886,-21.618175520238683,-23.061624941137705,-20.992452971494775,-21.634925300987096,-16.454802823983314,-22.711269649551884,-22.18741386149141,-19.779305157509445,-23.212342153805583,-21.893910248775537,-27.88991486434091,-18.71911129383168
-11.344153975795052,-16.50622922071068,-13.178821967362257,-15.591578096882206,-11.21054921426248,-16.91611675733907,-8.937280265324626,-10.73238995511215,-6.560992750725222,-8.150021794152064,-24.962222331840888,-14.864302139819062,-11.121036761940541,-13.671793981717512,-22.444420101249253,-19.77630379168042,-21.489646245167666,-11.396436696580452,-18.60819903125141,-18.947849140217475,-25.67450619582599,-15.553244561902751,-18.66885345086586,-20.87154989588353,-26.33233761585642,-18.959733170847805,-13.485992136788042,-5.781578608360183,-16.310138656819653,-21.513368059042723,-16.800035351339524,-14.60406279646885
-2.3018712319037804,-9.849644721690087,-0.7329322780296897,-5.021054484135126,0.753470479131608,-3.2204350562498987,-0.12741672115072963,-6.650187031437459,2.6318233532712707,-10.678954928361502,-16.509338925703542,-2.952927394503615,-0.06238872212669503,-2.568104924292379,-15.247575893649707,-14.272654507059222,-12.169233516251015,4.6335934359131805,-6.849491185931363,-9.185577369818342,-17.770489287523485,-7.429138902540475,-14.08446289859792,-7.537288616596164,-14.582836726184942,-9.879453058865877,-11.894141524406534,2.0652905038092713,-5.681363865799364,-18.94705994786853,-12.82709370086446,-7.194530909683423
20.66940333336181,-6.840019545308151,13.756604497493253,15.236818869909257,14.384547186881653,15.58450969208446,17.48804454581667,10.612496104541927,13.491665842062243,13.963119587627347,-2.2789980478908185,13.001015087833729,11.239827700588876,13.306978552349964,6.742526100834339,0.6033764059506671,5.226599203583584,18.33101322319317,9.759314269550233,3.217596038811618,-5.389850336697167,11.97509494751138,5.184888447750423,7.751584983837186,-12.238162817895011,-1.9880629887298937,7.65300225406632,18.281326870496454,9.463458440228266,1.9790224931367817,-1.438193442483866,16.20091397512734
29.20894080199008,15.150240214729667,25.463437330323373,24.16533073846982,21.97903560993078,28.69843038467819,31.010137276895467,27.096751973194028,28.797683327859314,26.405623775274947,17.095949468859647,25.42252713028869,34.65262968099063,26.87813950532167,19.61753470575356,20.215041291193128,21.01204258136041,30.979076671964236,26.40987594760184,18.473141375584476,9.250562054122117,29.041193960904703,15.625599813292189,31.45315551699239,13.172173890728205,12.203005955362226,24.366319406194307,23.994411427793377,28.606962197115188,13.361762631871391,18.299307486732925,26.542651644697983
34.81142686377056,26.640127393226482,36.63369015900794,32.419728929571846,32.38850962773186,39.14828600231192,37.877853598645075,36.51766367076102,36.275415446660745,32.6428485648721,25.994346036250825,33.31536911457405,37.786805780824,31.073306349677768,28.314931122960882,32.018278041220434,29.74544040018571,33.46311214376146,26.978852392411632,22.766698232136918,21.511138024118758,38.33595516114572,23.12706369926655,32.15064754213602,21.859160341926902,26.936535243571818,35.02133110539292,32.18618505805037,31.524877354191457,24.504981432356377,29.943512279368193,36.590895187836246
26.648841476364723,27.307781310731656,34.99503623835123,36.301167136613245,34.00949763930596,28.09490451606773,32.054829230116304,24.71230235813192,35.307358281486515,36.13613176627953,31.229137000108715,33.63094474155339,24.79182567960815,28.600610486346053,30.63292579551314,33.9155338870438,33.29367038103368,23.237574838728325,31.822512715220885,26.670114689097932,34.64600007306502,30.29500879370885,25.759262658224383,31.575362334379907,27.70220554369761,26.340602852272273,30.582765748659718,30.23443967503725,26.973516681094594,29.458267635544825,31.49929770689886,30.11207622565928
17.040581581092503,22.90652223866626,18.184967269967917,24.719355100798968,19.68763294764754,18.7330283253209,15.850075669886554,20.461754857296018,16.418693259284144,31.6809969617011,26.418232315191435,24.861010133525053,13.271138878774547,15.134032091300256,23.041249765723474,24.388518557682644,26.352319634892005,14.921160944789063,25.41173327621305,24.722511613466246,26.43934493393578,17.383735371526406,24.179772060312438,16.99079743338248,28.29085654975232,23.89735112908536,22.32268313348267,17.29761424679031,24.55178452437049,30.04739047702676,24.728776071343745,19.264536945148546
2.8428054173739956,18.426000440414107,-1.0860565353485987,14.364506517680239,6.753630504856716,5.745585260747047,3.9667119805038196,10.248188364808195,2.3338380256687055,10.726113540494472,17.778702375182792,11.181074263723097,2.3781098632080213,0.37958027361980284,11.288848234620284,16.266621650624923,13.687805615790213,7.21436120356003,15.056024053575502,10.474741195134964,20.400789719598215,7.209117789391139,18.325426437702248,7.668644047652564,24.836261647385395,16.065244332406582,13.36293681925248,0.3813676431506782,13.586824148557545,20.897485510234944,19.736776983491964,10.608491389208808
-7.082219481748761,6.640322981193026,-6.3929779369768385,2.27567217613826,-2.8907212306591017,-2.50130682648929,-11.886575273370514,-0.21233150571173018,-5.9185138626964,-0.6190544484978837,7.575381365453715,-1.180976269861647,-7.669184280613958,-5.372722475971365,0.9534750080385225,7.5328119110885075,-2.7293583411633797,-12.18794453313438,5.062181209129081,7.297244266841916,10.212170789748342,-11.250785840358668,5.48651280526277,-0.044541216354814644,9.649183640170321,3.4908206443058303,3.567382468006142,-8.067416622448482,-1.3988712428368526,13.964300374525802,5.422477145792524,-4.3828030690089355
-17.85363826100467,-0.7752589235661208,-12.537988054183991,-9.942006495971922,-20.563200372917606,-9.266946734880252,-18.846877229155975,-8.097972750811538,-16.194035744435887,-13.243896746944282,-1.0159129578082446,-8.126329146664656,-15.663337816083004,-11.308948499154784,-2.2232307615680966,-3.1822271134587083,-6.334734020227005,-19.493174035921474,-3.6201819455136675,-1.495515993424212,5.204585974766084,-11.45294905460666,-2.84093319353736,-7.469842795154483,2.771876690608642,2.3942698086758365,-11.804353571970129,-10.991495624423237,-6.302829370376179,3.8584104400328214,2.810100338449312,-9.718445001535923
-19.557660312117967,-8.167709366325033,-16.402284520677373,-14.910573194646867,-17.611583948741778,-16.453656462297722,-23.40917826120418,-7.995045275990592,-16.661476926643033,-16.124548905863684,-9.965767557349649,-18.869227239797628,-20.30081802054962,-16.668891491325457,-13.084324224299753,-6.005898860670097,-10.337309419377497,-23.504920677433873,-17.08934825453789,-15.286383506247434,-1.4181385988954833,-19.004691784277007,-9.807334107394006,-15.958936031186342,-4.156631182304535,-10.269235364235778,-13.024412863419839,-18.30062939169643,-16.18393369486305,-9.28338837998207,-15.008954801740856,-22.280655622068693
-25.62023024762566,-24.07483563431156,-18.06500459934245,-19.665053889093226,-22.032194965922816,-17.352486428985106,-25.362054826739744,-22.493010704752983,-25.323585275792272,-24.59360061701634,-20.78613213961499,-21.89323230810093,-32.20327236012207,-18.486397221607348,-24.063118424446948,-18.325010334775875,-20.150465747594808,-25.49220730363636,-22.70680345856631,-26.37214002744219,-13.920953992990805,-19.218420667760846,-19.12770042820631,-11.44821487648965,-16.042608436115763,-22.03273021856211,-21.139589360581333,-20.176974212914526,-22.327799016767408,-19.963426930785772,-17.600118440244113,-22.10265386636997
-23.05803785431869,-29.55052327251796,-20.446139959274703,-28.224998609117367,-21.512940114115786,-21.215845697511277,-20.1414725788218,-20.173032603965538,-20.24640510152673,-23.90014099650003,-29.850809378665105,-22.484079163204736,-27.271184533854303,-12.667892875697532,-32.92862972388751,-26.552616119088405,-27.123791413557065,-20.584366560192983,-19.790508558694487,-29.613249464114322,-23.696788069586866,-17.363478671115182,-29.844802370805652,-26.516531584829593,-21.157410983733094,-29.430402947800516,-23.025171053799962,-17.50322983888189,-28.19891819583205,-26.35424294185881,-29.373756714978892,-20.86743046708069
-19.61538714732129,-33.83794821128777,-12.169184666426649,-23.35362265343749,-21.74521003230903,-15.114019109590014,-18.333352346065983,-17.676506483581313,-12.66442320091863,-21.00669205196264,-30.913424265352763,-18.887134489270792,-21.17673672704192,-16.687869419757114,-20.34293069001234,-23.72325336074957,-21.033433904764674,-16.028792617235467,-23.115534388661683,-24.089074029759,-31.394759410270183,-13.68390616903289,-30.994007606617572,-13.961141217897783,-31.08610938682342,-22.62360845170103,-20.82437744260477,-15.585225122285841,-15.090937878772628,-30.353687800829565,-25.339021203295847,-11.057296604544216
-7.591673612833371,-23.010077963169405,-10.092026461238978,-12.82652043454783,-15.004932361655458,-3.851695442010171,-8.18961562075474,-1.7703244141055887,1.0791930145545252,-15.756067389653793,-22.200963000536376,-7.195572276246029,-9.796165545111851,-3.2683641223596043,-23.538975487577957,-21.10934607260093,-15.798905494416214,-3.2547351273662013,-11.211378546228891,-19.44719621828261,-16.482740648856996,4.365840758166714,-23.451696838119126,-5.966783443957907,-29.357262652776924,-29.693973443148646,-10.439499517051111,-8.889836653679957,-9.028117842183109,-25.18462542275565,-26.136624033853302,-4.806748629569919
1.2681495290480076,-8.71711717689049,7.180302519278856,2.366024132180581,-1.3334055008364079,12.007121868346264,9.60250551433704,15.532994486129281,7.892171502806144,0.8952310944697263,-8.307933270260296,12.497077034355254,6.524516789690775,3.0031019725475057,-7.112188312891065,-0.7751656380651717,-2.208420043121252,9.655568578213456,9.310859694252185,-3.7052051953853176,-11.734831201431073,7.317053833988001,-5.890473490527754,8.034531025670017,-13.982017786889127,-9.652550890162232,0.0059002214472610864,9.34360078415382,6.8759574505773875,-5.513309296963042,-4.092072164888057,6.889675641354717
17.229788456477888,14.771650648371303,14.829028996953275,12.766205585921533,17.819985268051354,21.202153517313285,15.439089314396057,23.549159721093055,20.517184620471934,13.843670298030151,5.585346333680262,15.481928194116781,19.39082719706696,15.469164484427889,11.443863784348649,9.251332811873674,14.118452862780973,23.116054897700355,13.763583640028042,15.71108273577053,6.567208032091813,14.320232892518673,2.268289458818469,21.018834163833006,1.0387564758629142,4.861293950958869,15.1364289927562,20.90594441421351,14.651518576944515,5.584910657790822,9.028853275797054,16.123788403419933
27.714264835119433,12.218592612912506,23.123111283471907,24.48519515662427,21.403047076775877,24.04110587858153,24.580785667238548,20.676515601935108,20.207066891893074,24.061989275305187,18.461022820257085,17.466503048322846,26.76559453295195,22.096824863008226,23.969881827017858,21.497351641641675,17.77734058305201,25.10528309337692,25.63084354616177,21.485021207632247,10.253516267864436,22.88130138871271,13.044916264195775,19.774369751004023,12.973828153069348,20.269143317430334,20.914157022008563,26.851535217908186,22.5537471825031,20.38631185243815,13.844044734193414,20.75948033724366
19.417762545398443,22.38152492672219,21.40757045346977,18.664261801658274,21.609416707749038,12.53595677934436,20.19457779168213,11.897105262043398,20.03617908193348,15.187901681409377,18.510185260590227,17.350074883587578,19.26393301937319,17.787125919561003,20.79520764359301,15.54384486791134,17.428575745907487,22.326673992673616,21.92295214157908,19.856527115211627,20.912643148644605,20.728006236123733,23.72314582234328,17.815279543365953,22.73069460213868,21.42201409418068,19.082687406310495,20.320151435148784,17.717460670901403,17.51297990563722,18.61928464781735,19.898271968242174
11.109783529613942,24.091020989576865,8.893408454469478,7.400502199902828,10.484749771853838,9.760435885186467,13.212647821973595,0.027719469131017305,8.464844115303155,12.993496260911655,18.102138173059995,4.3393627288261625,8.23601514055069,7.713935076985202,12.049717703874133,9.317669280866113,12.991363300430299,7.283046577731623,11.834452799686465,18.672561374706667,18.84014875233482,10.203315706448642,17.78271921734736,2.676374361956804,21.891829524824317,19.65231229113369,9.642473708999697,3.4646237200831065,6.179502237672974,18.388860890944873,16.98730740625266,9.112836306548022
-2.6256046946171248,11.619905667712377,-8.898587941328236,-1.8682419702081474,3.135018833225999,-1.4130590312835336,-6.4480823946223245,-0.13537867379799257,-6.135235691885459,-0.8694167999759584,5.999357409644,-7.505846313705297,-4.738733416575805,-8.762069273684597,9.548356127734396,3.5862149701074584,-1.5157032969957815,-2.6406891862152144,-4.372222584776932,11.318793949557154,11.876057442869307,-3.1878494750479445,8.794176526369116,-8.116098823563425,11.957152221588,10.361997863373729,0.987506451304272,-9.045447921508673,1.0133845937915402,9.569682707532143,7.6701978137613676,-11.449558979531844
-8.558306889045857,3.0209870945027575,-12.728713807541752,-7.497086567973834,-11.006623535606101,-12.202531032901609,-10.842825134095277,-6.953748704332234,-15.350565977438217,-9.263484764671178,3.9759012984695605,-17.047477664265443,-10.532419728620148,-19.334017621694425,0.37942511110661536,-4.510179571222088,-10.490428331667415,-14.447756501789545,-8.29244014266793,3.48579275274925,-1.4833282584427634,-14.540083643718242,10.657439537396375,-7.7242265537659325,10.552202108564902,5.894483581295767,-5.787079665320448,-7.687473166145849,-12.196935966984075,5.216735400833415,0.16297987490866028,-15.273047448321766
-7.8241448201143395,-0.4191885109593655,-18.2777959246867,-16.187325490736413,-15.883206303458696,-14.683733933997713,-16.65309140120073,-16.78572912346991,-9.218900122970732,-10.916695130534627,-0.43642752172822524,-21.074237748338508,-9.766520264457183,-22.09736324214238,-2.2033409696929325,-9.191951049265821,-14.508688835724417,-17.11076700203683,-9.52132005097468,-3.976004277545183,-0.36104746708752244,-22.766705932869364,6.3727716897573385,-21.507539464099796,0.4877229111717329,0.8341289534610874,-17.726620531882876,-14.83396319826542,-13.106601722191257,1.0432529009866565,-5.612891406346068,-20.433829991790823
-19.484141794320223,-11.312262479781047,-18.380419941394827,-14.05646425894187,-9.721897417510112,-14.698345138418226,-15.700868856143472,-20.910079635898033,-13.532229543753973,-13.38927664862943,-6.404956405373222,-15.794833398679113,-10.69186351943871,-18.372659531999936,-6.629354171926078,-17.872708518869786,-14.575822942264187,-20.098844034332103,-15.427607672811776,-6.977557447208017,-14.639955386762562,-19.494691824982073,-6.071145558958074,-18.150622882585793,-9.107984662109276,-13.13710934657474,-19.727627247673535,-19.386287477943583,-20.40697551119621,-10.899884818239215,-2.3670895882663094,-23.46983409056531
-17.169822519345388,-12.452065523669964,-13.888997811286888,-20.330044617641907,-17.317852743717978,-17.593544810253967,-13.984367173502553,-21.661079283038042,-6.824678574314582,-18.666468469046308,-16.41173656361112,-18.451825362779008,-17.492413865086817,-17.880046717022104,-18.263065253835233,-17.02701464638085,-15.524130300892459,-11.401981384723115,-20.269513299899767,-18.82809269725304,-18.30002190713315,-15.243099772474695,-18.943347392713907,-19.419825534432906,-15.803970250759278,-12.712433875555282,-21.453809272062763,-16.732796592212818,-17.812665632378327,-11.886994438599613,-20.35144275047754,-21.00914617850631
-14.485572310533493,-16.672954419152482,-13.248041466841089,-20.50284233578903,-16.584078674259374,-15.716630913914626,-15.141539226228216,-20.712526122029594,-10.895894008234787,-18.011881166266456,-26.102237354101703,-11.402765842109853,-16.028914058833646,-14.388532274235175,-21.468047477636052,-24.101162900427106,-24.26556101795617,-14.526485520161653,-23.682057940699597,-21.160680820447823,-25.094092296400042,-11.269711427508383,-19.848376040991894,-12.880937059730059,-20.535897420308512,-16.57172981869856,-21.110918334615917,-14.420009269974807,-13.57471377719577,-18.57883943333579,-20.521011085019772,-18.630544373764135
-8.704125519283112,-14.024060124590918,2.298175718099218,-9.033166107298598,-5.4147705802476915,-11.81250068846051,-5.972572668106801,-4.593154240721903,0.8669385656863194,-11.053144378805204,-23.278139471046284,-7.033956554519126,-5.804135331383578,-5.656440133507539,-9.615397622183032,-17.358352456089435,-15.352514298726245,-6.868707341656121,-11.418196764184913,-16.133566258372916,-21.18095336743283,-6.917472397686603,-21.166557666035196,-4.007429873963474,-22.81532298628218,-16.389036050436196,-13.078607664099733,-3.0876748897265314,-11.499548686512053,-20.379028920137422,-12.805170643668024,-8.981985923238984
5.191307701031751,-9.550530474613396,4.488027980238023,3.210390195426687,2.0248451883853917,10.164986494653963,3.7673842300782256,7.6603845097929115,14.51995259128407,3.3624709167014615,-4.98969330693546,7.692632932470688,5.754901712846472,7.704020501513954,1.7202611892983057,-5.151076458528182,2.0548103658339167,8.84619332975525,-5.251749867284101,-3.804737743369874,-10.518655131193439,2.964056099236766,-11.949319213606358,3.935788886114398,-13.039987343409894,-10.562658018718453,1.1060346588692194,9.478979541901904,-3.9556289896207946,-5.278499943014255,-0.7330875984996466,6.430882945042709
24.459669751131116,3.797363535879576,17.59868314888456,19.27477953424074,22.21008124519259,24.000865477962815,16.810173044397732,20.492418433453054,21.669327603738957,14.316961425659937,8.374413612656955,17.250032445527538,25.067472294416888,18.595327909603345,3.322511597717512,11.887685395276447,14.73033860224225,18.914167851477657,18.4268401900151,17.92605648777063,3.801612552905998,19.9776101945234,2.3041404978456033,20.490791579166064,1.5761052350513012,13.033168105059895,11.083216864650344,18.221769292985492,24.797411073728412,10.16159452459507,13.054657004261706,22.124221393400692
28.092500077644125,15.798192350882504,27.59228764093287,30.89504491293582,30.458475666884585,35.30446153955341,28.721474641095416,29.182263611256314,35.085065215535465,27.55138710485245,18.596106465905077,34.24227750757827,27.49610000852722,28.39429124003094,25.7955327984772,28.95963612202382,27.09281793661303,28.944557593275267,25.66663566389692,18.437917917594987,13.587574816046683,26.809853405082208,19.35946704526865,33.44375502140154,18.971093214449127,22.687605452926142,24.309138393783954,32.91852341318195,24.26039389329368,23.5863714763839,23.728303501075246,31.710642875793997
33.44473787749201,21.206731753652807,32.3624210347224,35.43635778147288,28.071458308201766,30.35625076523942,32.24264294437826,26.96186956663929,28.58052820295449,34.22689764755848,27.896423485645506,32.16103154828412,26.342138623201443,34.2258021523559,30.669338179621434,32.631971572416646,27.648386444357033,29.343795551907363,31.905897704730254,23.15213641958203,33.481198954142904,32.776691256129155,26.628992188861737,34.292595217015666,23.053621822838746,33.81797298817641,34.40862744435963,29.481293383274163,33.36671188597886,28.91886753504159,26.36882897449018,36.99659241917549
22.708031635564733,27.608728825567493,28.26675674611131,28.77489542401993,21.706411873075403,22.187643374353343,21.616446071683335,22.0319192416916,25.15450411083228,29.030417953977544,25.23148501031683,25.31583256697241,18.716288310371286,27.752309944974755,25.813496516918487,36.470458122248786,32.034801447141,18.75782222232463,24.185136073190062,20.73614501616318,26.436031748607622,25.5817029929014,23.380643924696958,26.12223918816213,28.533119570278348,26.267007836036235,32.15307970586703,28.89803563430439,26.264618134096846,22.230209890097065,28.135305893093854,23.475180115594988
10.842424758656218,20.186176644599374,11.945401070610044,15.372418737636934,11.184199639130041,8.715476221781195,8.323154772958164,5.107081589248775,7.005514054877671,17.458531941484814,18.30377465897551,5.0678350577160485,12.0061234592152,11.834011717934576,13.360354955766244,16.921428108671517,15.268109772634427,5.388164930395413,14.043505341780532,13.805760494424135,24.869495392065087,15.404816914562344,18.065954365660147,13.04743022663495,27.194134958935006,19.547415159839044,17.284635364727926,6.747600932702651,14.262947180571423,18.0600040666948,11.801023887184579,12.028863031122217
-0.7015915366858863,12.717932526631678,-5.160740954590003,2.210788065557118,-0.4726674575969744,-0.42206049297652437,-8.037791840191405,-3.1428626576904497,-2.932111559889016,6.229995179613273,5.059430756794742,-5.404048899040944,-2.2818231663076274,-3.3545781138537687,3.6109624978630492,11.655263368195786,10.509211950019637,-6.38712800797702,6.769970347010993,9.614430538503388,17.96533956031981,-0.08456341408319606,9.777123016605888,-2.1773680103856337,18.823707924448946,8.898519039148237,3.3137119224659206,2.030422202123357,1.0110091820245073,15.195448030368388,8.757880345491495,1.9124710211763367
-15.117330278228803,0.7741454120731743,-16.336709130141042,-10.149841837517608,-14.679976829086863,-11.728660522289127,-18.335865164041685,-4.462200542557613,-23.403044326727663,-9.117213229534912,2.757950760156674,-13.149279275196117,-13.320378795107665,-7.713585885588195,-1.0319811447618696,-2.597589200309987,1.7436005650310862,-15.766370427851335,-7.295615227723359,2.0131389168230363,3.4941387571654707,-11.770866763278883,5.243781565967901,-8.849363324455794,5.1973054230707705,1.4950279937730402,-9.868222208645166,-12.536473841593388,-5.829145246934196,1.7495398433716411,0.32030356571213714,-10.836020314342637
-26.12125589657808,-9.798124404368632,-21.385171705816198,-20.08276675267851,-21.28031046415065,-18.008241505568982,-23.196204535268322,-17.17591911082808,-23.0662258572982,-16.73250597127488,-8.130550307691067,-17.451271393024918,-21.924821277738246,-18.669707897599075,-12.262161102230225,-5.475032348574426,-7.986217985562574,-18.969787334998454,-13.732897748517917,-14.592744577228784,-4.770984308528067,-15.575569441648915,-4.979405874924895,-13.02601157312897,-1.3790987767923444,-13.07825951573358,-12.66909996399828,-15.75061596886709,-14.444023258074441,-3.869177209668356,-9.673681696067398,-14.283865182990537
-26.484433637947706,-16.360636538362925,-25.168082535632262,-23.46306575150023,-24.681505661730412,-20.19332586562373,-20.762699556936262,-23.335266585890647,-28.645401668014053,-21.37357388423929,-14.10152226046046,-21.678964781327632,-25.648129039668554,-18.033654310811208,-18.756263892155147,-16.012785526380384,-16.491517269047876,-23.01669657547562,-16.691943675949865,-18.089519584779104,-15.063300380719124,-22.1980681367665,-19.640520535816542,-21.409321489749512,-16.108472101249586,-22.982188319173247,-19.234803469268012,-22.56651909622138,-22.88729737961198,-10.363638816386477,-18.762207472083354,-20.461758614934865
-29.91758007541003,-26.781057573713042,-21.86945900768417,-27.614571769384995,-22.324543233956884,-26.483796240343995,-29.734523599119655,-27.921244135759025,-18.29457936541253,-28.529285845555574,-24.821471656067754,-21.141124397353646,-24.160733297600633,-19.070776634274896,-28.94550302962734,-27.43795623606301,-29.90497603925171,-25.173862322808873,-22.874675889940008,-35.78820289819283,-27.950934703109873,-18.112246971099914,-30.56899943649281,-20.739517832412684,-27.232241412279876,-30.85644710722937,-22.815182608772144,-24.44623212462,-28.767452376628725,-24.45716111244197,-28.845012380431594,-25.633849415104137
-19.79645804751826,-35.9177772767585,-21.041112968337725,-21.391269957912936,-29.75321916155621,-28.224652090965055,-22.7140684370453,-23.181723181851268,-16.250980729857627,-29.60808591723495,-35.74747400798906,-18.841078921031148,-25.667316008416247,-20.8001553809208,-32.46737871163066,-23.597498182810277,-32.440755504968244,-19.468812545071582,-23.617422749614153,-36.58871825130424,-23.550942967070437,-24.26522901440242,-35.65098627660064,-25.220221813492362,-33.032001238816534,-32.41302265287178,-23.36423005886644,-19.59317126896609,-26.718143544230045,-33.83834823382232,-35.43115016877414,-23.765410511963452
-11.24085026786483,-28.062724818813653,-14.089625324205569,-24.85564919862049,-15.648170099916271,-12.306578770909649,-20.07472971049383,-11.535312196114788,-11.755119401836197,-21.227724365030372,-33.33059880139319,-13.932665586806161,-13.559485821924513,-12.979431360577856,-22.01094393108776,-23.806881938838167,-26.58855457677804,-15.085831971579154,-21.1251239821165,-26.48478169129061,-24.458284386575592,-15.253956100936701,-32.35293195918202,-13.298486902457478,-25.74261974318685,-30.480537158143065,-21.288575132413786,-8.950285760751147,-13.391340028499714,-29.20700288435147,-27.150530466043875,-15.985699379375951
-4.7248782551697905,-16.783752175009838,-5.682679142972398,-6.421874311736247,-11.578122340383604,-0.29668468375637025,-4.595981742255897,4.60528900133472,-0.5011180975587166,-6.978992271760863,-13.186422267075315,-3.2475778692030213,-2.2759151456664806,-2.398355002856581,-9.477681772925717,-5.2228183169006375,-13.298273321472273,-2.345975226830962,-11.23225036429093,-6.329129083874695,-18.101885020054308,0.5402438098007585,-12.622522996685873,-5.929883768124041,-23.60986200260575,-16.495972525630528,-5.969432125781773,0.7135447955469898,0.005442472029525414,-14.355564764024948,-17.682627001797943,0.06586504530253348
14.141110942678882,-1.7055233479898264,13.42932369613164,7.569893382929905,5.018863235635767,12.078497815893666,19.51172900612968,11.811692393325302,18.317961120251393,8.167251881763619,3.179113403169007,15.413845108046274,20.907675204571625,14.613982820707275,-0.548262068435692,3.4733132174258565,-1.5398461964945271,15.149162676425561,10.988747829322419,7.237936624632568,-3.273714428383826,7.48566602773481,-3.923561535926715,8.245194899866902,-8.600875072539276,5.468456503711072,4.639690119216971,21.988437229992524,5.252313823491661,-13.165158759408655,6.297095420785094,12.433515690608255
26.359330731768125,17.10785436406329,21.965115935820197,25.85763623002328,20.098115882605526,21.632386673915327,22.019899168666377,22.06936313442988,20.28833198580382,22.516600027652128,15.417539078996809,26.096511322033045,22.40707297109071,25.015160461837077,18.716479713646326,16.99824343870948,17.18339087711378,27.190052604823936,13.012971460083337,20.255284293690504,7.953422951337428,21.549882463843634,13.855690156368095,19.95121337403357,11.936266621367677,13.322363977456643,18.767668712277676,22.84681075701293,20.67602154363136,13.496804531128838,14.482729993733452,20.571037662907436
29.21341703685714,22.245547812577332,15.607237002140247,24.758598333781652,31.117715813573817,18.190058116732963,27.349448120200265,21.499413810017526,29.807143089763866,27.940859228956583,26.91666405809915,18.490798155249788,28.588127751461727,24.532750343312262,19.984848469108186,17.859026795218345,21.48880139193283,26.101036719535557,26.22198382126844,23.472816100648167,22.58636103857932,21.63116573839161,23.19118143735184,20.503238259579067,23.94267790992082,22.51667876703061,22.95346463753527,25.025935717614896,20.956824904793642,16.545363149484768,22.5457594199411,23.70210984692342
17.970143242162177,21.97132026683167,12.42895054865302,22.653423951934872,22.249954521333162,16.350464053453283,24.93175408422969,16.62187042710211,16.731451461291122,26.82897126542292,20.15459518510933,15.962385450058829,22.422518176957638,16.028064153793764,27.325899104029663,16.96483814271738,16.02999322211624,17.020546517478294,12.781856376108843,20.189623174458813,19.500449417777435,18.440921165706264,25.743827798091235,13.568586246559914,19.271144273812283,25.380683969270976,21.37491730147946,7.760547606102309,18.699488570457486,24.339218500785954,17.902321008507666,16.07448729253181
8.287838593515477,15.505868465655292,2.5465292410623075,16.038298650935975,10.989486307791008,-0.6910965647964445,6.898145817333399,1.3915838024605316,-0.6866576226626222,11.346057173928676,12.397587410962268,6.140354663633452,12.004398196032437,4.018482165678564,16.841190270649776,12.261092500007443,14.532023033861922,7.391868609498886,-0.35545341225662275,14.471561413276653,15.105954506727938,0.9885905335884766,14.025372441326448,2.7144103784332465,16.03025258541232,13.183466944856255,6.153583724637845,-0.7339443027925573,3.9610741181253006,16.849953793172403,18.54437241159581,11.396573684924466
1.2657031873080364,9.00842494042199,-6.489086781856507,-0.10548524332264955,-3.6165893574628414,-1.3448766834453416,-0.3979698638515153,-1.1388863554978248,-7.893759478083055,-2.177441811216921,9.120133772201058,-7.091384599531054,-2.2462563187874447,-11.297675717918791,7.041717359175196,3.5239494942290754,1.5431716647731992,-1.8242444057701779,-2.4458144985450825,7.726217964423339,8.547591136668437,-12.022943622260142,16.46473700065156,-5.452665621922404,11.635815183856717,5.951517415114584,1.2044366551612333,-3.7479330522257976,-1.4303373016466536,11.240056139211708,6.08695515524004,-4.410952592974177
-11.686794591993952,10.174989897491042,-10.947613790499114,-8.983357790623831,-11.264582474918637,-8.272472525751406,-14.565427074843338,-8.119679862849187,-16.36394037443497,-3.932542707092574,6.749203514812153,-13.90284282789646,-7.846021153286661,-15.91474936787734,4.60961601254308,-2.418934782959405,-7.507640923347884,-7.447022537365406,-8.367295883704047,1.2609409914139094,1.0746782118801437,-10.623895043395052,9.866449858523948,-11.50168349301475,2.717781062408688,5.401091167166687,-12.268348390361231,-7.869407113839783,-8.290335563359344,6.648235424367725,-1.9124038105568744,-10.653863390532091
-13.391788594560076,-1.957765781093289,-14.742113245136593,-11.95012843720239,-13.036588383415399,-15.369479256943164,-14.02708696505862,-13.37623051468783,-12.674121022285126,-12.738675510109198,0.7837114139722455,-14.901529717897352,-9.547306569666814,-10.758974268927798,5.306406515401746,-5.646661529972389,-12.329618698134139,-12.989891159897427,-4.405774619599881,-3.441310602911968,-3.1542885749744576,-12.639791853807932,5.576077916264796,-15.801667886330886,-1.2552146288429626,-7.282486176603053,-16.346373655272533,-10.498275951028917,-12.93798766668342,-2.3871509608693233,-1.8444370489914128,-17.222593296587696
-15.05331593166603,-5.098156792102713,-16.642609512992014,-17.096457565897023,-19.3570774670826,-11.560752395576342,-11.463748442053468,-22.09481673785379,-12.706468607781055,-9.207555688339236,-8.115044456255903,-15.985985219229997,-17.89654222178971,-16.9176853383163,-9.406221184856726,-15.394412076302636,-14.928265147623055,-11.871389523098104,-19.39527457170326,-11.617257543498546,-6.427932397764637,-16.226020614920426,-6.338748869914688,-18.15288664533139,-5.915459325173731,-11.624587092805747,-15.628651253447774,-17.6211948030804,-13.078301609047681,-9.837355624388227,-8.082321439569407,-13.785204569067787
-7.739786561560164,-18.8396420698669,-13.818965891493832,-17.243669422925176,-11.450730569750906,-7.281569342635026,-16.00003951151782,-15.82107325223953,-9.875401352245051,-11.529147391084162,-18.061564696526137,-10.891237069834656,-17.104769892914526,-15.3082906676037,-16.031864523026325,-22.27528575992697,-19.085375009419632,-11.485272138782713,-16.33536687195027,-20.120348485523706,-17.53702417704714,-18.414684714431367,-12.847071244870579,-16.26064265878046,-15.868787898202006,-13.983732142621033,-17.3829383899663,-17.90624716850197,-19.1206535184657,-18.639552344531133,-17.00339310606025,-14.454236581606573
-9.88256812402671,-23.930656927461456,-12.313589181708718,-14.038213987060145,-16.55954540018192,-5.7327005949133,-8.609863881643903,-4.776906617903463,-10.310865443369305,-11.727151123485587,-20.379234311877784,-12.377740579371688,-12.519426366549256,-12.647593802375951,-23.700917864678605,-15.703017864562032,-15.694674310486398,-4.991588971200695,-14.486451981414886,-22.188064379450253,-20.957607360703545,-12.635424088778484,-21.013553942806265,-12.205419357291651,-25.215639088339582,-22.487662409199697,-13.354863068213527,-12.54712052626711,-13.307534724639199,-24.859673434460845,-23.947404908959935,-8.785741837183522
1.8940558535566252,-14.614785081402518,-5.895930233503062,-4.730721964264137,-5.445356703293592,0.06300489196816872,-2.284195105145748,0.7232106573132001,1.3429137704330822,-7.886375229126708,-14.169191083248956,-0.8887011370209674,-3.904097750432973,4.27042369017455,-15.0860376668568,-12.3507248082838,-4.828119274709928,0.8012837233874422,-9.53995098637505,-9.493361544214503,-15.50226701161156,3.7638569975962626,-16.91893732332702,-2.1134804918820485,-15.293088310963697,-16.776345340603452,-11.43121312197217,1.2413419028849304,0.4220705995058187,-19.622367968792666,-16.71022349494261,1.3077096599269693
10.439128242729813,-4.022239878641762,17.098690134324652,7.313997654424094,11.427433254674693,14.288906113881964,11.730541489677949,14.058641049794751,13.964038788621679,3.6155648616781653,-2.9849873196488783,12.381345911416176,8.905551636643775,15.752644949488696,1.0785148347053,4.258400930835147,6.184204578341813,15.413329984013016,13.660795516440626,-5.488086251261977,-7.812157168172227,9.512961579599342,-6.113134106364861,10.480296276953418,-7.212907038227952,-1.8192997461587592,2.8566725373756103,17.037128876712544,15.967579957649509,-2.4067585654990635,-0.7796302436275059,11.1430114197738
23.12076018930762,13.988089628913201,27.408428144008656,21.572726497250944,13.349392416384255,18.64562806132308,28.13996174339498,28.834969776840865,25.921295983960665,22.015998301224265,12.1800361010641,24.503457608456667,19.550159066334544,23.46854360830473,12.974039276311412,20.379123060501552,20.09619867343448,15.327675125371275,22.527400936130483,14.749659357009115,6.62218401593757,26.88973446606318,8.81756117287754,29.364999096244112,7.432443919417768,11.822258524566017,22.332564335466277,25.079437370368296,24.828981626947606,12.244442114289104,17.618993469499078,23.039054119584772
32.97984800455706,19.429147617604134,28.48016720372061,32.63746300631744,27.77016757674663,31.37937983972109,25.897748074584538,33.585440569132295,31.96224834930713,28.424471700126254,21.718676791798142,30.908459172245625,23.41500055150575,30.411434577127746,26.079175317812695,28.483897202827677,34.88715359347051,30.715351112547864,24.860147585404757,20.390086203957416,28.35435766100806,30.859758474402824,20.839455102599832,31.93011498868772,15.765325708548128,23.03706984361878,27.76404820366841,26.09650328954057,32.33259010894089,22.968317403909623,22.67182530801404,33.24494948860137
19.34257822799189,23.344687515604182,28.853315812456618,31.246825831704637,26.25512998250918,23.268280937899,25.73197417666772,28.712470242182913,28.497010856873025,31.9745558039662,23.77174627686539,30.92019500286287,27.956387926274196,29.92153821142909,25.371910198954904,29.465708148381662,31.98813231094444,26.127674970665492,22.923027858031453,22.71496050649509,29.850689128457393,31.269426732531585,25.116885298918767,33.20570173934784,26.531566977046815,25.19500054434306,29.698785933676284,28.782200697516473,30.577333230498176,23.881104275530227,25.8970149449868,29.0808048389103
13.56313484669494,19.249795282618972,18.768030825760704,17.6112224443252,21.756302296895726,11.845082568114947,8.70962097437328,10.094901004994284,12.988327057472407,16.13401372527986,15.125809491945182,12.32009111200824,13.781052458569201,15.016513680992787,17.89253845569281,24.68749984071036,26.131281282695028,10.67179197326522,18.324443944763797,15.20428126376399,23.41568360639724,13.437717835023168,19.644780949135598,21.078336503537678,27.90678273612025,23.37068714125752,24.522661214788247,14.799918793434125,24.616908736445914,18.772985409477975,16.556666817830056,16.369921492890917
-4.694788583818454,16.707450903066317,-0.054610313361610055,4.273327639116566,-0.49898786676579016,5.2897201583071585,-5.674487867446651,7.7915873961269515,-2.7270634593404255,14.700989348866994,9.078761717030648,-3.8307910181330493,-4.081574177102937,3.4878357315340476,6.498742496102341,11.005185819333393,6.822301092185962,-0.5273769613821915,6.13299699357686,5.6743819881755355,19.324337399305392,8.872092473247132,14.411415137870803,3.188802217062615,13.406694681282405,10.34759030577973,12.513429674587098,2.4218535850576157,3.297426367886877,15.809901184154045,3.733226867081122,1.6883120886657226
-16.254356365623675,2.4372438018787053,-17.26559553794963,-8.400718225503713,-12.850323375707834,-8.578797734942142,-15.486912844348973,-8.622204068060341,-11.230348176577392,-8.455691209111775,1.147907269794903,-10.108418425398494,-5.81131266675169,-14.61747436895523,-3.9327322878214908,2.7588620663957304,1.2490723810708426,-16.264339272515755,-0.6513253334851024,-2.0473927584228915,4.352623380709278,-7.8986254689260615,4.666659646479297,-4.724627959367201,8.567631637410921,3.183349207064789,-8.701989715282775,-14.01326871915234,-7.844618837030108,0.4382413385246822,-0.9237893633229748,-13.588148100158397
-17.64208724039625,-1.5813196340659825,-21.86819319377071,-20.76279635700441,-23.24311076389863,-15.78517879401446,-20.697786192853133,-16.626167850341158,-14.32719523197255,-16.468424590573576,-5.522163114415262,-14.544812588948007,-17.739457228461465,-22.297836929994773,-10.555384658518587,-2.726753561509621,-11.627169593035333,-26.575233719107718,-5.294177656771515,-8.990961631143515,-4.458957502494617,-20.479791999147267,-1.1137826644925126,-11.16131026877235,-2.2298309560328824,-4.45412065533198,-10.284849597347703,-18.661460794938193,-15.541834301811244,-7.095072445332328,-8.618581130317748,-12.900404957741628
-21.88591301014585,-12.672768571037667,-21.246673108605137,-25.280453337626803,-23.24377986555946,-25.401995732346503,-25.28804757085007,-23.40975619772799,-31.85575954732699,-19.147725730391766,-11.771950659721856,-14.993261621941508,-20.05373092166914,-23.105225233184576,-16.44569498741035,-16.268054783510802,-19.826581490964173,-23.421205200273658,-15.607161808137063,-15.994114052765726,-13.613664142359497,-23.23218511833975,-7.451519561978101,-13.470984636656699,-8.586670352732272,-12.667539615028465,-17.296467781987587,-22.937842973183244,-16.804135976398456,-14.917629912538501,-19.101038771604166,-25.564142363582683
-29.30435315474109,-23.912611378869446,-21.817758104947544,-28.74771323060415,-22.844283150398223,-30.75864659474742,-25.437036430256917,-28.75429294150925,-26.743386905427244,-22.627098972563083,-27.61939577624844,-25.27869453603357,-23.617892547771064,-23.67176633196294,-28.16544986871314,-26.362510543112293,-20.49654959133716,-24.455658092928566,-26.49351527903769,-29.511584564961385,-20.251212398320796,-28.41192005414518,-22.149552624434328,-23.242097519249786,-22.028464730190993,-24.830473658623013,-24.503099986295293,-25.95693971350948,-27.234540496986998,-25.661312301775236,-25.89157465962356,-20.063031825834077
-23.619050910053822,-25.621363459762648,-19.8050240115397,-28.979129272010947,-27.48946914212255,-31.908483921508548,-28.144314437265372,-30.5623640299691,-18.13470528126666,-25.823047786311577,-31.135041475413306,-32.51386801365968,-26.915569759529806,-19.330205998100542,-25.697742818878094,-35.87591028463547,-31.55288056978848,-20.148869039747293,-29.608944635011593,-35.294918084345106,-32.714665112025855,-26.626871260522602,-30.496153159758933,-28.29548210566341,-29.157003914098475,-34.943218297848084,-30.69287442508621,-23.484886882225528,-26.922973929799603,-30.981860830251627,-32.5868622664166,-26.583793698355272
-21.62150404497688,-29.251956303002643,-18.505768020012972,-22.532835687902928,-17.9020504390409,-22.151040344823322,-16.079177738934362,-17.677155362597183,-20.65460771700363,-26.68409849964632,-32.74352058462818,-24.109038239409067,-16.075805899449293,-19.228906786475463,-34.13843267745902,-25.980724688591874,-27.57205489669805,-17.86361424051058,-27.019433041695713,-30.568565086340172,-26.45211422697527,-17.18281281733728,-34.67640391159618,-24.06216399885127,-36.68764672410175,-23.100331320250916,-20.66099375870622,-12.367142133221172,-30.526195631222958,-28.88910359020231,-31.166699908916577,-28.476804321987736
-10.800456431672437,-22.840386158007377,-7.270406459825941,-15.688546502169183,-9.576636918454696,-7.156854348653625,-6.233832916946507,-5.612287868859463,-0.705691227293847,-16.768470778552548,-21.834531183409336,-9.491076893920608,-6.9271678204042875,-11.708497661341866,-17.507700932761164,-21.74179551628022,-20.12778107614356,-3.834304915260596,-11.459449371755856,-15.56556819769393,-28.16325561123887,-6.267719530099571,-20.39190067922447,-5.677083867597845,-26.45978991723021,-15.862828203264527,-15.086705447694138,-9.949934927178784,-13.79476615128431,-21.826683619706202,-24.9337366059264,-6.397482543629666
3.9147578760768167,-4.0859899888513,7.940210951676242,3.954242513308256,1.3294861431160432,5.707773779221783,8.468764165176154,8.795601100789138,14.80649903878823,-0.8157321631456507,-1.091316667406166,7.26631701406985,9.547507503883981,6.230383815035585,-1.8128689534928286,-3.8461873112125526,-0.5512636552307004,12.895242376836691,0.7696025343306585,-0.21346373758276957,-11.659056669439126,3.7227128173711264,-4.7410132837450485,0.8013175926173566,-9.784800464248809,-7.0167334167989495,0.25373784500095187,7.3996455615670165,4.7326934489433246,-6.4011392195676455,-9.197299319243227,13.337758841489082
18.76758585613287,8.651888232665762,20.802896342018915,10.770469489781439,25.84013671381979,17.579858538519545,24.93824236269523,28.193180622313832,20.39128676780732,14.85838880847836,10.958920345159559,19.183395673231242,23.160643925648507,20.98099143141651,16.425652693612992,9.97967445713377,9.47115114177025,23.223897137959767,20.393299251306402,20.480431883776305,2.2718149816038515,19.83536519845542,10.373450983065428,17.015097007529548,6.150562848486839,11.772042301047298,18.128586498090044,21.548185759694714,18.034601547919774,10.763686858370928,15.12469952263595,23.70611019933136
32.395271046223165,20.182763984381545,24.6203413743724,31.286235139956037,25.726107929867755,27.77565904260376,24.695116093526458,21.980338292093197,24.351307290110213,25.709725978615126,25.13213050450267,29.810249869590063,29.716080134776966,27.69392988530545,27.003732982584303,21.45645227849702,19.961906903882316,28.504194616605595,26.37029112311365,20.580508188177923,18.565394961936452,30.874420416155004,22.755471355328638,23.871569655172436,17.410649844757558,17.35034916036486,25.050137421536828,24.70610172630787,24.215802277018483,25.694008763100612,23.13731572334389,25.19833203378147
31.26052809713593,25.30361005671471,26.620782398821238,21.931555612775284,26.30416731591436,21.98865446837351,26.95231231341976,16.28784527114549,23.32924237308968,25.84195919518823,28.037878707992785,24.73463809013743,26.630315121139223,22.272647489643557,23.975721940121062,29.627731063039114,25.447381582702395,21.109517109695425,26.48992550338583,28.33234776425827,27.581948833651175,17.10348012437751,25.300460645869205,21.359323590732345,24.776303903956645,29.99581601550172,23.870805903756924,23.51598341742285,20.25644311900334,25.303236410104223,25.575532079973538,22.944506818795883
19.05223333259563,25.658612948860846,18.346392979732148,19.438815964644807,17.486677487779726,14.00236900040752,17.575696470235737,14.654533974863229,14.896644913170393,18.455672724763577,24.832642253443538,12.62983897666899,18.976584901690927,13.561329548690058,26.71826518046907,20.09789492845079,17.0088199903531,16.576667415906844,15.64645553110886,23.710140538770187,23.149136782491656,17.75507044297823,29.38756416142015,15.085311252451213,28.636221209442738,26.536645318159845,20.30676184126239,10.149941008063296,18.490342365137277,24.599605418197893,26.18840879743547,15.27688422634891
4.654777890817171,21.088007528744324,1.8687922622025699,0.4324792741431932,3.9687946447448943,0.03993029277995358,5.509126014464062,1.303686311365175,-1.789260535379902,9.025130428810382,17.63557145322228,6.434777176455967,4.442432149446852,0.7420960775049492,12.70181662179013,11.538043989358398,8.049966050756607,-0.6614061810520795,9.667665046289859,12.14751557260034,14.97687143836046,1.7612074930287094,17.238559304998557,5.8237388817209075,21.232075320052466,19.87991708478549,11.723520140315498,-1.0185972631309215,8.24380068817547,21.991425281649388,17.673781019640305,4.323039162870488
-6.972667984698579,12.244182725717836,-12.369943377350367,1.8198520901423534,-2.386723840173735,-4.7873437728206465,-5.744248006694858,-4.867422474807905,-3.414436481802337,-1.9707244273301507,9.67087653684645,-0.9591152514843649,-4.1354143101571115,-10.946411420150019,4.827708684198991,3.6755613666025813,-1.6755837562196183,-4.68627751923612,-2.9857962402553846,8.673318405078467,9.174092523881095,-9.16653161201358,11.849246823705977,-6.211005047964574,15.450756275717527,7.906092930982155,-3.2305657138506807,-8.514065080441725,-1.3351470852794307,8.225606334133694,9.719442970071892,-5.951356914360266
-6.033752347881584,8.375087095819108,-6.029961064389706,-11.19284307315903,-10.23947610862793,-7.981059822544742,-9.85791979678474,-12.72028393579642,-13.548704184262089,-10.152511005428146,-1.3549756954064311,-9.058078084660043,-12.480915504140286,-9.855673319008325,-1.0548511473055675,2.9845263991686246,-2.5158924621940453,-14.094771786745312,-7.501108519643878,-1.7849161770189779,0.5721378210633616,-12.986161671196017,2.484967478509468,-16.503063193841808,7.606097192547905,9.400883129917904,-5.332492157122291,-15.498926284494985,-8.175662410005282,3.6341865772945456,1.5097029108078948,-6.223293657186079
-14.315683536575971,-6.452707985333203,-12.368510111709854,-7.173430367615222,-18.138292378350116,-15.378691462738429,-18.474540485255027,-11.670229843073711,-12.692980709148253,-10.979459722475339,-3.972795282293325,-10.055644406375043,-14.638990811234684,-17.708893199741727,-3.4987564506421904,-10.22720468404388,-7.287407209534825,-14.537778068906427,-16.015330503197024,-6.954343271110418,-5.076337887765268,-14.215048873687696,-0.2652764562290949,-11.393933841717017,-0.7229267606299024,-7.520180547536752,-14.340635168455918,-12.355118287408848,-12.853411841379314,-6.8296029266707965,-4.231775145138075,-12.147418290757493
-14.901517587213041,-13.199550674482788,-17.988524119099285,-19.297224871042747,-16.408993254494884,-14.434176752309769,-10.15368856185906,-14.601209804991015,-7.296964861989228,-15.741144376779587,-11.583311100350187,-10.353168928103685,-14.08343991264736,-13.77026602888537,-20.22057673355453,-12.232704389681562,-12.523611051391855,-10.991381408528287,-18.342318368017562,-15.272364859909036,-13.155000651641423,-17.480337678799344,-15.947491691213534,-16.87950741844251,-7.758907620791685,-16.227890347454256,-17.745908019648873,-17.430708420181595,-16.969958819849694,-7.834462796079586,-17.474142442324375,-13.817685867594749
-16.707669453881884,-17.98800036453751,-10.501030756683386,-16.088601163799943,-18.89669185878283,-19.02112523774462,-16.117631775456502,-19.149578427182156,-10.3655306910532,-16.557213546390184,-22.902321518073034,-14.163582371169104,-16.929670615640788,-9.191358107911427,-19.481029417042258,-17.44404327162495,-17.310419594611638,-12.742910466255303,-16.84333994662956,-23.641433258358383,-19.329625212680455,-16.5682377378944,-21.11826842166038,-14.706493319925148,-22.742476984969024,-17.029533694407423,-18.17746975109079,-14.037686674242735,-20.728603222811795,-21.661132725750274,-21.866491069164802,-12.171198669892275
-12.346189325781857,-20.78388663465188,-8.703578715946037,-10.994898054010985,-12.687752905619385,-6.07551375387673,-8.681912000331199,-11.351447273997518,-1.966476045437896,-8.987490984355448,-21.31890185906893,-7.960112822274732,-14.77115613343408,-6.6216779200808515,-16.973531491545472,-18.184944496619867,-17.347983809294856,-4.985749123020487,-12.744611166165754,-16.242047673472534,-18.956521077069457,-9.14855370879485,-25.23728584419886,-11.184155451092286,-21.957922502363374,-21.419131653858372,-11.996422714935258,-6.728668102995371,-6.0219272663395715,-18.037808166871294,-16.490251757046064,-8.001756912902986
5.520100036807951,-15.07416838234201,4.448149300523915,-5.77859295554425,-0.4853911748487373,8.570268859413321,-2.194398309607349,5.588601902132486,6.9814327967573,-9.411647794312861,-8.827252624454555,2.4724882859876955,1.6627936593192163,2.3144231627190304,-10.456944467837694,0.2241047324563994,-5.056913788138247,6.252170923832319,-0.08881546278655568,-10.102036627532462,-14.62413960557035,3.765507492110664,-12.574438094243085,0.7564734756633978,-13.699456018371324,-13.969605885241391,-3.3939454373460034,7.0880391622474,-0.04157353752260069,-13.0362524318478,-11.836282983866043,1.9636135520599343
9.760549035033176,2.4521886075101147,12.406026161169942,8.589537182056914,15.20433695068557,19.680334206976173,4.360291909249032,20.529552441258303,12.273747730541045,7.066104079430166,-4.318670488150018,18.412446264883833,13.729594908076818,23.115942393654827,1.7549100445102002,10.056980984224332,4.518424892456635,13.859392298759085,15.893084014500312,3.0493680135492642,-3.3672276116212436,18.610167041875858,0.8059306610735568,18.061935399883428,-3.689727628119901,2.322086694597604,15.391861981476993,19.12883807392577,13.731058805141108,-0.8441449073861471,5.823180194067932,18.896038576525466
20.541239235678017,12.085185995903219,25.254052991015264,26.14813214741597,18.96298920581377,30.094868175389088,21.77344423981697,24.541184865118336,22.97711023606455,20.12882274049493,10.86391781772645,29.330409923595443,21.606967505878337,25.41643867785115,10.760586709306779,25.131263917960073,26.02104792131896,21.076456826666025,27.944999502514964,17.3778567637247,16.539862392384673,25.575266315415014,9.289848737137099,25.757421072367467,7.1728422294995084,8.22802589018087,18.48199888633311,26.027544500373416,28.553771828970966,19.758463667260028,22.589672942438657,22.553895049635578
24.76317784986464,19.15433383167643,25.50698228050784,25.607205308384025,24.70327539724409,25.136867477702644,19.835055052586817,25.608839745150032,21.461262383748725,29.485149299009514,24.24100033364137,31.977400103619345,21.804846066547178,30.448024279562816,19.691021693905803,27.664451372869568,29.67080516840291,25.18268062159808,25.344367018331774,20.071357728426957,26.938125089553587,33.75629148840015,23.981822777703364,31.04237062005504,21.381276219187665,19.15986738249604,24.0199159317452,23.444128948832123,31.18839467498708,17.772702772998898,23.701019159279987,25.06534559653585
17.582358471410135,19.545762559681506,24.590250213916875,24.27481115238146,19.31898489081861,17.561396113406136,17.212527467040598,20.86550496177805,17.14228436457209,22.104881627605405,22.983136764068618,21.238696144204546,23.2061540019673,22.695060918215315,18.810281114841782,19.955131583321663,23.6120074751937,17.82419555883404,21.520327823264243,24.92199637498839,26.827823887184238,16.633606339947093,24.20401779379022,19.77336165508474,26.52987128524804,21.019577370323148,21.849755056344048,22.10186436393426,11.092071063343733,19.71981091567661,16.53116667036686,17.20784111288912
0.07511140495913365,9.569524251530005,-0.43773957930447943,3.7877980809824665,8.174976229973979,3.576527980635071,6.057639059491297,9.846436553814408,1.4762704176052919,16.79978212802373,14.55724205874791,8.285698425170269,6.213175642884066,3.625861813605117,13.00437081264977,9.97827157668949,9.234124438212824,5.445013232234894,14.33782618341717,8.318123836848136,19.50976438950431,5.653600771990686,15.455924171582678,7.266482638084927,11.613877635642476,16.567981367930727,11.482934707043526,-1.098874023858015,8.753682880770175,16.113950838475112,10.608021455431176,5.019245233928364
-7.976451862165337,6.492105822239437,-6.312133087863533,-3.519027747326536,-6.702601149547309,-7.525328787759362,-10.761376673576024,-5.578764552631356,-9.36986155535996,-4.741063222548391,6.128031926885747,-9.80797201166115,-8.621477559692792,-6.885913953090282,-1.9184607558646005,5.676169907384249,3.3493927645141683,-12.965983544926779,0.7675987488921162,0.7481710261942359,8.975435311677135,-6.3274924400974015,8.539691480472161,-4.731232726232844,11.599673323814493,9.362417961133,2.737648231404364,-7.966198408447002,-3.0010400675806244,6.018136046518563,7.933253817806122,-4.77021727078251
-17.656000243357045,-4.25725353880169,-19.850924187585413,-19.458920846408354,-11.443131663975098,-13.564622370224125,-17.561642830629744,-16.83637769299713,-13.703823297376061,-11.719258325343112,1.9207126469358673,-15.626026135970786,-13.633530540226593,-11.798640447917125,-3.8137843833274165,-2.924789328667142,-8.07821893263447,-16.248675699184922,-7.516352795158426,-3.410573304010539,1.0949427757740353,-18.28818866676434,-4.030730999049721,-11.513743364852596,4.280475388452458,-7.474098732121771,-6.91325078679432,-20.66213909827547,-11.168336530644732,-0.743706776552174,-3.3862926884369844,-11.38348791917131
-16.941241985593198,-8.824778243784657,-22.637797496757535,-21.954508050070235,-18.428636307876392,-22.797565969484975,-25.511331629658862,-24.50196235866838,-21.22023859365975,-19.643201498669928,-13.039070733707044,-19.688158304871703,-22.39598271078398,-19.572611926893913,-18.890323124307585,-11.114239412168937,-14.030110099886334,-23.955822973951616,-16.32001158964107,-12.389255017105448,-13.037532784937987,-20.910236866979382,-9.63109608884614,-22.56983832281162,-5.756770097271639,-12.982823494107368,-24.635057731854445,-20.23583151845552,-18.054713647226652,-9.333974043437303,-11.415852364908597,-21.31125288153403
-21.893926362466516,-17.5911917952918,-32.166853804330636,-21.823729988047774,-15.485270146303764,-21.777144757540356,-23.742076963157842,-26.264687479525723,-24.311123165747787,-20.726511878795723,-18.793525368210158,-28.950863469732525,-24.655815582230662,-26.975629166561692,-20.158985334672934,-17.33196713703971,-19.368226714931456,-24.235294410475955,-23.269756971165126,-19.562794266634615,-18.486177105151505,-23.248832355498998,-18.05826546310678,-21.58469186871903,-10.46887362934812,-14.399615177152992,-25.09328999306829,-26.372065924751986,-21.411429061019316,-17.65097183633274,-18.96542176327332,-24.12701898466894
-22.67535172567923,-19.838362669510044,-24.082078457437664,-25.296646685856604,-24.937506769713664,-27.2683490896079,-18.936671255427584,-27.328790379395247,-19.98387131000802,-24.633066803614525,-24.653492924569544,-26.23563284461263,-20.849411854185313,-25.505532592284048,-22.756214425430976,-31.519767141893283,-30.458573197464982,-13.133121768338187,-29.52342626879308,-22.276586557070445,-29.756447960940704,-25.709412607993176,-23.967863858482485,-30.12933136994493,-24.73322885034303,-28.773055265655245,-24.50326789346664,-25.166733304335896,-30.54382860756075,-25.727169335426776,-21.81996094992267,-27.90268698054926
-25.08274579511187,-27.67495565008054,-24.489707318430632,-23.98802707583158,-25.18748534529003,-24.066869786460725,-22.849277101137144,-19.474645604178093,-17.578599817987566,-23.59039043209451,-25.706742002008816,-16.100716287029556,-26.30783529988273,-22.835109130114002,-25.117184970829374,-30.920632569447093,-25.96182073010341,-9.94324301428485,-23.93089175458984,-28.238723469743483,-37.41569743256716,-20.39409670939581,-25.349320840401973,-25.662465305803817,-24.33732753791704,-26.220955134956146,-28.863910757270464,-26.236791597229466,-22.144824538035735,-27.806497810762792,-27.386968558673598,-23.723977924915236
-8.445389289343357,-22.986499025327003,-15.323649079856583,-14.212855998110816,-16.59556920354316,-12.032778230037584,-8.372034354281748,-14.744690855054106,-2.000183354919463,-21.87832227363672,-25.375241613444317,-11.282905875661797,-9.96103798897174,-16.658489438015128,-20.025210378845816,-28.082580223284552,-19.961160639592375,-8.237261100104154,-17.639215082951385,-21.152564575985146,-30.108166637543,-18.156757722653552,-19.358650997748548,-17.530894385346603,-29.910063497487098,-25.821774170764744,-19.970018764935812,-17.81070161489257,-14.391035613219014,-24.32819407404093,-25.835485083124013,-15.855900649275918
-1.3967822996955384,-10.605943697111558,-1.9190166012872742,-4.998800671381031,-1.7700675504478502,7.863419957482394,-1.1151174958769625,5.022671802973825,9.89251061839438,-9.467718986787053,-11.186637293423077,-4.183613263812783,8.172810405796369,1.5765127881919407,-7.825828816610394,-9.633774293154751,-4.2544492573753,2.2670364092026145,-9.090612015199795,-0.4277552542227456,-20.1090234675939,0.1461588417445664,-14.139135269808264,-3.7871626202317774,-19.331617493184652,-8.330160183439657,-3.9275586258264505,5.782667062453527,-5.127765786040025,-15.90498398873459,-12.228627730701865,-4.435710912293162
21.035832289309404,4.345280236244288,20.967972246805953,13.809586256055303,15.841374395871542,19.669080828797707,16.96957932888641,19.09945847823528,19.40366382637677,9.4089339026023,4.0818449831036805,20.03083670379172,21.425945885854855,16.76016883985991,6.303284351950063,1.0887652968937576,3.470770612342877,22.958544983681062,8.529626876566002,11.986711374210884,-4.133835842462313,18.400843161229314,6.643037695601178,11.475042181898216,0.23444114758226997,8.522695314975454,9.946343173831423,20.5918044996119,8.249863460112692,4.306413097665832,10.150697542887947,17.193696946686547
38.59083508121419,18.26845132116417,26.92775315091215,32.33441642288717,30.109062882408047,32.06175844010493,30.91906459384457,23.037255210701886,34.57808716273827,26.855213832699178,21.834227683263467,31.13728282660783,34.24675336584288,26.656444323340214,23.447326864152302,21.90214724038032,14.538552577741992,29.202844919638945,19.5762156297148,25.776773732092124,15.58839605566508,24.20414323669741,18.599906047574628,27.172859531120945,16.031007346858104,27.747885144988814,21.073078921620795,27.12451388518373,25.150072119235684,16.175955555652006,20.269091567931397,23.57936714569222
29.882864818126517,29.968600468290465,28.703101920622206,32.64807717056443,35.1567204706409,33.47450499466601,30.626857548074522,26.555233238786307,28.210184976599685,27.451261590226174,27.902552874985755,26.40667778467725,28.403028385865408,27.897724506272475,34.49787028219972,24.89744823422654,28.245256474162012,38.12884486382009,22.99574436376703,28.119338710535224,26.208943087577477,30.667663222599238,25.090959968024382,23.674613536071867,20.891847123374266,37.397686319300554,29.70165536028382,32.69513782095143,28.6771463489624,26.101416422829313,24.9291507101451,28.81761403547769
20.7163365089852,33.78062530002828,22.361316316459,28.576924247210886,30.25020738348882,20.57980933635433,27.551274780199183,15.769569616384931,29.01960251243264,30.387932109784508,24.278706404309464,23.731638240794016,19.510690566956477,30.58205325249471,26.40590182443284,25.208574463669184,24.595197777849812,22.81222543532828,24.12919603716113,30.80580005536521,33.119884689853635,24.076145329952936,25.486836343697988,26.827483009865155,28.56256660579339,28.479340154753235,25.449102704333225,18.964932798939845,18.610955039201137,30.09962425811636,31.50211913670541,23.106995650568305
13.958725286084464,21.670180442358134,15.003061015464795,16.729297192461786,12.22050867364431,15.838165090867118,11.26268979445655,12.631591865369703,10.446715594469223,16.72935003242961,26.376441169712646,10.269785929046964,7.898416710744827,15.023239051490444,22.056473069253286,15.376089407852483,18.612646964491454,14.659913988926014,12.612926200052778,21.928019158062458,24.998149160746692,9.879630319705496,21.96930398421877,14.19906948248021,24.229864768448014,18.110316991232605,19.522860576343582,5.473732579224237,10.577469706706635,24.463715572195316,19.038330877183643,17.774450682483188
3.827542306406821,16.387322520803835,-2.6262398523063815,6.621180003304776,6.280209535558765,0.6549843252331887,6.658638350728281,0.9405554853025726,-2.4982970543010166,10.546395372663182,16.84468227725468,-1.3754556983929802,3.093991720857251,-4.285263210304024,10.4075588275346,10.632183763309376,4.925138040794199,-4.168570104774927,5.504781758044731,17.134599241370314,15.567985805798743,-2.4357874266396595,20.033232537477346,0.9704458659441572,17.597803696622275,14.28212574041319,0.4171722336896194,-3.531182294817871,1.5324143091798548,21.496144942810638,12.22787754213785,-1.1956447630622606
-4.667961278108173,9.973292614551925,-8.179666918128333,-2.575602874783715,2.6004592848753525,-6.157401522754102,-9.306256531469119,-7.20613317737167,-14.38506001264009,1.0368049670614503,7.723018704884149,-5.77839291133304,-9.001311438532326,-13.053670420218296,8.629993113470924,2.925400941629537,0.9156776763934805,-12.969177227235733,1.1441052474267452,5.984482813786253,2.934474415091588,-4.87070429383997,10.838389256838209,-4.775872441328039,6.736215553315708,8.157519408767001,-1.3361832108786866,-7.927316005862547,1.8398407518578357,8.48718088081023,5.031286506140771,-1.7946342405322357
-9.65408276657817,-1.1931061714522073,-15.09754069322366,-12.94325094048126,-10.397218917038263,-10.108259707460325,-17.249738863601745,-2.9636339516165306,-13.890189375882855,-9.51338130659948,0.9386193208540707,-10.996946374715433,-17.604300357204835,-8.612965401545052,-0.8657813550437952,-0.6108146952998341,-5.544062472650167,-13.157347124644275,-6.099515851830674,-6.478587304292195,-3.187476959871993,-14.649642419774835,0.24713349442015575,-8.570123227153948,-2.3877520116790536,3.29638700951829,-7.241152555146151,-11.433049390709899,-8.31773309819005,1.0944645760003187,-2.604416048478165,-8.28128967823041
-18.17768043093818,-5.594325235602809,-16.292403057703993,-14.605709230596277,-17.42959712447899,-16.43797844391242,-17.094486906135703,-10.659918129540058,-13.608970054251369,-10.116605028845495,-19.90643359189622,-11.075100530865061,-20.119234475292537,-12.984903408857312,-12.173372383096442,-10.812476976159315,-13.962903106415895,-20.37949128559874,-14.228621649904461,-7.594112863703428,-4.848373628408298,-17.489525859449344,-10.31733645336569,-13.012206227158993,-8.14679425185381,-16.048536415993514,-13.075660750098395,-15.09063846761207,-14.709371119496096,-11.028686865089723,-7.7895759476392925,-13.083324745411666
-20.17224403376789,-22.693466487123278,-18.704729472100862,-20.276960451930353,-16.519834098237073,-26.74645647794295,-21.420227235373353,-21.052583165145982,-14.450343984121368,-16.73207084286064,-24.508448616182918,-15.71175034226495,-20.693670207470223,-20.990099717812207,-21.756663839304913,-14.352785597427605,-13.207114136127167,-9.215326132423728,-22.455023950756974,-26.768003635435537,-14.078655683456482,-13.217262426382996,-24.236812016482514,-16.27287532584141,-13.417978106829729,-14.713323410326474,-15.78066361902853,-17.269045961765155,-14.027591566453264,-15.447162405797155,-19.3808818596882,-14.243769713931183
-13.960581485765776,-25.231076793435324,-14.502765539722319,-21.775222101031495,-15.637229306839293,-17.077636525171915,-19.255664087751448,-13.552949233065597,-10.17226046390449,-14.26119829075968,-26.57833289445842,-13.880787890194018,-16.446239284755848,-15.618170450868568,-26.93716874910987,-19.62758532190601,-18.033007230492718,-10.59777525008862,-19.61428015330087,-24.824755515343483,-18.563424769538305,-9.1069897162311,-26.575174460197378,-10.667005836496386,-26.386353333400365,-28.85287193639613,-18.646035920839385,-13.067526787394133,-20.906267668080456,-25.604462853102525,-22.950950773814508,-14.075626756558925
-13.022785921835991,-28.983160371825424,-11.444391353813893,-7.920755113049013,-11.961236346064366,-7.500564484394193,-10.326369093499991,-5.6261514563329165,-8.062562176617742,-14.505164362866518,-18.920377748988745,-5.654122807603042,-9.294478974920056,-3.3696431384459906,-20.073580853466332,-19.860494158227628,-16.15952868676973,-3.074048063311603,-15.873944854254754,-15.577657635055942,-17.612800640178055,-8.058374137805899,-22.49188679520164,-5.872066442500701,-20.892121822592383,-20.10120300514327,-13.237473037507698,-5.398208256584271,-7.984522461821018,-22.10270859398625,-20.674350120284796,-7.814055530340378
-1.9114441130895137,-17.147275386027182,3.7850685764582206,-3.36409084425613,-0.6714070667514008,4.225121184078773,5.340712859416476,8.32367500386701,2.6008367594946105,-3.020420094156279,-14.981017626293484,4.927639621825114,-4.381633562732468,9.291808731836461,-9.445635868235527,-6.5206400583955,-1.8235472226265543,4.529046903215557,2.1482622595696497,-11.02159831541957,-12.891216018034859,-1.2976371050496813,-9.354916247954847,5.708073454312845,-12.651026107153212,-10.863718410246967,0.33021349482404105,10.532338468679766,1.4826120920883736,-13.548215631091454,-6.1473025057234825,12.264345884778365
14.948348635492607,2.8595326715825062,17.22808826153004,9.260520669535582,11.751912800880634,18.266999226742087,14.703184671454487,21.012073710002408,14.505089421344655,11.198814114076438,3.500840330697331,20.27661079945793,16.028906519736992,20.531900560094037,3.1538899112002214,12.652645014883003,12.589090107113469,12.976570615884011,13.985932646979434,7.601956996808935,2.938447759542467,16.449767318655798,-0.8675910618491551,19.01678199169201,-3.4016342000007076,3.137904454225552,11.712497859552899,16.314731045387525,22.189792182760563,0.6574191951860346,4.642774072277497,19.169413788295532
